"module_id","track","strand","sequence","module_title","learning_objective","difficulty","prerequisite","source_locator","rights_status","review_status","video_need","speaker_domain"
"QUR-001","Quran","Surah 1","1","Al-Fatiha / Аль-Фатиха: Каноническая карта","Ученик сможет находить границы суры и аяты по устойчивому локатору, не смешивая арабский текст с переводом; рабочий диапазон 1:1-7.","Beginner 1","Базовая диагностика Muslingo","Tanzil Quran Text v1.1 1:1-7 (https://tanzil.net/docs/download); Quran Foundation chapter/verses API, chapter 1 (https://api-docs.quran.com/docs/api-reference/); перевод/тафсир не выбран","Tanzil Quran Text: CC BY 3.0, verbatim only, attribution/link/notice required. Quran Foundation and each translation/tafsir/audio resource remain subject to current API and source-specific terms. Muslingo pedagogy must be original.","Planned, not publication-approved: canonical text checksum, edition-specific translation/tafsir rights, Islamic meaning review, qualified reciter/audio rights and accessibility QA required.","Не требуется; статическая схема","Редактор Корана и специалист по доступности"
"QUR-002","Quran","Surah 1","2","Al-Fatiha / Аль-Фатиха: Аудиокарта","Ученик сможет следить за последовательностью аятов по человеческой записи и возвращаться к точному месту после паузы; рабочий диапазон 1:1-7.","Beginner 1","QUR-001","Tanzil Quran Text v1.1 1:1-7 (https://tanzil.net/docs/download); Quran Foundation chapter/verses API, chapter 1 (https://api-docs.quran.com/docs/api-reference/); перевод/тафсир не выбран","Tanzil Quran Text: CC BY 3.0, verbatim only, attribution/link/notice required. Quran Foundation and each translation/tafsir/audio resource remain subject to current API and source-specific terms. Muslingo pedagogy must be original.","Planned, not publication-approved: canonical text checksum, edition-specific translation/tafsir rights, Islamic meaning review, qualified reciter/audio rights and accessibility QA required.","Не требуется; нужен лицензированный звук","Квалифицированный кари, Hafs an Asim"
"QUR-003","Quran","Surah 1","3","Al-Fatiha / Аль-Фатиха: Карта слов","Ученик сможет узнавать выбранные после лингвистической проверки слова в тексте и аудио без догадки по длине ответа; рабочий диапазон 1:1-7.","Beginner 2","QUR-002","Tanzil Quran Text v1.1 1:1-7 (https://tanzil.net/docs/download); Quran Foundation chapter/verses API, chapter 1 (https://api-docs.quran.com/docs/api-reference/); перевод/тафсир не выбран","Tanzil Quran Text: CC BY 3.0, verbatim only, attribution/link/notice required. Quran Foundation and each translation/tafsir/audio resource remain subject to current API and source-specific terms. Muslingo pedagogy must be original.","Planned, not publication-approved: canonical text checksum, edition-specific translation/tafsir rights, Islamic meaning review, qualified reciter/audio rights and accessibility QA required.","Опционально: короткая анимация сегментации","Преподаватель Quranic Arabic и кари"
"QUR-004","Quran","Surah 1","4","Al-Fatiha / Аль-Фатиха: Последовательность смысла","Ученик сможет восстанавливать только утверждённую редактором смысловую последовательность суры с указанием издания перевода; рабочий диапазон 1:1-7.","Intermediate 1","QUR-003","Tanzil Quran Text v1.1 1:1-7 (https://tanzil.net/docs/download); Quran Foundation chapter/verses API, chapter 1 (https://api-docs.quran.com/docs/api-reference/); перевод/тафсир не выбран","Tanzil Quran Text: CC BY 3.0, verbatim only, attribution/link/notice required. Quran Foundation and each translation/tafsir/audio resource remain subject to current API and source-specific terms. Muslingo pedagogy must be original.","Planned, not publication-approved: canonical text checksum, edition-specific translation/tafsir rights, Islamic meaning review, qualified reciter/audio rights and accessibility QA required.","Рекомендуется: объяснение редактора 2-4 мин","Исламский редактор с заявленной областью компетенции"
"QUR-005","Quran","Surah 1","5","Al-Fatiha / Аль-Фатиха: Цепочка хифза","Ученик сможет воспроизводить аяты по частям и целиком со скрытым текстом, отдельно измеряя порядок слов и качество чтения; рабочий диапазон 1:1-7.","Intermediate 1","QUR-004","Tanzil Quran Text v1.1 1:1-7 (https://tanzil.net/docs/download); Quran Foundation chapter/verses API, chapter 1 (https://api-docs.quran.com/docs/api-reference/); перевод/тафсир не выбран","Tanzil Quran Text: CC BY 3.0, verbatim only, attribution/link/notice required. Quran Foundation and each translation/tafsir/audio resource remain subject to current API and source-specific terms. Muslingo pedagogy must be original.","Planned, not publication-approved: canonical text checksum, edition-specific translation/tafsir rights, Islamic meaning review, qualified reciter/audio rights and accessibility QA required.","Не требуется; нужен A/B-аудиорежим","Кари и преподаватель хифза"
"QUR-006","Quran","Surah 1","6","Al-Fatiha / Аль-Фатиха: Отложенное мастерство","Ученик сможет через интервальную паузу показать чтение, продолжение, базовое понимание и воспроизведение без подсказки; рабочий диапазон 1:1-7.","Intermediate 2","QUR-005","Tanzil Quran Text v1.1 1:1-7 (https://tanzil.net/docs/download); Quran Foundation chapter/verses API, chapter 1 (https://api-docs.quran.com/docs/api-reference/); перевод/тафсир не выбран","Tanzil Quran Text: CC BY 3.0, verbatim only, attribution/link/notice required. Quran Foundation and each translation/tafsir/audio resource remain subject to current API and source-specific terms. Muslingo pedagogy must be original.","Planned, not publication-approved: canonical text checksum, edition-specific translation/tafsir rights, Islamic meaning review, qualified reciter/audio rights and accessibility QA required.","Опционально: итоговая обратная связь","Кари, исламский редактор и методист"
"QUR-007","Quran","Surah 91","7","Ash-Shams / Аш-Шамс: Каноническая карта","Ученик сможет находить границы суры и аяты по устойчивому локатору, не смешивая арабский текст с переводом; рабочий диапазон 91:1-15.","Beginner 1","Базовая диагностика Muslingo","Tanzil Quran Text v1.1 91:1-15 (https://tanzil.net/docs/download); Quran Foundation chapter/verses API, chapter 91 (https://api-docs.quran.com/docs/api-reference/); перевод/тафсир не выбран","Tanzil Quran Text: CC BY 3.0, verbatim only, attribution/link/notice required. Quran Foundation and each translation/tafsir/audio resource remain subject to current API and source-specific terms. Muslingo pedagogy must be original.","Planned, not publication-approved: canonical text checksum, edition-specific translation/tafsir rights, Islamic meaning review, qualified reciter/audio rights and accessibility QA required.","Не требуется; статическая схема","Редактор Корана и специалист по доступности"
"QUR-008","Quran","Surah 91","8","Ash-Shams / Аш-Шамс: Аудиокарта","Ученик сможет следить за последовательностью аятов по человеческой записи и возвращаться к точному месту после паузы; рабочий диапазон 91:1-15.","Beginner 1","QUR-007","Tanzil Quran Text v1.1 91:1-15 (https://tanzil.net/docs/download); Quran Foundation chapter/verses API, chapter 91 (https://api-docs.quran.com/docs/api-reference/); перевод/тафсир не выбран","Tanzil Quran Text: CC BY 3.0, verbatim only, attribution/link/notice required. Quran Foundation and each translation/tafsir/audio resource remain subject to current API and source-specific terms. Muslingo pedagogy must be original.","Planned, not publication-approved: canonical text checksum, edition-specific translation/tafsir rights, Islamic meaning review, qualified reciter/audio rights and accessibility QA required.","Не требуется; нужен лицензированный звук","Квалифицированный кари, Hafs an Asim"
"QUR-009","Quran","Surah 91","9","Ash-Shams / Аш-Шамс: Карта слов","Ученик сможет узнавать выбранные после лингвистической проверки слова в тексте и аудио без догадки по длине ответа; рабочий диапазон 91:1-15.","Beginner 2","QUR-008","Tanzil Quran Text v1.1 91:1-15 (https://tanzil.net/docs/download); Quran Foundation chapter/verses API, chapter 91 (https://api-docs.quran.com/docs/api-reference/); перевод/тафсир не выбран","Tanzil Quran Text: CC BY 3.0, verbatim only, attribution/link/notice required. Quran Foundation and each translation/tafsir/audio resource remain subject to current API and source-specific terms. Muslingo pedagogy must be original.","Planned, not publication-approved: canonical text checksum, edition-specific translation/tafsir rights, Islamic meaning review, qualified reciter/audio rights and accessibility QA required.","Опционально: короткая анимация сегментации","Преподаватель Quranic Arabic и кари"
"QUR-010","Quran","Surah 91","10","Ash-Shams / Аш-Шамс: Последовательность смысла","Ученик сможет восстанавливать только утверждённую редактором смысловую последовательность суры с указанием издания перевода; рабочий диапазон 91:1-15.","Intermediate 1","QUR-009","Tanzil Quran Text v1.1 91:1-15 (https://tanzil.net/docs/download); Quran Foundation chapter/verses API, chapter 91 (https://api-docs.quran.com/docs/api-reference/); перевод/тафсир не выбран","Tanzil Quran Text: CC BY 3.0, verbatim only, attribution/link/notice required. Quran Foundation and each translation/tafsir/audio resource remain subject to current API and source-specific terms. Muslingo pedagogy must be original.","Planned, not publication-approved: canonical text checksum, edition-specific translation/tafsir rights, Islamic meaning review, qualified reciter/audio rights and accessibility QA required.","Рекомендуется: объяснение редактора 2-4 мин","Исламский редактор с заявленной областью компетенции"
"QUR-011","Quran","Surah 91","11","Ash-Shams / Аш-Шамс: Цепочка хифза","Ученик сможет воспроизводить аяты по частям и целиком со скрытым текстом, отдельно измеряя порядок слов и качество чтения; рабочий диапазон 91:1-15.","Intermediate 1","QUR-010","Tanzil Quran Text v1.1 91:1-15 (https://tanzil.net/docs/download); Quran Foundation chapter/verses API, chapter 91 (https://api-docs.quran.com/docs/api-reference/); перевод/тафсир не выбран","Tanzil Quran Text: CC BY 3.0, verbatim only, attribution/link/notice required. Quran Foundation and each translation/tafsir/audio resource remain subject to current API and source-specific terms. Muslingo pedagogy must be original.","Planned, not publication-approved: canonical text checksum, edition-specific translation/tafsir rights, Islamic meaning review, qualified reciter/audio rights and accessibility QA required.","Не требуется; нужен A/B-аудиорежим","Кари и преподаватель хифза"
"QUR-012","Quran","Surah 91","12","Ash-Shams / Аш-Шамс: Отложенное мастерство","Ученик сможет через интервальную паузу показать чтение, продолжение, базовое понимание и воспроизведение без подсказки; рабочий диапазон 91:1-15.","Intermediate 2","QUR-011","Tanzil Quran Text v1.1 91:1-15 (https://tanzil.net/docs/download); Quran Foundation chapter/verses API, chapter 91 (https://api-docs.quran.com/docs/api-reference/); перевод/тафсир не выбран","Tanzil Quran Text: CC BY 3.0, verbatim only, attribution/link/notice required. Quran Foundation and each translation/tafsir/audio resource remain subject to current API and source-specific terms. Muslingo pedagogy must be original.","Planned, not publication-approved: canonical text checksum, edition-specific translation/tafsir rights, Islamic meaning review, qualified reciter/audio rights and accessibility QA required.","Опционально: итоговая обратная связь","Кари, исламский редактор и методист"
"QUR-013","Quran","Surah 92","13","Al-Layl / Аль-Ляйль: Каноническая карта","Ученик сможет находить границы суры и аяты по устойчивому локатору, не смешивая арабский текст с переводом; рабочий диапазон 92:1-21.","Beginner 1","Базовая диагностика Muslingo","Tanzil Quran Text v1.1 92:1-21 (https://tanzil.net/docs/download); Quran Foundation chapter/verses API, chapter 92 (https://api-docs.quran.com/docs/api-reference/); перевод/тафсир не выбран","Tanzil Quran Text: CC BY 3.0, verbatim only, attribution/link/notice required. Quran Foundation and each translation/tafsir/audio resource remain subject to current API and source-specific terms. Muslingo pedagogy must be original.","Planned, not publication-approved: canonical text checksum, edition-specific translation/tafsir rights, Islamic meaning review, qualified reciter/audio rights and accessibility QA required.","Не требуется; статическая схема","Редактор Корана и специалист по доступности"
"QUR-014","Quran","Surah 92","14","Al-Layl / Аль-Ляйль: Аудиокарта","Ученик сможет следить за последовательностью аятов по человеческой записи и возвращаться к точному месту после паузы; рабочий диапазон 92:1-21.","Beginner 1","QUR-013","Tanzil Quran Text v1.1 92:1-21 (https://tanzil.net/docs/download); Quran Foundation chapter/verses API, chapter 92 (https://api-docs.quran.com/docs/api-reference/); перевод/тафсир не выбран","Tanzil Quran Text: CC BY 3.0, verbatim only, attribution/link/notice required. Quran Foundation and each translation/tafsir/audio resource remain subject to current API and source-specific terms. Muslingo pedagogy must be original.","Planned, not publication-approved: canonical text checksum, edition-specific translation/tafsir rights, Islamic meaning review, qualified reciter/audio rights and accessibility QA required.","Не требуется; нужен лицензированный звук","Квалифицированный кари, Hafs an Asim"
"QUR-015","Quran","Surah 92","15","Al-Layl / Аль-Ляйль: Карта слов","Ученик сможет узнавать выбранные после лингвистической проверки слова в тексте и аудио без догадки по длине ответа; рабочий диапазон 92:1-21.","Beginner 2","QUR-014","Tanzil Quran Text v1.1 92:1-21 (https://tanzil.net/docs/download); Quran Foundation chapter/verses API, chapter 92 (https://api-docs.quran.com/docs/api-reference/); перевод/тафсир не выбран","Tanzil Quran Text: CC BY 3.0, verbatim only, attribution/link/notice required. Quran Foundation and each translation/tafsir/audio resource remain subject to current API and source-specific terms. Muslingo pedagogy must be original.","Planned, not publication-approved: canonical text checksum, edition-specific translation/tafsir rights, Islamic meaning review, qualified reciter/audio rights and accessibility QA required.","Опционально: короткая анимация сегментации","Преподаватель Quranic Arabic и кари"
"QUR-016","Quran","Surah 92","16","Al-Layl / Аль-Ляйль: Последовательность смысла","Ученик сможет восстанавливать только утверждённую редактором смысловую последовательность суры с указанием издания перевода; рабочий диапазон 92:1-21.","Intermediate 1","QUR-015","Tanzil Quran Text v1.1 92:1-21 (https://tanzil.net/docs/download); Quran Foundation chapter/verses API, chapter 92 (https://api-docs.quran.com/docs/api-reference/); перевод/тафсир не выбран","Tanzil Quran Text: CC BY 3.0, verbatim only, attribution/link/notice required. Quran Foundation and each translation/tafsir/audio resource remain subject to current API and source-specific terms. Muslingo pedagogy must be original.","Planned, not publication-approved: canonical text checksum, edition-specific translation/tafsir rights, Islamic meaning review, qualified reciter/audio rights and accessibility QA required.","Рекомендуется: объяснение редактора 2-4 мин","Исламский редактор с заявленной областью компетенции"
"QUR-017","Quran","Surah 92","17","Al-Layl / Аль-Ляйль: Цепочка хифза","Ученик сможет воспроизводить аяты по частям и целиком со скрытым текстом, отдельно измеряя порядок слов и качество чтения; рабочий диапазон 92:1-21.","Intermediate 1","QUR-016","Tanzil Quran Text v1.1 92:1-21 (https://tanzil.net/docs/download); Quran Foundation chapter/verses API, chapter 92 (https://api-docs.quran.com/docs/api-reference/); перевод/тафсир не выбран","Tanzil Quran Text: CC BY 3.0, verbatim only, attribution/link/notice required. Quran Foundation and each translation/tafsir/audio resource remain subject to current API and source-specific terms. Muslingo pedagogy must be original.","Planned, not publication-approved: canonical text checksum, edition-specific translation/tafsir rights, Islamic meaning review, qualified reciter/audio rights and accessibility QA required.","Не требуется; нужен A/B-аудиорежим","Кари и преподаватель хифза"
"QUR-018","Quran","Surah 92","18","Al-Layl / Аль-Ляйль: Отложенное мастерство","Ученик сможет через интервальную паузу показать чтение, продолжение, базовое понимание и воспроизведение без подсказки; рабочий диапазон 92:1-21.","Intermediate 2","QUR-017","Tanzil Quran Text v1.1 92:1-21 (https://tanzil.net/docs/download); Quran Foundation chapter/verses API, chapter 92 (https://api-docs.quran.com/docs/api-reference/); перевод/тафсир не выбран","Tanzil Quran Text: CC BY 3.0, verbatim only, attribution/link/notice required. Quran Foundation and each translation/tafsir/audio resource remain subject to current API and source-specific terms. Muslingo pedagogy must be original.","Planned, not publication-approved: canonical text checksum, edition-specific translation/tafsir rights, Islamic meaning review, qualified reciter/audio rights and accessibility QA required.","Опционально: итоговая обратная связь","Кари, исламский редактор и методист"
"QUR-019","Quran","Surah 93","19","Ad-Duha / Ад-Духа: Каноническая карта","Ученик сможет находить границы суры и аяты по устойчивому локатору, не смешивая арабский текст с переводом; рабочий диапазон 93:1-11.","Beginner 1","Базовая диагностика Muslingo","Tanzil Quran Text v1.1 93:1-11 (https://tanzil.net/docs/download); Quran Foundation chapter/verses API, chapter 93 (https://api-docs.quran.com/docs/api-reference/); перевод/тафсир не выбран","Tanzil Quran Text: CC BY 3.0, verbatim only, attribution/link/notice required. Quran Foundation and each translation/tafsir/audio resource remain subject to current API and source-specific terms. Muslingo pedagogy must be original.","Planned, not publication-approved: canonical text checksum, edition-specific translation/tafsir rights, Islamic meaning review, qualified reciter/audio rights and accessibility QA required.","Не требуется; статическая схема","Редактор Корана и специалист по доступности"
"QUR-020","Quran","Surah 93","20","Ad-Duha / Ад-Духа: Аудиокарта","Ученик сможет следить за последовательностью аятов по человеческой записи и возвращаться к точному месту после паузы; рабочий диапазон 93:1-11.","Beginner 1","QUR-019","Tanzil Quran Text v1.1 93:1-11 (https://tanzil.net/docs/download); Quran Foundation chapter/verses API, chapter 93 (https://api-docs.quran.com/docs/api-reference/); перевод/тафсир не выбран","Tanzil Quran Text: CC BY 3.0, verbatim only, attribution/link/notice required. Quran Foundation and each translation/tafsir/audio resource remain subject to current API and source-specific terms. Muslingo pedagogy must be original.","Planned, not publication-approved: canonical text checksum, edition-specific translation/tafsir rights, Islamic meaning review, qualified reciter/audio rights and accessibility QA required.","Не требуется; нужен лицензированный звук","Квалифицированный кари, Hafs an Asim"
"QUR-021","Quran","Surah 93","21","Ad-Duha / Ад-Духа: Карта слов","Ученик сможет узнавать выбранные после лингвистической проверки слова в тексте и аудио без догадки по длине ответа; рабочий диапазон 93:1-11.","Beginner 2","QUR-020","Tanzil Quran Text v1.1 93:1-11 (https://tanzil.net/docs/download); Quran Foundation chapter/verses API, chapter 93 (https://api-docs.quran.com/docs/api-reference/); перевод/тафсир не выбран","Tanzil Quran Text: CC BY 3.0, verbatim only, attribution/link/notice required. Quran Foundation and each translation/tafsir/audio resource remain subject to current API and source-specific terms. Muslingo pedagogy must be original.","Planned, not publication-approved: canonical text checksum, edition-specific translation/tafsir rights, Islamic meaning review, qualified reciter/audio rights and accessibility QA required.","Опционально: короткая анимация сегментации","Преподаватель Quranic Arabic и кари"
"QUR-022","Quran","Surah 93","22","Ad-Duha / Ад-Духа: Последовательность смысла","Ученик сможет восстанавливать только утверждённую редактором смысловую последовательность суры с указанием издания перевода; рабочий диапазон 93:1-11.","Intermediate 1","QUR-021","Tanzil Quran Text v1.1 93:1-11 (https://tanzil.net/docs/download); Quran Foundation chapter/verses API, chapter 93 (https://api-docs.quran.com/docs/api-reference/); перевод/тафсир не выбран","Tanzil Quran Text: CC BY 3.0, verbatim only, attribution/link/notice required. Quran Foundation and each translation/tafsir/audio resource remain subject to current API and source-specific terms. Muslingo pedagogy must be original.","Planned, not publication-approved: canonical text checksum, edition-specific translation/tafsir rights, Islamic meaning review, qualified reciter/audio rights and accessibility QA required.","Рекомендуется: объяснение редактора 2-4 мин","Исламский редактор с заявленной областью компетенции"
"QUR-023","Quran","Surah 93","23","Ad-Duha / Ад-Духа: Цепочка хифза","Ученик сможет воспроизводить аяты по частям и целиком со скрытым текстом, отдельно измеряя порядок слов и качество чтения; рабочий диапазон 93:1-11.","Intermediate 1","QUR-022","Tanzil Quran Text v1.1 93:1-11 (https://tanzil.net/docs/download); Quran Foundation chapter/verses API, chapter 93 (https://api-docs.quran.com/docs/api-reference/); перевод/тафсир не выбран","Tanzil Quran Text: CC BY 3.0, verbatim only, attribution/link/notice required. Quran Foundation and each translation/tafsir/audio resource remain subject to current API and source-specific terms. Muslingo pedagogy must be original.","Planned, not publication-approved: canonical text checksum, edition-specific translation/tafsir rights, Islamic meaning review, qualified reciter/audio rights and accessibility QA required.","Не требуется; нужен A/B-аудиорежим","Кари и преподаватель хифза"
"QUR-024","Quran","Surah 93","24","Ad-Duha / Ад-Духа: Отложенное мастерство","Ученик сможет через интервальную паузу показать чтение, продолжение, базовое понимание и воспроизведение без подсказки; рабочий диапазон 93:1-11.","Intermediate 2","QUR-023","Tanzil Quran Text v1.1 93:1-11 (https://tanzil.net/docs/download); Quran Foundation chapter/verses API, chapter 93 (https://api-docs.quran.com/docs/api-reference/); перевод/тафсир не выбран","Tanzil Quran Text: CC BY 3.0, verbatim only, attribution/link/notice required. Quran Foundation and each translation/tafsir/audio resource remain subject to current API and source-specific terms. Muslingo pedagogy must be original.","Planned, not publication-approved: canonical text checksum, edition-specific translation/tafsir rights, Islamic meaning review, qualified reciter/audio rights and accessibility QA required.","Опционально: итоговая обратная связь","Кари, исламский редактор и методист"
"QUR-025","Quran","Surah 94","25","Ash-Sharh / Аш-Шарх: Каноническая карта","Ученик сможет находить границы суры и аяты по устойчивому локатору, не смешивая арабский текст с переводом; рабочий диапазон 94:1-8.","Beginner 1","Базовая диагностика Muslingo","Tanzil Quran Text v1.1 94:1-8 (https://tanzil.net/docs/download); Quran Foundation chapter/verses API, chapter 94 (https://api-docs.quran.com/docs/api-reference/); перевод/тафсир не выбран","Tanzil Quran Text: CC BY 3.0, verbatim only, attribution/link/notice required. Quran Foundation and each translation/tafsir/audio resource remain subject to current API and source-specific terms. Muslingo pedagogy must be original.","Planned, not publication-approved: canonical text checksum, edition-specific translation/tafsir rights, Islamic meaning review, qualified reciter/audio rights and accessibility QA required.","Не требуется; статическая схема","Редактор Корана и специалист по доступности"
"QUR-026","Quran","Surah 94","26","Ash-Sharh / Аш-Шарх: Аудиокарта","Ученик сможет следить за последовательностью аятов по человеческой записи и возвращаться к точному месту после паузы; рабочий диапазон 94:1-8.","Beginner 1","QUR-025","Tanzil Quran Text v1.1 94:1-8 (https://tanzil.net/docs/download); Quran Foundation chapter/verses API, chapter 94 (https://api-docs.quran.com/docs/api-reference/); перевод/тафсир не выбран","Tanzil Quran Text: CC BY 3.0, verbatim only, attribution/link/notice required. Quran Foundation and each translation/tafsir/audio resource remain subject to current API and source-specific terms. Muslingo pedagogy must be original.","Planned, not publication-approved: canonical text checksum, edition-specific translation/tafsir rights, Islamic meaning review, qualified reciter/audio rights and accessibility QA required.","Не требуется; нужен лицензированный звук","Квалифицированный кари, Hafs an Asim"
"QUR-027","Quran","Surah 94","27","Ash-Sharh / Аш-Шарх: Карта слов","Ученик сможет узнавать выбранные после лингвистической проверки слова в тексте и аудио без догадки по длине ответа; рабочий диапазон 94:1-8.","Beginner 2","QUR-026","Tanzil Quran Text v1.1 94:1-8 (https://tanzil.net/docs/download); Quran Foundation chapter/verses API, chapter 94 (https://api-docs.quran.com/docs/api-reference/); перевод/тафсир не выбран","Tanzil Quran Text: CC BY 3.0, verbatim only, attribution/link/notice required. Quran Foundation and each translation/tafsir/audio resource remain subject to current API and source-specific terms. Muslingo pedagogy must be original.","Planned, not publication-approved: canonical text checksum, edition-specific translation/tafsir rights, Islamic meaning review, qualified reciter/audio rights and accessibility QA required.","Опционально: короткая анимация сегментации","Преподаватель Quranic Arabic и кари"
"QUR-028","Quran","Surah 94","28","Ash-Sharh / Аш-Шарх: Последовательность смысла","Ученик сможет восстанавливать только утверждённую редактором смысловую последовательность суры с указанием издания перевода; рабочий диапазон 94:1-8.","Intermediate 1","QUR-027","Tanzil Quran Text v1.1 94:1-8 (https://tanzil.net/docs/download); Quran Foundation chapter/verses API, chapter 94 (https://api-docs.quran.com/docs/api-reference/); перевод/тафсир не выбран","Tanzil Quran Text: CC BY 3.0, verbatim only, attribution/link/notice required. Quran Foundation and each translation/tafsir/audio resource remain subject to current API and source-specific terms. Muslingo pedagogy must be original.","Planned, not publication-approved: canonical text checksum, edition-specific translation/tafsir rights, Islamic meaning review, qualified reciter/audio rights and accessibility QA required.","Рекомендуется: объяснение редактора 2-4 мин","Исламский редактор с заявленной областью компетенции"
"QUR-029","Quran","Surah 94","29","Ash-Sharh / Аш-Шарх: Цепочка хифза","Ученик сможет воспроизводить аяты по частям и целиком со скрытым текстом, отдельно измеряя порядок слов и качество чтения; рабочий диапазон 94:1-8.","Intermediate 1","QUR-028","Tanzil Quran Text v1.1 94:1-8 (https://tanzil.net/docs/download); Quran Foundation chapter/verses API, chapter 94 (https://api-docs.quran.com/docs/api-reference/); перевод/тафсир не выбран","Tanzil Quran Text: CC BY 3.0, verbatim only, attribution/link/notice required. Quran Foundation and each translation/tafsir/audio resource remain subject to current API and source-specific terms. Muslingo pedagogy must be original.","Planned, not publication-approved: canonical text checksum, edition-specific translation/tafsir rights, Islamic meaning review, qualified reciter/audio rights and accessibility QA required.","Не требуется; нужен A/B-аудиорежим","Кари и преподаватель хифза"
"QUR-030","Quran","Surah 94","30","Ash-Sharh / Аш-Шарх: Отложенное мастерство","Ученик сможет через интервальную паузу показать чтение, продолжение, базовое понимание и воспроизведение без подсказки; рабочий диапазон 94:1-8.","Intermediate 2","QUR-029","Tanzil Quran Text v1.1 94:1-8 (https://tanzil.net/docs/download); Quran Foundation chapter/verses API, chapter 94 (https://api-docs.quran.com/docs/api-reference/); перевод/тафсир не выбран","Tanzil Quran Text: CC BY 3.0, verbatim only, attribution/link/notice required. Quran Foundation and each translation/tafsir/audio resource remain subject to current API and source-specific terms. Muslingo pedagogy must be original.","Planned, not publication-approved: canonical text checksum, edition-specific translation/tafsir rights, Islamic meaning review, qualified reciter/audio rights and accessibility QA required.","Опционально: итоговая обратная связь","Кари, исламский редактор и методист"
"QUR-031","Quran","Surah 95","31","At-Tin / Ат-Тин: Каноническая карта","Ученик сможет находить границы суры и аяты по устойчивому локатору, не смешивая арабский текст с переводом; рабочий диапазон 95:1-8.","Beginner 1","Базовая диагностика Muslingo","Tanzil Quran Text v1.1 95:1-8 (https://tanzil.net/docs/download); Quran Foundation chapter/verses API, chapter 95 (https://api-docs.quran.com/docs/api-reference/); перевод/тафсир не выбран","Tanzil Quran Text: CC BY 3.0, verbatim only, attribution/link/notice required. Quran Foundation and each translation/tafsir/audio resource remain subject to current API and source-specific terms. Muslingo pedagogy must be original.","Planned, not publication-approved: canonical text checksum, edition-specific translation/tafsir rights, Islamic meaning review, qualified reciter/audio rights and accessibility QA required.","Не требуется; статическая схема","Редактор Корана и специалист по доступности"
"QUR-032","Quran","Surah 95","32","At-Tin / Ат-Тин: Аудиокарта","Ученик сможет следить за последовательностью аятов по человеческой записи и возвращаться к точному месту после паузы; рабочий диапазон 95:1-8.","Beginner 1","QUR-031","Tanzil Quran Text v1.1 95:1-8 (https://tanzil.net/docs/download); Quran Foundation chapter/verses API, chapter 95 (https://api-docs.quran.com/docs/api-reference/); перевод/тафсир не выбран","Tanzil Quran Text: CC BY 3.0, verbatim only, attribution/link/notice required. Quran Foundation and each translation/tafsir/audio resource remain subject to current API and source-specific terms. Muslingo pedagogy must be original.","Planned, not publication-approved: canonical text checksum, edition-specific translation/tafsir rights, Islamic meaning review, qualified reciter/audio rights and accessibility QA required.","Не требуется; нужен лицензированный звук","Квалифицированный кари, Hafs an Asim"
"QUR-033","Quran","Surah 95","33","At-Tin / Ат-Тин: Карта слов","Ученик сможет узнавать выбранные после лингвистической проверки слова в тексте и аудио без догадки по длине ответа; рабочий диапазон 95:1-8.","Beginner 2","QUR-032","Tanzil Quran Text v1.1 95:1-8 (https://tanzil.net/docs/download); Quran Foundation chapter/verses API, chapter 95 (https://api-docs.quran.com/docs/api-reference/); перевод/тафсир не выбран","Tanzil Quran Text: CC BY 3.0, verbatim only, attribution/link/notice required. Quran Foundation and each translation/tafsir/audio resource remain subject to current API and source-specific terms. Muslingo pedagogy must be original.","Planned, not publication-approved: canonical text checksum, edition-specific translation/tafsir rights, Islamic meaning review, qualified reciter/audio rights and accessibility QA required.","Опционально: короткая анимация сегментации","Преподаватель Quranic Arabic и кари"
"QUR-034","Quran","Surah 95","34","At-Tin / Ат-Тин: Последовательность смысла","Ученик сможет восстанавливать только утверждённую редактором смысловую последовательность суры с указанием издания перевода; рабочий диапазон 95:1-8.","Intermediate 1","QUR-033","Tanzil Quran Text v1.1 95:1-8 (https://tanzil.net/docs/download); Quran Foundation chapter/verses API, chapter 95 (https://api-docs.quran.com/docs/api-reference/); перевод/тафсир не выбран","Tanzil Quran Text: CC BY 3.0, verbatim only, attribution/link/notice required. Quran Foundation and each translation/tafsir/audio resource remain subject to current API and source-specific terms. Muslingo pedagogy must be original.","Planned, not publication-approved: canonical text checksum, edition-specific translation/tafsir rights, Islamic meaning review, qualified reciter/audio rights and accessibility QA required.","Рекомендуется: объяснение редактора 2-4 мин","Исламский редактор с заявленной областью компетенции"
"QUR-035","Quran","Surah 95","35","At-Tin / Ат-Тин: Цепочка хифза","Ученик сможет воспроизводить аяты по частям и целиком со скрытым текстом, отдельно измеряя порядок слов и качество чтения; рабочий диапазон 95:1-8.","Intermediate 1","QUR-034","Tanzil Quran Text v1.1 95:1-8 (https://tanzil.net/docs/download); Quran Foundation chapter/verses API, chapter 95 (https://api-docs.quran.com/docs/api-reference/); перевод/тафсир не выбран","Tanzil Quran Text: CC BY 3.0, verbatim only, attribution/link/notice required. Quran Foundation and each translation/tafsir/audio resource remain subject to current API and source-specific terms. Muslingo pedagogy must be original.","Planned, not publication-approved: canonical text checksum, edition-specific translation/tafsir rights, Islamic meaning review, qualified reciter/audio rights and accessibility QA required.","Не требуется; нужен A/B-аудиорежим","Кари и преподаватель хифза"
"QUR-036","Quran","Surah 95","36","At-Tin / Ат-Тин: Отложенное мастерство","Ученик сможет через интервальную паузу показать чтение, продолжение, базовое понимание и воспроизведение без подсказки; рабочий диапазон 95:1-8.","Intermediate 2","QUR-035","Tanzil Quran Text v1.1 95:1-8 (https://tanzil.net/docs/download); Quran Foundation chapter/verses API, chapter 95 (https://api-docs.quran.com/docs/api-reference/); перевод/тафсир не выбран","Tanzil Quran Text: CC BY 3.0, verbatim only, attribution/link/notice required. Quran Foundation and each translation/tafsir/audio resource remain subject to current API and source-specific terms. Muslingo pedagogy must be original.","Planned, not publication-approved: canonical text checksum, edition-specific translation/tafsir rights, Islamic meaning review, qualified reciter/audio rights and accessibility QA required.","Опционально: итоговая обратная связь","Кари, исламский редактор и методист"
"QUR-037","Quran","Surah 96","37","Al-Alaq / Аль-Аляк: Каноническая карта","Ученик сможет находить границы суры и аяты по устойчивому локатору, не смешивая арабский текст с переводом; рабочий диапазон 96:1-19.","Beginner 1","Базовая диагностика Muslingo","Tanzil Quran Text v1.1 96:1-19 (https://tanzil.net/docs/download); Quran Foundation chapter/verses API, chapter 96 (https://api-docs.quran.com/docs/api-reference/); перевод/тафсир не выбран","Tanzil Quran Text: CC BY 3.0, verbatim only, attribution/link/notice required. Quran Foundation and each translation/tafsir/audio resource remain subject to current API and source-specific terms. Muslingo pedagogy must be original.","Planned, not publication-approved: canonical text checksum, edition-specific translation/tafsir rights, Islamic meaning review, qualified reciter/audio rights and accessibility QA required.","Не требуется; статическая схема","Редактор Корана и специалист по доступности"
"QUR-038","Quran","Surah 96","38","Al-Alaq / Аль-Аляк: Аудиокарта","Ученик сможет следить за последовательностью аятов по человеческой записи и возвращаться к точному месту после паузы; рабочий диапазон 96:1-19.","Beginner 1","QUR-037","Tanzil Quran Text v1.1 96:1-19 (https://tanzil.net/docs/download); Quran Foundation chapter/verses API, chapter 96 (https://api-docs.quran.com/docs/api-reference/); перевод/тафсир не выбран","Tanzil Quran Text: CC BY 3.0, verbatim only, attribution/link/notice required. Quran Foundation and each translation/tafsir/audio resource remain subject to current API and source-specific terms. Muslingo pedagogy must be original.","Planned, not publication-approved: canonical text checksum, edition-specific translation/tafsir rights, Islamic meaning review, qualified reciter/audio rights and accessibility QA required.","Не требуется; нужен лицензированный звук","Квалифицированный кари, Hafs an Asim"
"QUR-039","Quran","Surah 96","39","Al-Alaq / Аль-Аляк: Карта слов","Ученик сможет узнавать выбранные после лингвистической проверки слова в тексте и аудио без догадки по длине ответа; рабочий диапазон 96:1-19.","Beginner 2","QUR-038","Tanzil Quran Text v1.1 96:1-19 (https://tanzil.net/docs/download); Quran Foundation chapter/verses API, chapter 96 (https://api-docs.quran.com/docs/api-reference/); перевод/тафсир не выбран","Tanzil Quran Text: CC BY 3.0, verbatim only, attribution/link/notice required. Quran Foundation and each translation/tafsir/audio resource remain subject to current API and source-specific terms. Muslingo pedagogy must be original.","Planned, not publication-approved: canonical text checksum, edition-specific translation/tafsir rights, Islamic meaning review, qualified reciter/audio rights and accessibility QA required.","Опционально: короткая анимация сегментации","Преподаватель Quranic Arabic и кари"
"QUR-040","Quran","Surah 96","40","Al-Alaq / Аль-Аляк: Последовательность смысла","Ученик сможет восстанавливать только утверждённую редактором смысловую последовательность суры с указанием издания перевода; рабочий диапазон 96:1-19.","Intermediate 1","QUR-039","Tanzil Quran Text v1.1 96:1-19 (https://tanzil.net/docs/download); Quran Foundation chapter/verses API, chapter 96 (https://api-docs.quran.com/docs/api-reference/); перевод/тафсир не выбран","Tanzil Quran Text: CC BY 3.0, verbatim only, attribution/link/notice required. Quran Foundation and each translation/tafsir/audio resource remain subject to current API and source-specific terms. Muslingo pedagogy must be original.","Planned, not publication-approved: canonical text checksum, edition-specific translation/tafsir rights, Islamic meaning review, qualified reciter/audio rights and accessibility QA required.","Рекомендуется: объяснение редактора 2-4 мин","Исламский редактор с заявленной областью компетенции"
"QUR-041","Quran","Surah 96","41","Al-Alaq / Аль-Аляк: Цепочка хифза","Ученик сможет воспроизводить аяты по частям и целиком со скрытым текстом, отдельно измеряя порядок слов и качество чтения; рабочий диапазон 96:1-19.","Intermediate 1","QUR-040","Tanzil Quran Text v1.1 96:1-19 (https://tanzil.net/docs/download); Quran Foundation chapter/verses API, chapter 96 (https://api-docs.quran.com/docs/api-reference/); перевод/тафсир не выбран","Tanzil Quran Text: CC BY 3.0, verbatim only, attribution/link/notice required. Quran Foundation and each translation/tafsir/audio resource remain subject to current API and source-specific terms. Muslingo pedagogy must be original.","Planned, not publication-approved: canonical text checksum, edition-specific translation/tafsir rights, Islamic meaning review, qualified reciter/audio rights and accessibility QA required.","Не требуется; нужен A/B-аудиорежим","Кари и преподаватель хифза"
"QUR-042","Quran","Surah 96","42","Al-Alaq / Аль-Аляк: Отложенное мастерство","Ученик сможет через интервальную паузу показать чтение, продолжение, базовое понимание и воспроизведение без подсказки; рабочий диапазон 96:1-19.","Intermediate 2","QUR-041","Tanzil Quran Text v1.1 96:1-19 (https://tanzil.net/docs/download); Quran Foundation chapter/verses API, chapter 96 (https://api-docs.quran.com/docs/api-reference/); перевод/тафсир не выбран","Tanzil Quran Text: CC BY 3.0, verbatim only, attribution/link/notice required. Quran Foundation and each translation/tafsir/audio resource remain subject to current API and source-specific terms. Muslingo pedagogy must be original.","Planned, not publication-approved: canonical text checksum, edition-specific translation/tafsir rights, Islamic meaning review, qualified reciter/audio rights and accessibility QA required.","Опционально: итоговая обратная связь","Кари, исламский редактор и методист"
"QUR-043","Quran","Surah 97","43","Al-Qadr / Аль-Кадр: Каноническая карта","Ученик сможет находить границы суры и аяты по устойчивому локатору, не смешивая арабский текст с переводом; рабочий диапазон 97:1-5.","Beginner 1","Базовая диагностика Muslingo","Tanzil Quran Text v1.1 97:1-5 (https://tanzil.net/docs/download); Quran Foundation chapter/verses API, chapter 97 (https://api-docs.quran.com/docs/api-reference/); перевод/тафсир не выбран","Tanzil Quran Text: CC BY 3.0, verbatim only, attribution/link/notice required. Quran Foundation and each translation/tafsir/audio resource remain subject to current API and source-specific terms. Muslingo pedagogy must be original.","Planned, not publication-approved: canonical text checksum, edition-specific translation/tafsir rights, Islamic meaning review, qualified reciter/audio rights and accessibility QA required.","Не требуется; статическая схема","Редактор Корана и специалист по доступности"
"QUR-044","Quran","Surah 97","44","Al-Qadr / Аль-Кадр: Аудиокарта","Ученик сможет следить за последовательностью аятов по человеческой записи и возвращаться к точному месту после паузы; рабочий диапазон 97:1-5.","Beginner 1","QUR-043","Tanzil Quran Text v1.1 97:1-5 (https://tanzil.net/docs/download); Quran Foundation chapter/verses API, chapter 97 (https://api-docs.quran.com/docs/api-reference/); перевод/тафсир не выбран","Tanzil Quran Text: CC BY 3.0, verbatim only, attribution/link/notice required. Quran Foundation and each translation/tafsir/audio resource remain subject to current API and source-specific terms. Muslingo pedagogy must be original.","Planned, not publication-approved: canonical text checksum, edition-specific translation/tafsir rights, Islamic meaning review, qualified reciter/audio rights and accessibility QA required.","Не требуется; нужен лицензированный звук","Квалифицированный кари, Hafs an Asim"
"QUR-045","Quran","Surah 97","45","Al-Qadr / Аль-Кадр: Карта слов","Ученик сможет узнавать выбранные после лингвистической проверки слова в тексте и аудио без догадки по длине ответа; рабочий диапазон 97:1-5.","Beginner 2","QUR-044","Tanzil Quran Text v1.1 97:1-5 (https://tanzil.net/docs/download); Quran Foundation chapter/verses API, chapter 97 (https://api-docs.quran.com/docs/api-reference/); перевод/тафсир не выбран","Tanzil Quran Text: CC BY 3.0, verbatim only, attribution/link/notice required. Quran Foundation and each translation/tafsir/audio resource remain subject to current API and source-specific terms. Muslingo pedagogy must be original.","Planned, not publication-approved: canonical text checksum, edition-specific translation/tafsir rights, Islamic meaning review, qualified reciter/audio rights and accessibility QA required.","Опционально: короткая анимация сегментации","Преподаватель Quranic Arabic и кари"
"QUR-046","Quran","Surah 97","46","Al-Qadr / Аль-Кадр: Последовательность смысла","Ученик сможет восстанавливать только утверждённую редактором смысловую последовательность суры с указанием издания перевода; рабочий диапазон 97:1-5.","Intermediate 1","QUR-045","Tanzil Quran Text v1.1 97:1-5 (https://tanzil.net/docs/download); Quran Foundation chapter/verses API, chapter 97 (https://api-docs.quran.com/docs/api-reference/); перевод/тафсир не выбран","Tanzil Quran Text: CC BY 3.0, verbatim only, attribution/link/notice required. Quran Foundation and each translation/tafsir/audio resource remain subject to current API and source-specific terms. Muslingo pedagogy must be original.","Planned, not publication-approved: canonical text checksum, edition-specific translation/tafsir rights, Islamic meaning review, qualified reciter/audio rights and accessibility QA required.","Рекомендуется: объяснение редактора 2-4 мин","Исламский редактор с заявленной областью компетенции"
"QUR-047","Quran","Surah 97","47","Al-Qadr / Аль-Кадр: Цепочка хифза","Ученик сможет воспроизводить аяты по частям и целиком со скрытым текстом, отдельно измеряя порядок слов и качество чтения; рабочий диапазон 97:1-5.","Intermediate 1","QUR-046","Tanzil Quran Text v1.1 97:1-5 (https://tanzil.net/docs/download); Quran Foundation chapter/verses API, chapter 97 (https://api-docs.quran.com/docs/api-reference/); перевод/тафсир не выбран","Tanzil Quran Text: CC BY 3.0, verbatim only, attribution/link/notice required. Quran Foundation and each translation/tafsir/audio resource remain subject to current API and source-specific terms. Muslingo pedagogy must be original.","Planned, not publication-approved: canonical text checksum, edition-specific translation/tafsir rights, Islamic meaning review, qualified reciter/audio rights and accessibility QA required.","Не требуется; нужен A/B-аудиорежим","Кари и преподаватель хифза"
"QUR-048","Quran","Surah 97","48","Al-Qadr / Аль-Кадр: Отложенное мастерство","Ученик сможет через интервальную паузу показать чтение, продолжение, базовое понимание и воспроизведение без подсказки; рабочий диапазон 97:1-5.","Intermediate 2","QUR-047","Tanzil Quran Text v1.1 97:1-5 (https://tanzil.net/docs/download); Quran Foundation chapter/verses API, chapter 97 (https://api-docs.quran.com/docs/api-reference/); перевод/тафсир не выбран","Tanzil Quran Text: CC BY 3.0, verbatim only, attribution/link/notice required. Quran Foundation and each translation/tafsir/audio resource remain subject to current API and source-specific terms. Muslingo pedagogy must be original.","Planned, not publication-approved: canonical text checksum, edition-specific translation/tafsir rights, Islamic meaning review, qualified reciter/audio rights and accessibility QA required.","Опционально: итоговая обратная связь","Кари, исламский редактор и методист"
"QUR-049","Quran","Surah 98","49","Al-Bayyinah / Аль-Баййина: Каноническая карта","Ученик сможет находить границы суры и аяты по устойчивому локатору, не смешивая арабский текст с переводом; рабочий диапазон 98:1-8.","Beginner 1","Базовая диагностика Muslingo","Tanzil Quran Text v1.1 98:1-8 (https://tanzil.net/docs/download); Quran Foundation chapter/verses API, chapter 98 (https://api-docs.quran.com/docs/api-reference/); перевод/тафсир не выбран","Tanzil Quran Text: CC BY 3.0, verbatim only, attribution/link/notice required. Quran Foundation and each translation/tafsir/audio resource remain subject to current API and source-specific terms. Muslingo pedagogy must be original.","Planned, not publication-approved: canonical text checksum, edition-specific translation/tafsir rights, Islamic meaning review, qualified reciter/audio rights and accessibility QA required.","Не требуется; статическая схема","Редактор Корана и специалист по доступности"
"QUR-050","Quran","Surah 98","50","Al-Bayyinah / Аль-Баййина: Аудиокарта","Ученик сможет следить за последовательностью аятов по человеческой записи и возвращаться к точному месту после паузы; рабочий диапазон 98:1-8.","Beginner 1","QUR-049","Tanzil Quran Text v1.1 98:1-8 (https://tanzil.net/docs/download); Quran Foundation chapter/verses API, chapter 98 (https://api-docs.quran.com/docs/api-reference/); перевод/тафсир не выбран","Tanzil Quran Text: CC BY 3.0, verbatim only, attribution/link/notice required. Quran Foundation and each translation/tafsir/audio resource remain subject to current API and source-specific terms. Muslingo pedagogy must be original.","Planned, not publication-approved: canonical text checksum, edition-specific translation/tafsir rights, Islamic meaning review, qualified reciter/audio rights and accessibility QA required.","Не требуется; нужен лицензированный звук","Квалифицированный кари, Hafs an Asim"
"QUR-051","Quran","Surah 98","51","Al-Bayyinah / Аль-Баййина: Карта слов","Ученик сможет узнавать выбранные после лингвистической проверки слова в тексте и аудио без догадки по длине ответа; рабочий диапазон 98:1-8.","Beginner 2","QUR-050","Tanzil Quran Text v1.1 98:1-8 (https://tanzil.net/docs/download); Quran Foundation chapter/verses API, chapter 98 (https://api-docs.quran.com/docs/api-reference/); перевод/тафсир не выбран","Tanzil Quran Text: CC BY 3.0, verbatim only, attribution/link/notice required. Quran Foundation and each translation/tafsir/audio resource remain subject to current API and source-specific terms. Muslingo pedagogy must be original.","Planned, not publication-approved: canonical text checksum, edition-specific translation/tafsir rights, Islamic meaning review, qualified reciter/audio rights and accessibility QA required.","Опционально: короткая анимация сегментации","Преподаватель Quranic Arabic и кари"
"QUR-052","Quran","Surah 98","52","Al-Bayyinah / Аль-Баййина: Последовательность смысла","Ученик сможет восстанавливать только утверждённую редактором смысловую последовательность суры с указанием издания перевода; рабочий диапазон 98:1-8.","Intermediate 1","QUR-051","Tanzil Quran Text v1.1 98:1-8 (https://tanzil.net/docs/download); Quran Foundation chapter/verses API, chapter 98 (https://api-docs.quran.com/docs/api-reference/); перевод/тафсир не выбран","Tanzil Quran Text: CC BY 3.0, verbatim only, attribution/link/notice required. Quran Foundation and each translation/tafsir/audio resource remain subject to current API and source-specific terms. Muslingo pedagogy must be original.","Planned, not publication-approved: canonical text checksum, edition-specific translation/tafsir rights, Islamic meaning review, qualified reciter/audio rights and accessibility QA required.","Рекомендуется: объяснение редактора 2-4 мин","Исламский редактор с заявленной областью компетенции"
"QUR-053","Quran","Surah 98","53","Al-Bayyinah / Аль-Баййина: Цепочка хифза","Ученик сможет воспроизводить аяты по частям и целиком со скрытым текстом, отдельно измеряя порядок слов и качество чтения; рабочий диапазон 98:1-8.","Intermediate 1","QUR-052","Tanzil Quran Text v1.1 98:1-8 (https://tanzil.net/docs/download); Quran Foundation chapter/verses API, chapter 98 (https://api-docs.quran.com/docs/api-reference/); перевод/тафсир не выбран","Tanzil Quran Text: CC BY 3.0, verbatim only, attribution/link/notice required. Quran Foundation and each translation/tafsir/audio resource remain subject to current API and source-specific terms. Muslingo pedagogy must be original.","Planned, not publication-approved: canonical text checksum, edition-specific translation/tafsir rights, Islamic meaning review, qualified reciter/audio rights and accessibility QA required.","Не требуется; нужен A/B-аудиорежим","Кари и преподаватель хифза"
"QUR-054","Quran","Surah 98","54","Al-Bayyinah / Аль-Баййина: Отложенное мастерство","Ученик сможет через интервальную паузу показать чтение, продолжение, базовое понимание и воспроизведение без подсказки; рабочий диапазон 98:1-8.","Intermediate 2","QUR-053","Tanzil Quran Text v1.1 98:1-8 (https://tanzil.net/docs/download); Quran Foundation chapter/verses API, chapter 98 (https://api-docs.quran.com/docs/api-reference/); перевод/тафсир не выбран","Tanzil Quran Text: CC BY 3.0, verbatim only, attribution/link/notice required. Quran Foundation and each translation/tafsir/audio resource remain subject to current API and source-specific terms. Muslingo pedagogy must be original.","Planned, not publication-approved: canonical text checksum, edition-specific translation/tafsir rights, Islamic meaning review, qualified reciter/audio rights and accessibility QA required.","Опционально: итоговая обратная связь","Кари, исламский редактор и методист"
"QUR-055","Quran","Surah 99","55","Az-Zalzalah / Аз-Зальзаля: Каноническая карта","Ученик сможет находить границы суры и аяты по устойчивому локатору, не смешивая арабский текст с переводом; рабочий диапазон 99:1-8.","Beginner 1","Базовая диагностика Muslingo","Tanzil Quran Text v1.1 99:1-8 (https://tanzil.net/docs/download); Quran Foundation chapter/verses API, chapter 99 (https://api-docs.quran.com/docs/api-reference/); перевод/тафсир не выбран","Tanzil Quran Text: CC BY 3.0, verbatim only, attribution/link/notice required. Quran Foundation and each translation/tafsir/audio resource remain subject to current API and source-specific terms. Muslingo pedagogy must be original.","Planned, not publication-approved: canonical text checksum, edition-specific translation/tafsir rights, Islamic meaning review, qualified reciter/audio rights and accessibility QA required.","Не требуется; статическая схема","Редактор Корана и специалист по доступности"
"QUR-056","Quran","Surah 99","56","Az-Zalzalah / Аз-Зальзаля: Аудиокарта","Ученик сможет следить за последовательностью аятов по человеческой записи и возвращаться к точному месту после паузы; рабочий диапазон 99:1-8.","Beginner 1","QUR-055","Tanzil Quran Text v1.1 99:1-8 (https://tanzil.net/docs/download); Quran Foundation chapter/verses API, chapter 99 (https://api-docs.quran.com/docs/api-reference/); перевод/тафсир не выбран","Tanzil Quran Text: CC BY 3.0, verbatim only, attribution/link/notice required. Quran Foundation and each translation/tafsir/audio resource remain subject to current API and source-specific terms. Muslingo pedagogy must be original.","Planned, not publication-approved: canonical text checksum, edition-specific translation/tafsir rights, Islamic meaning review, qualified reciter/audio rights and accessibility QA required.","Не требуется; нужен лицензированный звук","Квалифицированный кари, Hafs an Asim"
"QUR-057","Quran","Surah 99","57","Az-Zalzalah / Аз-Зальзаля: Карта слов","Ученик сможет узнавать выбранные после лингвистической проверки слова в тексте и аудио без догадки по длине ответа; рабочий диапазон 99:1-8.","Beginner 2","QUR-056","Tanzil Quran Text v1.1 99:1-8 (https://tanzil.net/docs/download); Quran Foundation chapter/verses API, chapter 99 (https://api-docs.quran.com/docs/api-reference/); перевод/тафсир не выбран","Tanzil Quran Text: CC BY 3.0, verbatim only, attribution/link/notice required. Quran Foundation and each translation/tafsir/audio resource remain subject to current API and source-specific terms. Muslingo pedagogy must be original.","Planned, not publication-approved: canonical text checksum, edition-specific translation/tafsir rights, Islamic meaning review, qualified reciter/audio rights and accessibility QA required.","Опционально: короткая анимация сегментации","Преподаватель Quranic Arabic и кари"
"QUR-058","Quran","Surah 99","58","Az-Zalzalah / Аз-Зальзаля: Последовательность смысла","Ученик сможет восстанавливать только утверждённую редактором смысловую последовательность суры с указанием издания перевода; рабочий диапазон 99:1-8.","Intermediate 1","QUR-057","Tanzil Quran Text v1.1 99:1-8 (https://tanzil.net/docs/download); Quran Foundation chapter/verses API, chapter 99 (https://api-docs.quran.com/docs/api-reference/); перевод/тафсир не выбран","Tanzil Quran Text: CC BY 3.0, verbatim only, attribution/link/notice required. Quran Foundation and each translation/tafsir/audio resource remain subject to current API and source-specific terms. Muslingo pedagogy must be original.","Planned, not publication-approved: canonical text checksum, edition-specific translation/tafsir rights, Islamic meaning review, qualified reciter/audio rights and accessibility QA required.","Рекомендуется: объяснение редактора 2-4 мин","Исламский редактор с заявленной областью компетенции"
"QUR-059","Quran","Surah 99","59","Az-Zalzalah / Аз-Зальзаля: Цепочка хифза","Ученик сможет воспроизводить аяты по частям и целиком со скрытым текстом, отдельно измеряя порядок слов и качество чтения; рабочий диапазон 99:1-8.","Intermediate 1","QUR-058","Tanzil Quran Text v1.1 99:1-8 (https://tanzil.net/docs/download); Quran Foundation chapter/verses API, chapter 99 (https://api-docs.quran.com/docs/api-reference/); перевод/тафсир не выбран","Tanzil Quran Text: CC BY 3.0, verbatim only, attribution/link/notice required. Quran Foundation and each translation/tafsir/audio resource remain subject to current API and source-specific terms. Muslingo pedagogy must be original.","Planned, not publication-approved: canonical text checksum, edition-specific translation/tafsir rights, Islamic meaning review, qualified reciter/audio rights and accessibility QA required.","Не требуется; нужен A/B-аудиорежим","Кари и преподаватель хифза"
"QUR-060","Quran","Surah 99","60","Az-Zalzalah / Аз-Зальзаля: Отложенное мастерство","Ученик сможет через интервальную паузу показать чтение, продолжение, базовое понимание и воспроизведение без подсказки; рабочий диапазон 99:1-8.","Intermediate 2","QUR-059","Tanzil Quran Text v1.1 99:1-8 (https://tanzil.net/docs/download); Quran Foundation chapter/verses API, chapter 99 (https://api-docs.quran.com/docs/api-reference/); перевод/тафсир не выбран","Tanzil Quran Text: CC BY 3.0, verbatim only, attribution/link/notice required. Quran Foundation and each translation/tafsir/audio resource remain subject to current API and source-specific terms. Muslingo pedagogy must be original.","Planned, not publication-approved: canonical text checksum, edition-specific translation/tafsir rights, Islamic meaning review, qualified reciter/audio rights and accessibility QA required.","Опционально: итоговая обратная связь","Кари, исламский редактор и методист"
"QUR-061","Quran","Surah 100","61","Al-Adiyat / Аль-Адият: Каноническая карта","Ученик сможет находить границы суры и аяты по устойчивому локатору, не смешивая арабский текст с переводом; рабочий диапазон 100:1-11.","Beginner 1","Базовая диагностика Muslingo","Tanzil Quran Text v1.1 100:1-11 (https://tanzil.net/docs/download); Quran Foundation chapter/verses API, chapter 100 (https://api-docs.quran.com/docs/api-reference/); перевод/тафсир не выбран","Tanzil Quran Text: CC BY 3.0, verbatim only, attribution/link/notice required. Quran Foundation and each translation/tafsir/audio resource remain subject to current API and source-specific terms. Muslingo pedagogy must be original.","Planned, not publication-approved: canonical text checksum, edition-specific translation/tafsir rights, Islamic meaning review, qualified reciter/audio rights and accessibility QA required.","Не требуется; статическая схема","Редактор Корана и специалист по доступности"
"QUR-062","Quran","Surah 100","62","Al-Adiyat / Аль-Адият: Аудиокарта","Ученик сможет следить за последовательностью аятов по человеческой записи и возвращаться к точному месту после паузы; рабочий диапазон 100:1-11.","Beginner 1","QUR-061","Tanzil Quran Text v1.1 100:1-11 (https://tanzil.net/docs/download); Quran Foundation chapter/verses API, chapter 100 (https://api-docs.quran.com/docs/api-reference/); перевод/тафсир не выбран","Tanzil Quran Text: CC BY 3.0, verbatim only, attribution/link/notice required. Quran Foundation and each translation/tafsir/audio resource remain subject to current API and source-specific terms. Muslingo pedagogy must be original.","Planned, not publication-approved: canonical text checksum, edition-specific translation/tafsir rights, Islamic meaning review, qualified reciter/audio rights and accessibility QA required.","Не требуется; нужен лицензированный звук","Квалифицированный кари, Hafs an Asim"
"QUR-063","Quran","Surah 100","63","Al-Adiyat / Аль-Адият: Карта слов","Ученик сможет узнавать выбранные после лингвистической проверки слова в тексте и аудио без догадки по длине ответа; рабочий диапазон 100:1-11.","Beginner 2","QUR-062","Tanzil Quran Text v1.1 100:1-11 (https://tanzil.net/docs/download); Quran Foundation chapter/verses API, chapter 100 (https://api-docs.quran.com/docs/api-reference/); перевод/тафсир не выбран","Tanzil Quran Text: CC BY 3.0, verbatim only, attribution/link/notice required. Quran Foundation and each translation/tafsir/audio resource remain subject to current API and source-specific terms. Muslingo pedagogy must be original.","Planned, not publication-approved: canonical text checksum, edition-specific translation/tafsir rights, Islamic meaning review, qualified reciter/audio rights and accessibility QA required.","Опционально: короткая анимация сегментации","Преподаватель Quranic Arabic и кари"
"QUR-064","Quran","Surah 100","64","Al-Adiyat / Аль-Адият: Последовательность смысла","Ученик сможет восстанавливать только утверждённую редактором смысловую последовательность суры с указанием издания перевода; рабочий диапазон 100:1-11.","Intermediate 1","QUR-063","Tanzil Quran Text v1.1 100:1-11 (https://tanzil.net/docs/download); Quran Foundation chapter/verses API, chapter 100 (https://api-docs.quran.com/docs/api-reference/); перевод/тафсир не выбран","Tanzil Quran Text: CC BY 3.0, verbatim only, attribution/link/notice required. Quran Foundation and each translation/tafsir/audio resource remain subject to current API and source-specific terms. Muslingo pedagogy must be original.","Planned, not publication-approved: canonical text checksum, edition-specific translation/tafsir rights, Islamic meaning review, qualified reciter/audio rights and accessibility QA required.","Рекомендуется: объяснение редактора 2-4 мин","Исламский редактор с заявленной областью компетенции"
"QUR-065","Quran","Surah 100","65","Al-Adiyat / Аль-Адият: Цепочка хифза","Ученик сможет воспроизводить аяты по частям и целиком со скрытым текстом, отдельно измеряя порядок слов и качество чтения; рабочий диапазон 100:1-11.","Intermediate 1","QUR-064","Tanzil Quran Text v1.1 100:1-11 (https://tanzil.net/docs/download); Quran Foundation chapter/verses API, chapter 100 (https://api-docs.quran.com/docs/api-reference/); перевод/тафсир не выбран","Tanzil Quran Text: CC BY 3.0, verbatim only, attribution/link/notice required. Quran Foundation and each translation/tafsir/audio resource remain subject to current API and source-specific terms. Muslingo pedagogy must be original.","Planned, not publication-approved: canonical text checksum, edition-specific translation/tafsir rights, Islamic meaning review, qualified reciter/audio rights and accessibility QA required.","Не требуется; нужен A/B-аудиорежим","Кари и преподаватель хифза"
"QUR-066","Quran","Surah 100","66","Al-Adiyat / Аль-Адият: Отложенное мастерство","Ученик сможет через интервальную паузу показать чтение, продолжение, базовое понимание и воспроизведение без подсказки; рабочий диапазон 100:1-11.","Intermediate 2","QUR-065","Tanzil Quran Text v1.1 100:1-11 (https://tanzil.net/docs/download); Quran Foundation chapter/verses API, chapter 100 (https://api-docs.quran.com/docs/api-reference/); перевод/тафсир не выбран","Tanzil Quran Text: CC BY 3.0, verbatim only, attribution/link/notice required. Quran Foundation and each translation/tafsir/audio resource remain subject to current API and source-specific terms. Muslingo pedagogy must be original.","Planned, not publication-approved: canonical text checksum, edition-specific translation/tafsir rights, Islamic meaning review, qualified reciter/audio rights and accessibility QA required.","Опционально: итоговая обратная связь","Кари, исламский редактор и методист"
"QUR-067","Quran","Surah 101","67","Al-Qariah / Аль-Кариа: Каноническая карта","Ученик сможет находить границы суры и аяты по устойчивому локатору, не смешивая арабский текст с переводом; рабочий диапазон 101:1-11.","Beginner 1","Базовая диагностика Muslingo","Tanzil Quran Text v1.1 101:1-11 (https://tanzil.net/docs/download); Quran Foundation chapter/verses API, chapter 101 (https://api-docs.quran.com/docs/api-reference/); перевод/тафсир не выбран","Tanzil Quran Text: CC BY 3.0, verbatim only, attribution/link/notice required. Quran Foundation and each translation/tafsir/audio resource remain subject to current API and source-specific terms. Muslingo pedagogy must be original.","Planned, not publication-approved: canonical text checksum, edition-specific translation/tafsir rights, Islamic meaning review, qualified reciter/audio rights and accessibility QA required.","Не требуется; статическая схема","Редактор Корана и специалист по доступности"
"QUR-068","Quran","Surah 101","68","Al-Qariah / Аль-Кариа: Аудиокарта","Ученик сможет следить за последовательностью аятов по человеческой записи и возвращаться к точному месту после паузы; рабочий диапазон 101:1-11.","Beginner 1","QUR-067","Tanzil Quran Text v1.1 101:1-11 (https://tanzil.net/docs/download); Quran Foundation chapter/verses API, chapter 101 (https://api-docs.quran.com/docs/api-reference/); перевод/тафсир не выбран","Tanzil Quran Text: CC BY 3.0, verbatim only, attribution/link/notice required. Quran Foundation and each translation/tafsir/audio resource remain subject to current API and source-specific terms. Muslingo pedagogy must be original.","Planned, not publication-approved: canonical text checksum, edition-specific translation/tafsir rights, Islamic meaning review, qualified reciter/audio rights and accessibility QA required.","Не требуется; нужен лицензированный звук","Квалифицированный кари, Hafs an Asim"
"QUR-069","Quran","Surah 101","69","Al-Qariah / Аль-Кариа: Карта слов","Ученик сможет узнавать выбранные после лингвистической проверки слова в тексте и аудио без догадки по длине ответа; рабочий диапазон 101:1-11.","Beginner 2","QUR-068","Tanzil Quran Text v1.1 101:1-11 (https://tanzil.net/docs/download); Quran Foundation chapter/verses API, chapter 101 (https://api-docs.quran.com/docs/api-reference/); перевод/тафсир не выбран","Tanzil Quran Text: CC BY 3.0, verbatim only, attribution/link/notice required. Quran Foundation and each translation/tafsir/audio resource remain subject to current API and source-specific terms. Muslingo pedagogy must be original.","Planned, not publication-approved: canonical text checksum, edition-specific translation/tafsir rights, Islamic meaning review, qualified reciter/audio rights and accessibility QA required.","Опционально: короткая анимация сегментации","Преподаватель Quranic Arabic и кари"
"QUR-070","Quran","Surah 101","70","Al-Qariah / Аль-Кариа: Последовательность смысла","Ученик сможет восстанавливать только утверждённую редактором смысловую последовательность суры с указанием издания перевода; рабочий диапазон 101:1-11.","Intermediate 1","QUR-069","Tanzil Quran Text v1.1 101:1-11 (https://tanzil.net/docs/download); Quran Foundation chapter/verses API, chapter 101 (https://api-docs.quran.com/docs/api-reference/); перевод/тафсир не выбран","Tanzil Quran Text: CC BY 3.0, verbatim only, attribution/link/notice required. Quran Foundation and each translation/tafsir/audio resource remain subject to current API and source-specific terms. Muslingo pedagogy must be original.","Planned, not publication-approved: canonical text checksum, edition-specific translation/tafsir rights, Islamic meaning review, qualified reciter/audio rights and accessibility QA required.","Рекомендуется: объяснение редактора 2-4 мин","Исламский редактор с заявленной областью компетенции"
"QUR-071","Quran","Surah 101","71","Al-Qariah / Аль-Кариа: Цепочка хифза","Ученик сможет воспроизводить аяты по частям и целиком со скрытым текстом, отдельно измеряя порядок слов и качество чтения; рабочий диапазон 101:1-11.","Intermediate 1","QUR-070","Tanzil Quran Text v1.1 101:1-11 (https://tanzil.net/docs/download); Quran Foundation chapter/verses API, chapter 101 (https://api-docs.quran.com/docs/api-reference/); перевод/тафсир не выбран","Tanzil Quran Text: CC BY 3.0, verbatim only, attribution/link/notice required. Quran Foundation and each translation/tafsir/audio resource remain subject to current API and source-specific terms. Muslingo pedagogy must be original.","Planned, not publication-approved: canonical text checksum, edition-specific translation/tafsir rights, Islamic meaning review, qualified reciter/audio rights and accessibility QA required.","Не требуется; нужен A/B-аудиорежим","Кари и преподаватель хифза"
"QUR-072","Quran","Surah 101","72","Al-Qariah / Аль-Кариа: Отложенное мастерство","Ученик сможет через интервальную паузу показать чтение, продолжение, базовое понимание и воспроизведение без подсказки; рабочий диапазон 101:1-11.","Intermediate 2","QUR-071","Tanzil Quran Text v1.1 101:1-11 (https://tanzil.net/docs/download); Quran Foundation chapter/verses API, chapter 101 (https://api-docs.quran.com/docs/api-reference/); перевод/тафсир не выбран","Tanzil Quran Text: CC BY 3.0, verbatim only, attribution/link/notice required. Quran Foundation and each translation/tafsir/audio resource remain subject to current API and source-specific terms. Muslingo pedagogy must be original.","Planned, not publication-approved: canonical text checksum, edition-specific translation/tafsir rights, Islamic meaning review, qualified reciter/audio rights and accessibility QA required.","Опционально: итоговая обратная связь","Кари, исламский редактор и методист"
"QUR-073","Quran","Surah 102","73","At-Takathur / Ат-Такасур: Каноническая карта","Ученик сможет находить границы суры и аяты по устойчивому локатору, не смешивая арабский текст с переводом; рабочий диапазон 102:1-8.","Beginner 1","Базовая диагностика Muslingo","Tanzil Quran Text v1.1 102:1-8 (https://tanzil.net/docs/download); Quran Foundation chapter/verses API, chapter 102 (https://api-docs.quran.com/docs/api-reference/); перевод/тафсир не выбран","Tanzil Quran Text: CC BY 3.0, verbatim only, attribution/link/notice required. Quran Foundation and each translation/tafsir/audio resource remain subject to current API and source-specific terms. Muslingo pedagogy must be original.","Planned, not publication-approved: canonical text checksum, edition-specific translation/tafsir rights, Islamic meaning review, qualified reciter/audio rights and accessibility QA required.","Не требуется; статическая схема","Редактор Корана и специалист по доступности"
"QUR-074","Quran","Surah 102","74","At-Takathur / Ат-Такасур: Аудиокарта","Ученик сможет следить за последовательностью аятов по человеческой записи и возвращаться к точному месту после паузы; рабочий диапазон 102:1-8.","Beginner 1","QUR-073","Tanzil Quran Text v1.1 102:1-8 (https://tanzil.net/docs/download); Quran Foundation chapter/verses API, chapter 102 (https://api-docs.quran.com/docs/api-reference/); перевод/тафсир не выбран","Tanzil Quran Text: CC BY 3.0, verbatim only, attribution/link/notice required. Quran Foundation and each translation/tafsir/audio resource remain subject to current API and source-specific terms. Muslingo pedagogy must be original.","Planned, not publication-approved: canonical text checksum, edition-specific translation/tafsir rights, Islamic meaning review, qualified reciter/audio rights and accessibility QA required.","Не требуется; нужен лицензированный звук","Квалифицированный кари, Hafs an Asim"
"QUR-075","Quran","Surah 102","75","At-Takathur / Ат-Такасур: Карта слов","Ученик сможет узнавать выбранные после лингвистической проверки слова в тексте и аудио без догадки по длине ответа; рабочий диапазон 102:1-8.","Beginner 2","QUR-074","Tanzil Quran Text v1.1 102:1-8 (https://tanzil.net/docs/download); Quran Foundation chapter/verses API, chapter 102 (https://api-docs.quran.com/docs/api-reference/); перевод/тафсир не выбран","Tanzil Quran Text: CC BY 3.0, verbatim only, attribution/link/notice required. Quran Foundation and each translation/tafsir/audio resource remain subject to current API and source-specific terms. Muslingo pedagogy must be original.","Planned, not publication-approved: canonical text checksum, edition-specific translation/tafsir rights, Islamic meaning review, qualified reciter/audio rights and accessibility QA required.","Опционально: короткая анимация сегментации","Преподаватель Quranic Arabic и кари"
"QUR-076","Quran","Surah 102","76","At-Takathur / Ат-Такасур: Последовательность смысла","Ученик сможет восстанавливать только утверждённую редактором смысловую последовательность суры с указанием издания перевода; рабочий диапазон 102:1-8.","Intermediate 1","QUR-075","Tanzil Quran Text v1.1 102:1-8 (https://tanzil.net/docs/download); Quran Foundation chapter/verses API, chapter 102 (https://api-docs.quran.com/docs/api-reference/); перевод/тафсир не выбран","Tanzil Quran Text: CC BY 3.0, verbatim only, attribution/link/notice required. Quran Foundation and each translation/tafsir/audio resource remain subject to current API and source-specific terms. Muslingo pedagogy must be original.","Planned, not publication-approved: canonical text checksum, edition-specific translation/tafsir rights, Islamic meaning review, qualified reciter/audio rights and accessibility QA required.","Рекомендуется: объяснение редактора 2-4 мин","Исламский редактор с заявленной областью компетенции"
"QUR-077","Quran","Surah 102","77","At-Takathur / Ат-Такасур: Цепочка хифза","Ученик сможет воспроизводить аяты по частям и целиком со скрытым текстом, отдельно измеряя порядок слов и качество чтения; рабочий диапазон 102:1-8.","Intermediate 1","QUR-076","Tanzil Quran Text v1.1 102:1-8 (https://tanzil.net/docs/download); Quran Foundation chapter/verses API, chapter 102 (https://api-docs.quran.com/docs/api-reference/); перевод/тафсир не выбран","Tanzil Quran Text: CC BY 3.0, verbatim only, attribution/link/notice required. Quran Foundation and each translation/tafsir/audio resource remain subject to current API and source-specific terms. Muslingo pedagogy must be original.","Planned, not publication-approved: canonical text checksum, edition-specific translation/tafsir rights, Islamic meaning review, qualified reciter/audio rights and accessibility QA required.","Не требуется; нужен A/B-аудиорежим","Кари и преподаватель хифза"
"QUR-078","Quran","Surah 102","78","At-Takathur / Ат-Такасур: Отложенное мастерство","Ученик сможет через интервальную паузу показать чтение, продолжение, базовое понимание и воспроизведение без подсказки; рабочий диапазон 102:1-8.","Intermediate 2","QUR-077","Tanzil Quran Text v1.1 102:1-8 (https://tanzil.net/docs/download); Quran Foundation chapter/verses API, chapter 102 (https://api-docs.quran.com/docs/api-reference/); перевод/тафсир не выбран","Tanzil Quran Text: CC BY 3.0, verbatim only, attribution/link/notice required. Quran Foundation and each translation/tafsir/audio resource remain subject to current API and source-specific terms. Muslingo pedagogy must be original.","Planned, not publication-approved: canonical text checksum, edition-specific translation/tafsir rights, Islamic meaning review, qualified reciter/audio rights and accessibility QA required.","Опционально: итоговая обратная связь","Кари, исламский редактор и методист"
"QUR-079","Quran","Surah 103","79","Al-Asr / Аль-Аср: Каноническая карта","Ученик сможет находить границы суры и аяты по устойчивому локатору, не смешивая арабский текст с переводом; рабочий диапазон 103:1-3.","Beginner 1","Базовая диагностика Muslingo","Tanzil Quran Text v1.1 103:1-3 (https://tanzil.net/docs/download); Quran Foundation chapter/verses API, chapter 103 (https://api-docs.quran.com/docs/api-reference/); перевод/тафсир не выбран","Tanzil Quran Text: CC BY 3.0, verbatim only, attribution/link/notice required. Quran Foundation and each translation/tafsir/audio resource remain subject to current API and source-specific terms. Muslingo pedagogy must be original.","Planned, not publication-approved: canonical text checksum, edition-specific translation/tafsir rights, Islamic meaning review, qualified reciter/audio rights and accessibility QA required.","Не требуется; статическая схема","Редактор Корана и специалист по доступности"
"QUR-080","Quran","Surah 103","80","Al-Asr / Аль-Аср: Аудиокарта","Ученик сможет следить за последовательностью аятов по человеческой записи и возвращаться к точному месту после паузы; рабочий диапазон 103:1-3.","Beginner 1","QUR-079","Tanzil Quran Text v1.1 103:1-3 (https://tanzil.net/docs/download); Quran Foundation chapter/verses API, chapter 103 (https://api-docs.quran.com/docs/api-reference/); перевод/тафсир не выбран","Tanzil Quran Text: CC BY 3.0, verbatim only, attribution/link/notice required. Quran Foundation and each translation/tafsir/audio resource remain subject to current API and source-specific terms. Muslingo pedagogy must be original.","Planned, not publication-approved: canonical text checksum, edition-specific translation/tafsir rights, Islamic meaning review, qualified reciter/audio rights and accessibility QA required.","Не требуется; нужен лицензированный звук","Квалифицированный кари, Hafs an Asim"
"QUR-081","Quran","Surah 103","81","Al-Asr / Аль-Аср: Карта слов","Ученик сможет узнавать выбранные после лингвистической проверки слова в тексте и аудио без догадки по длине ответа; рабочий диапазон 103:1-3.","Beginner 2","QUR-080","Tanzil Quran Text v1.1 103:1-3 (https://tanzil.net/docs/download); Quran Foundation chapter/verses API, chapter 103 (https://api-docs.quran.com/docs/api-reference/); перевод/тафсир не выбран","Tanzil Quran Text: CC BY 3.0, verbatim only, attribution/link/notice required. Quran Foundation and each translation/tafsir/audio resource remain subject to current API and source-specific terms. Muslingo pedagogy must be original.","Planned, not publication-approved: canonical text checksum, edition-specific translation/tafsir rights, Islamic meaning review, qualified reciter/audio rights and accessibility QA required.","Опционально: короткая анимация сегментации","Преподаватель Quranic Arabic и кари"
"QUR-082","Quran","Surah 103","82","Al-Asr / Аль-Аср: Последовательность смысла","Ученик сможет восстанавливать только утверждённую редактором смысловую последовательность суры с указанием издания перевода; рабочий диапазон 103:1-3.","Intermediate 1","QUR-081","Tanzil Quran Text v1.1 103:1-3 (https://tanzil.net/docs/download); Quran Foundation chapter/verses API, chapter 103 (https://api-docs.quran.com/docs/api-reference/); перевод/тафсир не выбран","Tanzil Quran Text: CC BY 3.0, verbatim only, attribution/link/notice required. Quran Foundation and each translation/tafsir/audio resource remain subject to current API and source-specific terms. Muslingo pedagogy must be original.","Planned, not publication-approved: canonical text checksum, edition-specific translation/tafsir rights, Islamic meaning review, qualified reciter/audio rights and accessibility QA required.","Рекомендуется: объяснение редактора 2-4 мин","Исламский редактор с заявленной областью компетенции"
"QUR-083","Quran","Surah 103","83","Al-Asr / Аль-Аср: Цепочка хифза","Ученик сможет воспроизводить аяты по частям и целиком со скрытым текстом, отдельно измеряя порядок слов и качество чтения; рабочий диапазон 103:1-3.","Intermediate 1","QUR-082","Tanzil Quran Text v1.1 103:1-3 (https://tanzil.net/docs/download); Quran Foundation chapter/verses API, chapter 103 (https://api-docs.quran.com/docs/api-reference/); перевод/тафсир не выбран","Tanzil Quran Text: CC BY 3.0, verbatim only, attribution/link/notice required. Quran Foundation and each translation/tafsir/audio resource remain subject to current API and source-specific terms. Muslingo pedagogy must be original.","Planned, not publication-approved: canonical text checksum, edition-specific translation/tafsir rights, Islamic meaning review, qualified reciter/audio rights and accessibility QA required.","Не требуется; нужен A/B-аудиорежим","Кари и преподаватель хифза"
"QUR-084","Quran","Surah 103","84","Al-Asr / Аль-Аср: Отложенное мастерство","Ученик сможет через интервальную паузу показать чтение, продолжение, базовое понимание и воспроизведение без подсказки; рабочий диапазон 103:1-3.","Intermediate 2","QUR-083","Tanzil Quran Text v1.1 103:1-3 (https://tanzil.net/docs/download); Quran Foundation chapter/verses API, chapter 103 (https://api-docs.quran.com/docs/api-reference/); перевод/тафсир не выбран","Tanzil Quran Text: CC BY 3.0, verbatim only, attribution/link/notice required. Quran Foundation and each translation/tafsir/audio resource remain subject to current API and source-specific terms. Muslingo pedagogy must be original.","Planned, not publication-approved: canonical text checksum, edition-specific translation/tafsir rights, Islamic meaning review, qualified reciter/audio rights and accessibility QA required.","Опционально: итоговая обратная связь","Кари, исламский редактор и методист"
"QUR-085","Quran","Surah 104","85","Al-Humazah / Аль-Хумаза: Каноническая карта","Ученик сможет находить границы суры и аяты по устойчивому локатору, не смешивая арабский текст с переводом; рабочий диапазон 104:1-9.","Beginner 1","Базовая диагностика Muslingo","Tanzil Quran Text v1.1 104:1-9 (https://tanzil.net/docs/download); Quran Foundation chapter/verses API, chapter 104 (https://api-docs.quran.com/docs/api-reference/); перевод/тафсир не выбран","Tanzil Quran Text: CC BY 3.0, verbatim only, attribution/link/notice required. Quran Foundation and each translation/tafsir/audio resource remain subject to current API and source-specific terms. Muslingo pedagogy must be original.","Planned, not publication-approved: canonical text checksum, edition-specific translation/tafsir rights, Islamic meaning review, qualified reciter/audio rights and accessibility QA required.","Не требуется; статическая схема","Редактор Корана и специалист по доступности"
"QUR-086","Quran","Surah 104","86","Al-Humazah / Аль-Хумаза: Аудиокарта","Ученик сможет следить за последовательностью аятов по человеческой записи и возвращаться к точному месту после паузы; рабочий диапазон 104:1-9.","Beginner 1","QUR-085","Tanzil Quran Text v1.1 104:1-9 (https://tanzil.net/docs/download); Quran Foundation chapter/verses API, chapter 104 (https://api-docs.quran.com/docs/api-reference/); перевод/тафсир не выбран","Tanzil Quran Text: CC BY 3.0, verbatim only, attribution/link/notice required. Quran Foundation and each translation/tafsir/audio resource remain subject to current API and source-specific terms. Muslingo pedagogy must be original.","Planned, not publication-approved: canonical text checksum, edition-specific translation/tafsir rights, Islamic meaning review, qualified reciter/audio rights and accessibility QA required.","Не требуется; нужен лицензированный звук","Квалифицированный кари, Hafs an Asim"
"QUR-087","Quran","Surah 104","87","Al-Humazah / Аль-Хумаза: Карта слов","Ученик сможет узнавать выбранные после лингвистической проверки слова в тексте и аудио без догадки по длине ответа; рабочий диапазон 104:1-9.","Beginner 2","QUR-086","Tanzil Quran Text v1.1 104:1-9 (https://tanzil.net/docs/download); Quran Foundation chapter/verses API, chapter 104 (https://api-docs.quran.com/docs/api-reference/); перевод/тафсир не выбран","Tanzil Quran Text: CC BY 3.0, verbatim only, attribution/link/notice required. Quran Foundation and each translation/tafsir/audio resource remain subject to current API and source-specific terms. Muslingo pedagogy must be original.","Planned, not publication-approved: canonical text checksum, edition-specific translation/tafsir rights, Islamic meaning review, qualified reciter/audio rights and accessibility QA required.","Опционально: короткая анимация сегментации","Преподаватель Quranic Arabic и кари"
"QUR-088","Quran","Surah 104","88","Al-Humazah / Аль-Хумаза: Последовательность смысла","Ученик сможет восстанавливать только утверждённую редактором смысловую последовательность суры с указанием издания перевода; рабочий диапазон 104:1-9.","Intermediate 1","QUR-087","Tanzil Quran Text v1.1 104:1-9 (https://tanzil.net/docs/download); Quran Foundation chapter/verses API, chapter 104 (https://api-docs.quran.com/docs/api-reference/); перевод/тафсир не выбран","Tanzil Quran Text: CC BY 3.0, verbatim only, attribution/link/notice required. Quran Foundation and each translation/tafsir/audio resource remain subject to current API and source-specific terms. Muslingo pedagogy must be original.","Planned, not publication-approved: canonical text checksum, edition-specific translation/tafsir rights, Islamic meaning review, qualified reciter/audio rights and accessibility QA required.","Рекомендуется: объяснение редактора 2-4 мин","Исламский редактор с заявленной областью компетенции"
"QUR-089","Quran","Surah 104","89","Al-Humazah / Аль-Хумаза: Цепочка хифза","Ученик сможет воспроизводить аяты по частям и целиком со скрытым текстом, отдельно измеряя порядок слов и качество чтения; рабочий диапазон 104:1-9.","Intermediate 1","QUR-088","Tanzil Quran Text v1.1 104:1-9 (https://tanzil.net/docs/download); Quran Foundation chapter/verses API, chapter 104 (https://api-docs.quran.com/docs/api-reference/); перевод/тафсир не выбран","Tanzil Quran Text: CC BY 3.0, verbatim only, attribution/link/notice required. Quran Foundation and each translation/tafsir/audio resource remain subject to current API and source-specific terms. Muslingo pedagogy must be original.","Planned, not publication-approved: canonical text checksum, edition-specific translation/tafsir rights, Islamic meaning review, qualified reciter/audio rights and accessibility QA required.","Не требуется; нужен A/B-аудиорежим","Кари и преподаватель хифза"
"QUR-090","Quran","Surah 104","90","Al-Humazah / Аль-Хумаза: Отложенное мастерство","Ученик сможет через интервальную паузу показать чтение, продолжение, базовое понимание и воспроизведение без подсказки; рабочий диапазон 104:1-9.","Intermediate 2","QUR-089","Tanzil Quran Text v1.1 104:1-9 (https://tanzil.net/docs/download); Quran Foundation chapter/verses API, chapter 104 (https://api-docs.quran.com/docs/api-reference/); перевод/тафсир не выбран","Tanzil Quran Text: CC BY 3.0, verbatim only, attribution/link/notice required. Quran Foundation and each translation/tafsir/audio resource remain subject to current API and source-specific terms. Muslingo pedagogy must be original.","Planned, not publication-approved: canonical text checksum, edition-specific translation/tafsir rights, Islamic meaning review, qualified reciter/audio rights and accessibility QA required.","Опционально: итоговая обратная связь","Кари, исламский редактор и методист"
"QUR-091","Quran","Surah 105","91","Al-Fil / Аль-Филь: Каноническая карта","Ученик сможет находить границы суры и аяты по устойчивому локатору, не смешивая арабский текст с переводом; рабочий диапазон 105:1-5.","Beginner 1","Базовая диагностика Muslingo","Tanzil Quran Text v1.1 105:1-5 (https://tanzil.net/docs/download); Quran Foundation chapter/verses API, chapter 105 (https://api-docs.quran.com/docs/api-reference/); перевод/тафсир не выбран","Tanzil Quran Text: CC BY 3.0, verbatim only, attribution/link/notice required. Quran Foundation and each translation/tafsir/audio resource remain subject to current API and source-specific terms. Muslingo pedagogy must be original.","Planned, not publication-approved: canonical text checksum, edition-specific translation/tafsir rights, Islamic meaning review, qualified reciter/audio rights and accessibility QA required.","Не требуется; статическая схема","Редактор Корана и специалист по доступности"
"QUR-092","Quran","Surah 105","92","Al-Fil / Аль-Филь: Аудиокарта","Ученик сможет следить за последовательностью аятов по человеческой записи и возвращаться к точному месту после паузы; рабочий диапазон 105:1-5.","Beginner 1","QUR-091","Tanzil Quran Text v1.1 105:1-5 (https://tanzil.net/docs/download); Quran Foundation chapter/verses API, chapter 105 (https://api-docs.quran.com/docs/api-reference/); перевод/тафсир не выбран","Tanzil Quran Text: CC BY 3.0, verbatim only, attribution/link/notice required. Quran Foundation and each translation/tafsir/audio resource remain subject to current API and source-specific terms. Muslingo pedagogy must be original.","Planned, not publication-approved: canonical text checksum, edition-specific translation/tafsir rights, Islamic meaning review, qualified reciter/audio rights and accessibility QA required.","Не требуется; нужен лицензированный звук","Квалифицированный кари, Hafs an Asim"
"QUR-093","Quran","Surah 105","93","Al-Fil / Аль-Филь: Карта слов","Ученик сможет узнавать выбранные после лингвистической проверки слова в тексте и аудио без догадки по длине ответа; рабочий диапазон 105:1-5.","Beginner 2","QUR-092","Tanzil Quran Text v1.1 105:1-5 (https://tanzil.net/docs/download); Quran Foundation chapter/verses API, chapter 105 (https://api-docs.quran.com/docs/api-reference/); перевод/тафсир не выбран","Tanzil Quran Text: CC BY 3.0, verbatim only, attribution/link/notice required. Quran Foundation and each translation/tafsir/audio resource remain subject to current API and source-specific terms. Muslingo pedagogy must be original.","Planned, not publication-approved: canonical text checksum, edition-specific translation/tafsir rights, Islamic meaning review, qualified reciter/audio rights and accessibility QA required.","Опционально: короткая анимация сегментации","Преподаватель Quranic Arabic и кари"
"QUR-094","Quran","Surah 105","94","Al-Fil / Аль-Филь: Последовательность смысла","Ученик сможет восстанавливать только утверждённую редактором смысловую последовательность суры с указанием издания перевода; рабочий диапазон 105:1-5.","Intermediate 1","QUR-093","Tanzil Quran Text v1.1 105:1-5 (https://tanzil.net/docs/download); Quran Foundation chapter/verses API, chapter 105 (https://api-docs.quran.com/docs/api-reference/); перевод/тафсир не выбран","Tanzil Quran Text: CC BY 3.0, verbatim only, attribution/link/notice required. Quran Foundation and each translation/tafsir/audio resource remain subject to current API and source-specific terms. Muslingo pedagogy must be original.","Planned, not publication-approved: canonical text checksum, edition-specific translation/tafsir rights, Islamic meaning review, qualified reciter/audio rights and accessibility QA required.","Рекомендуется: объяснение редактора 2-4 мин","Исламский редактор с заявленной областью компетенции"
"QUR-095","Quran","Surah 105","95","Al-Fil / Аль-Филь: Цепочка хифза","Ученик сможет воспроизводить аяты по частям и целиком со скрытым текстом, отдельно измеряя порядок слов и качество чтения; рабочий диапазон 105:1-5.","Intermediate 1","QUR-094","Tanzil Quran Text v1.1 105:1-5 (https://tanzil.net/docs/download); Quran Foundation chapter/verses API, chapter 105 (https://api-docs.quran.com/docs/api-reference/); перевод/тафсир не выбран","Tanzil Quran Text: CC BY 3.0, verbatim only, attribution/link/notice required. Quran Foundation and each translation/tafsir/audio resource remain subject to current API and source-specific terms. Muslingo pedagogy must be original.","Planned, not publication-approved: canonical text checksum, edition-specific translation/tafsir rights, Islamic meaning review, qualified reciter/audio rights and accessibility QA required.","Не требуется; нужен A/B-аудиорежим","Кари и преподаватель хифза"
"QUR-096","Quran","Surah 105","96","Al-Fil / Аль-Филь: Отложенное мастерство","Ученик сможет через интервальную паузу показать чтение, продолжение, базовое понимание и воспроизведение без подсказки; рабочий диапазон 105:1-5.","Intermediate 2","QUR-095","Tanzil Quran Text v1.1 105:1-5 (https://tanzil.net/docs/download); Quran Foundation chapter/verses API, chapter 105 (https://api-docs.quran.com/docs/api-reference/); перевод/тафсир не выбран","Tanzil Quran Text: CC BY 3.0, verbatim only, attribution/link/notice required. Quran Foundation and each translation/tafsir/audio resource remain subject to current API and source-specific terms. Muslingo pedagogy must be original.","Planned, not publication-approved: canonical text checksum, edition-specific translation/tafsir rights, Islamic meaning review, qualified reciter/audio rights and accessibility QA required.","Опционально: итоговая обратная связь","Кари, исламский редактор и методист"
"QUR-097","Quran","Surah 106","97","Quraysh / Курайш: Каноническая карта","Ученик сможет находить границы суры и аяты по устойчивому локатору, не смешивая арабский текст с переводом; рабочий диапазон 106:1-4.","Beginner 1","Базовая диагностика Muslingo","Tanzil Quran Text v1.1 106:1-4 (https://tanzil.net/docs/download); Quran Foundation chapter/verses API, chapter 106 (https://api-docs.quran.com/docs/api-reference/); перевод/тафсир не выбран","Tanzil Quran Text: CC BY 3.0, verbatim only, attribution/link/notice required. Quran Foundation and each translation/tafsir/audio resource remain subject to current API and source-specific terms. Muslingo pedagogy must be original.","Planned, not publication-approved: canonical text checksum, edition-specific translation/tafsir rights, Islamic meaning review, qualified reciter/audio rights and accessibility QA required.","Не требуется; статическая схема","Редактор Корана и специалист по доступности"
"QUR-098","Quran","Surah 106","98","Quraysh / Курайш: Аудиокарта","Ученик сможет следить за последовательностью аятов по человеческой записи и возвращаться к точному месту после паузы; рабочий диапазон 106:1-4.","Beginner 1","QUR-097","Tanzil Quran Text v1.1 106:1-4 (https://tanzil.net/docs/download); Quran Foundation chapter/verses API, chapter 106 (https://api-docs.quran.com/docs/api-reference/); перевод/тафсир не выбран","Tanzil Quran Text: CC BY 3.0, verbatim only, attribution/link/notice required. Quran Foundation and each translation/tafsir/audio resource remain subject to current API and source-specific terms. Muslingo pedagogy must be original.","Planned, not publication-approved: canonical text checksum, edition-specific translation/tafsir rights, Islamic meaning review, qualified reciter/audio rights and accessibility QA required.","Не требуется; нужен лицензированный звук","Квалифицированный кари, Hafs an Asim"
"QUR-099","Quran","Surah 106","99","Quraysh / Курайш: Карта слов","Ученик сможет узнавать выбранные после лингвистической проверки слова в тексте и аудио без догадки по длине ответа; рабочий диапазон 106:1-4.","Beginner 2","QUR-098","Tanzil Quran Text v1.1 106:1-4 (https://tanzil.net/docs/download); Quran Foundation chapter/verses API, chapter 106 (https://api-docs.quran.com/docs/api-reference/); перевод/тафсир не выбран","Tanzil Quran Text: CC BY 3.0, verbatim only, attribution/link/notice required. Quran Foundation and each translation/tafsir/audio resource remain subject to current API and source-specific terms. Muslingo pedagogy must be original.","Planned, not publication-approved: canonical text checksum, edition-specific translation/tafsir rights, Islamic meaning review, qualified reciter/audio rights and accessibility QA required.","Опционально: короткая анимация сегментации","Преподаватель Quranic Arabic и кари"
"QUR-100","Quran","Surah 106","100","Quraysh / Курайш: Последовательность смысла","Ученик сможет восстанавливать только утверждённую редактором смысловую последовательность суры с указанием издания перевода; рабочий диапазон 106:1-4.","Intermediate 1","QUR-099","Tanzil Quran Text v1.1 106:1-4 (https://tanzil.net/docs/download); Quran Foundation chapter/verses API, chapter 106 (https://api-docs.quran.com/docs/api-reference/); перевод/тафсир не выбран","Tanzil Quran Text: CC BY 3.0, verbatim only, attribution/link/notice required. Quran Foundation and each translation/tafsir/audio resource remain subject to current API and source-specific terms. Muslingo pedagogy must be original.","Planned, not publication-approved: canonical text checksum, edition-specific translation/tafsir rights, Islamic meaning review, qualified reciter/audio rights and accessibility QA required.","Рекомендуется: объяснение редактора 2-4 мин","Исламский редактор с заявленной областью компетенции"
"QUR-101","Quran","Surah 106","101","Quraysh / Курайш: Цепочка хифза","Ученик сможет воспроизводить аяты по частям и целиком со скрытым текстом, отдельно измеряя порядок слов и качество чтения; рабочий диапазон 106:1-4.","Intermediate 1","QUR-100","Tanzil Quran Text v1.1 106:1-4 (https://tanzil.net/docs/download); Quran Foundation chapter/verses API, chapter 106 (https://api-docs.quran.com/docs/api-reference/); перевод/тафсир не выбран","Tanzil Quran Text: CC BY 3.0, verbatim only, attribution/link/notice required. Quran Foundation and each translation/tafsir/audio resource remain subject to current API and source-specific terms. Muslingo pedagogy must be original.","Planned, not publication-approved: canonical text checksum, edition-specific translation/tafsir rights, Islamic meaning review, qualified reciter/audio rights and accessibility QA required.","Не требуется; нужен A/B-аудиорежим","Кари и преподаватель хифза"
"QUR-102","Quran","Surah 106","102","Quraysh / Курайш: Отложенное мастерство","Ученик сможет через интервальную паузу показать чтение, продолжение, базовое понимание и воспроизведение без подсказки; рабочий диапазон 106:1-4.","Intermediate 2","QUR-101","Tanzil Quran Text v1.1 106:1-4 (https://tanzil.net/docs/download); Quran Foundation chapter/verses API, chapter 106 (https://api-docs.quran.com/docs/api-reference/); перевод/тафсир не выбран","Tanzil Quran Text: CC BY 3.0, verbatim only, attribution/link/notice required. Quran Foundation and each translation/tafsir/audio resource remain subject to current API and source-specific terms. Muslingo pedagogy must be original.","Planned, not publication-approved: canonical text checksum, edition-specific translation/tafsir rights, Islamic meaning review, qualified reciter/audio rights and accessibility QA required.","Опционально: итоговая обратная связь","Кари, исламский редактор и методист"
"QUR-103","Quran","Surah 107","103","Al-Maun / Аль-Маун: Каноническая карта","Ученик сможет находить границы суры и аяты по устойчивому локатору, не смешивая арабский текст с переводом; рабочий диапазон 107:1-7.","Beginner 1","Базовая диагностика Muslingo","Tanzil Quran Text v1.1 107:1-7 (https://tanzil.net/docs/download); Quran Foundation chapter/verses API, chapter 107 (https://api-docs.quran.com/docs/api-reference/); перевод/тафсир не выбран","Tanzil Quran Text: CC BY 3.0, verbatim only, attribution/link/notice required. Quran Foundation and each translation/tafsir/audio resource remain subject to current API and source-specific terms. Muslingo pedagogy must be original.","Planned, not publication-approved: canonical text checksum, edition-specific translation/tafsir rights, Islamic meaning review, qualified reciter/audio rights and accessibility QA required.","Не требуется; статическая схема","Редактор Корана и специалист по доступности"
"QUR-104","Quran","Surah 107","104","Al-Maun / Аль-Маун: Аудиокарта","Ученик сможет следить за последовательностью аятов по человеческой записи и возвращаться к точному месту после паузы; рабочий диапазон 107:1-7.","Beginner 1","QUR-103","Tanzil Quran Text v1.1 107:1-7 (https://tanzil.net/docs/download); Quran Foundation chapter/verses API, chapter 107 (https://api-docs.quran.com/docs/api-reference/); перевод/тафсир не выбран","Tanzil Quran Text: CC BY 3.0, verbatim only, attribution/link/notice required. Quran Foundation and each translation/tafsir/audio resource remain subject to current API and source-specific terms. Muslingo pedagogy must be original.","Planned, not publication-approved: canonical text checksum, edition-specific translation/tafsir rights, Islamic meaning review, qualified reciter/audio rights and accessibility QA required.","Не требуется; нужен лицензированный звук","Квалифицированный кари, Hafs an Asim"
"QUR-105","Quran","Surah 107","105","Al-Maun / Аль-Маун: Карта слов","Ученик сможет узнавать выбранные после лингвистической проверки слова в тексте и аудио без догадки по длине ответа; рабочий диапазон 107:1-7.","Beginner 2","QUR-104","Tanzil Quran Text v1.1 107:1-7 (https://tanzil.net/docs/download); Quran Foundation chapter/verses API, chapter 107 (https://api-docs.quran.com/docs/api-reference/); перевод/тафсир не выбран","Tanzil Quran Text: CC BY 3.0, verbatim only, attribution/link/notice required. Quran Foundation and each translation/tafsir/audio resource remain subject to current API and source-specific terms. Muslingo pedagogy must be original.","Planned, not publication-approved: canonical text checksum, edition-specific translation/tafsir rights, Islamic meaning review, qualified reciter/audio rights and accessibility QA required.","Опционально: короткая анимация сегментации","Преподаватель Quranic Arabic и кари"
"QUR-106","Quran","Surah 107","106","Al-Maun / Аль-Маун: Последовательность смысла","Ученик сможет восстанавливать только утверждённую редактором смысловую последовательность суры с указанием издания перевода; рабочий диапазон 107:1-7.","Intermediate 1","QUR-105","Tanzil Quran Text v1.1 107:1-7 (https://tanzil.net/docs/download); Quran Foundation chapter/verses API, chapter 107 (https://api-docs.quran.com/docs/api-reference/); перевод/тафсир не выбран","Tanzil Quran Text: CC BY 3.0, verbatim only, attribution/link/notice required. Quran Foundation and each translation/tafsir/audio resource remain subject to current API and source-specific terms. Muslingo pedagogy must be original.","Planned, not publication-approved: canonical text checksum, edition-specific translation/tafsir rights, Islamic meaning review, qualified reciter/audio rights and accessibility QA required.","Рекомендуется: объяснение редактора 2-4 мин","Исламский редактор с заявленной областью компетенции"
"QUR-107","Quran","Surah 107","107","Al-Maun / Аль-Маун: Цепочка хифза","Ученик сможет воспроизводить аяты по частям и целиком со скрытым текстом, отдельно измеряя порядок слов и качество чтения; рабочий диапазон 107:1-7.","Intermediate 1","QUR-106","Tanzil Quran Text v1.1 107:1-7 (https://tanzil.net/docs/download); Quran Foundation chapter/verses API, chapter 107 (https://api-docs.quran.com/docs/api-reference/); перевод/тафсир не выбран","Tanzil Quran Text: CC BY 3.0, verbatim only, attribution/link/notice required. Quran Foundation and each translation/tafsir/audio resource remain subject to current API and source-specific terms. Muslingo pedagogy must be original.","Planned, not publication-approved: canonical text checksum, edition-specific translation/tafsir rights, Islamic meaning review, qualified reciter/audio rights and accessibility QA required.","Не требуется; нужен A/B-аудиорежим","Кари и преподаватель хифза"
"QUR-108","Quran","Surah 107","108","Al-Maun / Аль-Маун: Отложенное мастерство","Ученик сможет через интервальную паузу показать чтение, продолжение, базовое понимание и воспроизведение без подсказки; рабочий диапазон 107:1-7.","Intermediate 2","QUR-107","Tanzil Quran Text v1.1 107:1-7 (https://tanzil.net/docs/download); Quran Foundation chapter/verses API, chapter 107 (https://api-docs.quran.com/docs/api-reference/); перевод/тафсир не выбран","Tanzil Quran Text: CC BY 3.0, verbatim only, attribution/link/notice required. Quran Foundation and each translation/tafsir/audio resource remain subject to current API and source-specific terms. Muslingo pedagogy must be original.","Planned, not publication-approved: canonical text checksum, edition-specific translation/tafsir rights, Islamic meaning review, qualified reciter/audio rights and accessibility QA required.","Опционально: итоговая обратная связь","Кари, исламский редактор и методист"
"QUR-109","Quran","Surah 108","109","Al-Kawthar / Аль-Каусар: Каноническая карта","Ученик сможет находить границы суры и аяты по устойчивому локатору, не смешивая арабский текст с переводом; рабочий диапазон 108:1-3.","Beginner 1","Базовая диагностика Muslingo","Tanzil Quran Text v1.1 108:1-3 (https://tanzil.net/docs/download); Quran Foundation chapter/verses API, chapter 108 (https://api-docs.quran.com/docs/api-reference/); перевод/тафсир не выбран","Tanzil Quran Text: CC BY 3.0, verbatim only, attribution/link/notice required. Quran Foundation and each translation/tafsir/audio resource remain subject to current API and source-specific terms. Muslingo pedagogy must be original.","Planned, not publication-approved: canonical text checksum, edition-specific translation/tafsir rights, Islamic meaning review, qualified reciter/audio rights and accessibility QA required.","Не требуется; статическая схема","Редактор Корана и специалист по доступности"
"QUR-110","Quran","Surah 108","110","Al-Kawthar / Аль-Каусар: Аудиокарта","Ученик сможет следить за последовательностью аятов по человеческой записи и возвращаться к точному месту после паузы; рабочий диапазон 108:1-3.","Beginner 1","QUR-109","Tanzil Quran Text v1.1 108:1-3 (https://tanzil.net/docs/download); Quran Foundation chapter/verses API, chapter 108 (https://api-docs.quran.com/docs/api-reference/); перевод/тафсир не выбран","Tanzil Quran Text: CC BY 3.0, verbatim only, attribution/link/notice required. Quran Foundation and each translation/tafsir/audio resource remain subject to current API and source-specific terms. Muslingo pedagogy must be original.","Planned, not publication-approved: canonical text checksum, edition-specific translation/tafsir rights, Islamic meaning review, qualified reciter/audio rights and accessibility QA required.","Не требуется; нужен лицензированный звук","Квалифицированный кари, Hafs an Asim"
"QUR-111","Quran","Surah 108","111","Al-Kawthar / Аль-Каусар: Карта слов","Ученик сможет узнавать выбранные после лингвистической проверки слова в тексте и аудио без догадки по длине ответа; рабочий диапазон 108:1-3.","Beginner 2","QUR-110","Tanzil Quran Text v1.1 108:1-3 (https://tanzil.net/docs/download); Quran Foundation chapter/verses API, chapter 108 (https://api-docs.quran.com/docs/api-reference/); перевод/тафсир не выбран","Tanzil Quran Text: CC BY 3.0, verbatim only, attribution/link/notice required. Quran Foundation and each translation/tafsir/audio resource remain subject to current API and source-specific terms. Muslingo pedagogy must be original.","Planned, not publication-approved: canonical text checksum, edition-specific translation/tafsir rights, Islamic meaning review, qualified reciter/audio rights and accessibility QA required.","Опционально: короткая анимация сегментации","Преподаватель Quranic Arabic и кари"
"QUR-112","Quran","Surah 108","112","Al-Kawthar / Аль-Каусар: Последовательность смысла","Ученик сможет восстанавливать только утверждённую редактором смысловую последовательность суры с указанием издания перевода; рабочий диапазон 108:1-3.","Intermediate 1","QUR-111","Tanzil Quran Text v1.1 108:1-3 (https://tanzil.net/docs/download); Quran Foundation chapter/verses API, chapter 108 (https://api-docs.quran.com/docs/api-reference/); перевод/тафсир не выбран","Tanzil Quran Text: CC BY 3.0, verbatim only, attribution/link/notice required. Quran Foundation and each translation/tafsir/audio resource remain subject to current API and source-specific terms. Muslingo pedagogy must be original.","Planned, not publication-approved: canonical text checksum, edition-specific translation/tafsir rights, Islamic meaning review, qualified reciter/audio rights and accessibility QA required.","Рекомендуется: объяснение редактора 2-4 мин","Исламский редактор с заявленной областью компетенции"
"QUR-113","Quran","Surah 108","113","Al-Kawthar / Аль-Каусар: Цепочка хифза","Ученик сможет воспроизводить аяты по частям и целиком со скрытым текстом, отдельно измеряя порядок слов и качество чтения; рабочий диапазон 108:1-3.","Intermediate 1","QUR-112","Tanzil Quran Text v1.1 108:1-3 (https://tanzil.net/docs/download); Quran Foundation chapter/verses API, chapter 108 (https://api-docs.quran.com/docs/api-reference/); перевод/тафсир не выбран","Tanzil Quran Text: CC BY 3.0, verbatim only, attribution/link/notice required. Quran Foundation and each translation/tafsir/audio resource remain subject to current API and source-specific terms. Muslingo pedagogy must be original.","Planned, not publication-approved: canonical text checksum, edition-specific translation/tafsir rights, Islamic meaning review, qualified reciter/audio rights and accessibility QA required.","Не требуется; нужен A/B-аудиорежим","Кари и преподаватель хифза"
"QUR-114","Quran","Surah 108","114","Al-Kawthar / Аль-Каусар: Отложенное мастерство","Ученик сможет через интервальную паузу показать чтение, продолжение, базовое понимание и воспроизведение без подсказки; рабочий диапазон 108:1-3.","Intermediate 2","QUR-113","Tanzil Quran Text v1.1 108:1-3 (https://tanzil.net/docs/download); Quran Foundation chapter/verses API, chapter 108 (https://api-docs.quran.com/docs/api-reference/); перевод/тафсир не выбран","Tanzil Quran Text: CC BY 3.0, verbatim only, attribution/link/notice required. Quran Foundation and each translation/tafsir/audio resource remain subject to current API and source-specific terms. Muslingo pedagogy must be original.","Planned, not publication-approved: canonical text checksum, edition-specific translation/tafsir rights, Islamic meaning review, qualified reciter/audio rights and accessibility QA required.","Опционально: итоговая обратная связь","Кари, исламский редактор и методист"
"QUR-115","Quran","Surah 109","115","Al-Kafirun / Аль-Кафирун: Каноническая карта","Ученик сможет находить границы суры и аяты по устойчивому локатору, не смешивая арабский текст с переводом; рабочий диапазон 109:1-6.","Beginner 1","Базовая диагностика Muslingo","Tanzil Quran Text v1.1 109:1-6 (https://tanzil.net/docs/download); Quran Foundation chapter/verses API, chapter 109 (https://api-docs.quran.com/docs/api-reference/); перевод/тафсир не выбран","Tanzil Quran Text: CC BY 3.0, verbatim only, attribution/link/notice required. Quran Foundation and each translation/tafsir/audio resource remain subject to current API and source-specific terms. Muslingo pedagogy must be original.","Planned, not publication-approved: canonical text checksum, edition-specific translation/tafsir rights, Islamic meaning review, qualified reciter/audio rights and accessibility QA required.","Не требуется; статическая схема","Редактор Корана и специалист по доступности"
"QUR-116","Quran","Surah 109","116","Al-Kafirun / Аль-Кафирун: Аудиокарта","Ученик сможет следить за последовательностью аятов по человеческой записи и возвращаться к точному месту после паузы; рабочий диапазон 109:1-6.","Beginner 1","QUR-115","Tanzil Quran Text v1.1 109:1-6 (https://tanzil.net/docs/download); Quran Foundation chapter/verses API, chapter 109 (https://api-docs.quran.com/docs/api-reference/); перевод/тафсир не выбран","Tanzil Quran Text: CC BY 3.0, verbatim only, attribution/link/notice required. Quran Foundation and each translation/tafsir/audio resource remain subject to current API and source-specific terms. Muslingo pedagogy must be original.","Planned, not publication-approved: canonical text checksum, edition-specific translation/tafsir rights, Islamic meaning review, qualified reciter/audio rights and accessibility QA required.","Не требуется; нужен лицензированный звук","Квалифицированный кари, Hafs an Asim"
"QUR-117","Quran","Surah 109","117","Al-Kafirun / Аль-Кафирун: Карта слов","Ученик сможет узнавать выбранные после лингвистической проверки слова в тексте и аудио без догадки по длине ответа; рабочий диапазон 109:1-6.","Beginner 2","QUR-116","Tanzil Quran Text v1.1 109:1-6 (https://tanzil.net/docs/download); Quran Foundation chapter/verses API, chapter 109 (https://api-docs.quran.com/docs/api-reference/); перевод/тафсир не выбран","Tanzil Quran Text: CC BY 3.0, verbatim only, attribution/link/notice required. Quran Foundation and each translation/tafsir/audio resource remain subject to current API and source-specific terms. Muslingo pedagogy must be original.","Planned, not publication-approved: canonical text checksum, edition-specific translation/tafsir rights, Islamic meaning review, qualified reciter/audio rights and accessibility QA required.","Опционально: короткая анимация сегментации","Преподаватель Quranic Arabic и кари"
"QUR-118","Quran","Surah 109","118","Al-Kafirun / Аль-Кафирун: Последовательность смысла","Ученик сможет восстанавливать только утверждённую редактором смысловую последовательность суры с указанием издания перевода; рабочий диапазон 109:1-6.","Intermediate 1","QUR-117","Tanzil Quran Text v1.1 109:1-6 (https://tanzil.net/docs/download); Quran Foundation chapter/verses API, chapter 109 (https://api-docs.quran.com/docs/api-reference/); перевод/тафсир не выбран","Tanzil Quran Text: CC BY 3.0, verbatim only, attribution/link/notice required. Quran Foundation and each translation/tafsir/audio resource remain subject to current API and source-specific terms. Muslingo pedagogy must be original.","Planned, not publication-approved: canonical text checksum, edition-specific translation/tafsir rights, Islamic meaning review, qualified reciter/audio rights and accessibility QA required.","Рекомендуется: объяснение редактора 2-4 мин","Исламский редактор с заявленной областью компетенции"
"QUR-119","Quran","Surah 109","119","Al-Kafirun / Аль-Кафирун: Цепочка хифза","Ученик сможет воспроизводить аяты по частям и целиком со скрытым текстом, отдельно измеряя порядок слов и качество чтения; рабочий диапазон 109:1-6.","Intermediate 1","QUR-118","Tanzil Quran Text v1.1 109:1-6 (https://tanzil.net/docs/download); Quran Foundation chapter/verses API, chapter 109 (https://api-docs.quran.com/docs/api-reference/); перевод/тафсир не выбран","Tanzil Quran Text: CC BY 3.0, verbatim only, attribution/link/notice required. Quran Foundation and each translation/tafsir/audio resource remain subject to current API and source-specific terms. Muslingo pedagogy must be original.","Planned, not publication-approved: canonical text checksum, edition-specific translation/tafsir rights, Islamic meaning review, qualified reciter/audio rights and accessibility QA required.","Не требуется; нужен A/B-аудиорежим","Кари и преподаватель хифза"
"QUR-120","Quran","Surah 109","120","Al-Kafirun / Аль-Кафирун: Отложенное мастерство","Ученик сможет через интервальную паузу показать чтение, продолжение, базовое понимание и воспроизведение без подсказки; рабочий диапазон 109:1-6.","Intermediate 2","QUR-119","Tanzil Quran Text v1.1 109:1-6 (https://tanzil.net/docs/download); Quran Foundation chapter/verses API, chapter 109 (https://api-docs.quran.com/docs/api-reference/); перевод/тафсир не выбран","Tanzil Quran Text: CC BY 3.0, verbatim only, attribution/link/notice required. Quran Foundation and each translation/tafsir/audio resource remain subject to current API and source-specific terms. Muslingo pedagogy must be original.","Planned, not publication-approved: canonical text checksum, edition-specific translation/tafsir rights, Islamic meaning review, qualified reciter/audio rights and accessibility QA required.","Опционально: итоговая обратная связь","Кари, исламский редактор и методист"
"QUR-121","Quran","Surah 110","121","An-Nasr / Ан-Наср: Каноническая карта","Ученик сможет находить границы суры и аяты по устойчивому локатору, не смешивая арабский текст с переводом; рабочий диапазон 110:1-3.","Beginner 1","Базовая диагностика Muslingo","Tanzil Quran Text v1.1 110:1-3 (https://tanzil.net/docs/download); Quran Foundation chapter/verses API, chapter 110 (https://api-docs.quran.com/docs/api-reference/); перевод/тафсир не выбран","Tanzil Quran Text: CC BY 3.0, verbatim only, attribution/link/notice required. Quran Foundation and each translation/tafsir/audio resource remain subject to current API and source-specific terms. Muslingo pedagogy must be original.","Planned, not publication-approved: canonical text checksum, edition-specific translation/tafsir rights, Islamic meaning review, qualified reciter/audio rights and accessibility QA required.","Не требуется; статическая схема","Редактор Корана и специалист по доступности"
"QUR-122","Quran","Surah 110","122","An-Nasr / Ан-Наср: Аудиокарта","Ученик сможет следить за последовательностью аятов по человеческой записи и возвращаться к точному месту после паузы; рабочий диапазон 110:1-3.","Beginner 1","QUR-121","Tanzil Quran Text v1.1 110:1-3 (https://tanzil.net/docs/download); Quran Foundation chapter/verses API, chapter 110 (https://api-docs.quran.com/docs/api-reference/); перевод/тафсир не выбран","Tanzil Quran Text: CC BY 3.0, verbatim only, attribution/link/notice required. Quran Foundation and each translation/tafsir/audio resource remain subject to current API and source-specific terms. Muslingo pedagogy must be original.","Planned, not publication-approved: canonical text checksum, edition-specific translation/tafsir rights, Islamic meaning review, qualified reciter/audio rights and accessibility QA required.","Не требуется; нужен лицензированный звук","Квалифицированный кари, Hafs an Asim"
"QUR-123","Quran","Surah 110","123","An-Nasr / Ан-Наср: Карта слов","Ученик сможет узнавать выбранные после лингвистической проверки слова в тексте и аудио без догадки по длине ответа; рабочий диапазон 110:1-3.","Beginner 2","QUR-122","Tanzil Quran Text v1.1 110:1-3 (https://tanzil.net/docs/download); Quran Foundation chapter/verses API, chapter 110 (https://api-docs.quran.com/docs/api-reference/); перевод/тафсир не выбран","Tanzil Quran Text: CC BY 3.0, verbatim only, attribution/link/notice required. Quran Foundation and each translation/tafsir/audio resource remain subject to current API and source-specific terms. Muslingo pedagogy must be original.","Planned, not publication-approved: canonical text checksum, edition-specific translation/tafsir rights, Islamic meaning review, qualified reciter/audio rights and accessibility QA required.","Опционально: короткая анимация сегментации","Преподаватель Quranic Arabic и кари"
"QUR-124","Quran","Surah 110","124","An-Nasr / Ан-Наср: Последовательность смысла","Ученик сможет восстанавливать только утверждённую редактором смысловую последовательность суры с указанием издания перевода; рабочий диапазон 110:1-3.","Intermediate 1","QUR-123","Tanzil Quran Text v1.1 110:1-3 (https://tanzil.net/docs/download); Quran Foundation chapter/verses API, chapter 110 (https://api-docs.quran.com/docs/api-reference/); перевод/тафсир не выбран","Tanzil Quran Text: CC BY 3.0, verbatim only, attribution/link/notice required. Quran Foundation and each translation/tafsir/audio resource remain subject to current API and source-specific terms. Muslingo pedagogy must be original.","Planned, not publication-approved: canonical text checksum, edition-specific translation/tafsir rights, Islamic meaning review, qualified reciter/audio rights and accessibility QA required.","Рекомендуется: объяснение редактора 2-4 мин","Исламский редактор с заявленной областью компетенции"
"QUR-125","Quran","Surah 110","125","An-Nasr / Ан-Наср: Цепочка хифза","Ученик сможет воспроизводить аяты по частям и целиком со скрытым текстом, отдельно измеряя порядок слов и качество чтения; рабочий диапазон 110:1-3.","Intermediate 1","QUR-124","Tanzil Quran Text v1.1 110:1-3 (https://tanzil.net/docs/download); Quran Foundation chapter/verses API, chapter 110 (https://api-docs.quran.com/docs/api-reference/); перевод/тафсир не выбран","Tanzil Quran Text: CC BY 3.0, verbatim only, attribution/link/notice required. Quran Foundation and each translation/tafsir/audio resource remain subject to current API and source-specific terms. Muslingo pedagogy must be original.","Planned, not publication-approved: canonical text checksum, edition-specific translation/tafsir rights, Islamic meaning review, qualified reciter/audio rights and accessibility QA required.","Не требуется; нужен A/B-аудиорежим","Кари и преподаватель хифза"
"QUR-126","Quran","Surah 110","126","An-Nasr / Ан-Наср: Отложенное мастерство","Ученик сможет через интервальную паузу показать чтение, продолжение, базовое понимание и воспроизведение без подсказки; рабочий диапазон 110:1-3.","Intermediate 2","QUR-125","Tanzil Quran Text v1.1 110:1-3 (https://tanzil.net/docs/download); Quran Foundation chapter/verses API, chapter 110 (https://api-docs.quran.com/docs/api-reference/); перевод/тафсир не выбран","Tanzil Quran Text: CC BY 3.0, verbatim only, attribution/link/notice required. Quran Foundation and each translation/tafsir/audio resource remain subject to current API and source-specific terms. Muslingo pedagogy must be original.","Planned, not publication-approved: canonical text checksum, edition-specific translation/tafsir rights, Islamic meaning review, qualified reciter/audio rights and accessibility QA required.","Опционально: итоговая обратная связь","Кари, исламский редактор и методист"
"QUR-127","Quran","Surah 111","127","Al-Masad / Аль-Масад: Каноническая карта","Ученик сможет находить границы суры и аяты по устойчивому локатору, не смешивая арабский текст с переводом; рабочий диапазон 111:1-5.","Beginner 1","Базовая диагностика Muslingo","Tanzil Quran Text v1.1 111:1-5 (https://tanzil.net/docs/download); Quran Foundation chapter/verses API, chapter 111 (https://api-docs.quran.com/docs/api-reference/); перевод/тафсир не выбран","Tanzil Quran Text: CC BY 3.0, verbatim only, attribution/link/notice required. Quran Foundation and each translation/tafsir/audio resource remain subject to current API and source-specific terms. Muslingo pedagogy must be original.","Planned, not publication-approved: canonical text checksum, edition-specific translation/tafsir rights, Islamic meaning review, qualified reciter/audio rights and accessibility QA required.","Не требуется; статическая схема","Редактор Корана и специалист по доступности"
"QUR-128","Quran","Surah 111","128","Al-Masad / Аль-Масад: Аудиокарта","Ученик сможет следить за последовательностью аятов по человеческой записи и возвращаться к точному месту после паузы; рабочий диапазон 111:1-5.","Beginner 1","QUR-127","Tanzil Quran Text v1.1 111:1-5 (https://tanzil.net/docs/download); Quran Foundation chapter/verses API, chapter 111 (https://api-docs.quran.com/docs/api-reference/); перевод/тафсир не выбран","Tanzil Quran Text: CC BY 3.0, verbatim only, attribution/link/notice required. Quran Foundation and each translation/tafsir/audio resource remain subject to current API and source-specific terms. Muslingo pedagogy must be original.","Planned, not publication-approved: canonical text checksum, edition-specific translation/tafsir rights, Islamic meaning review, qualified reciter/audio rights and accessibility QA required.","Не требуется; нужен лицензированный звук","Квалифицированный кари, Hafs an Asim"
"QUR-129","Quran","Surah 111","129","Al-Masad / Аль-Масад: Карта слов","Ученик сможет узнавать выбранные после лингвистической проверки слова в тексте и аудио без догадки по длине ответа; рабочий диапазон 111:1-5.","Beginner 2","QUR-128","Tanzil Quran Text v1.1 111:1-5 (https://tanzil.net/docs/download); Quran Foundation chapter/verses API, chapter 111 (https://api-docs.quran.com/docs/api-reference/); перевод/тафсир не выбран","Tanzil Quran Text: CC BY 3.0, verbatim only, attribution/link/notice required. Quran Foundation and each translation/tafsir/audio resource remain subject to current API and source-specific terms. Muslingo pedagogy must be original.","Planned, not publication-approved: canonical text checksum, edition-specific translation/tafsir rights, Islamic meaning review, qualified reciter/audio rights and accessibility QA required.","Опционально: короткая анимация сегментации","Преподаватель Quranic Arabic и кари"
"QUR-130","Quran","Surah 111","130","Al-Masad / Аль-Масад: Последовательность смысла","Ученик сможет восстанавливать только утверждённую редактором смысловую последовательность суры с указанием издания перевода; рабочий диапазон 111:1-5.","Intermediate 1","QUR-129","Tanzil Quran Text v1.1 111:1-5 (https://tanzil.net/docs/download); Quran Foundation chapter/verses API, chapter 111 (https://api-docs.quran.com/docs/api-reference/); перевод/тафсир не выбран","Tanzil Quran Text: CC BY 3.0, verbatim only, attribution/link/notice required. Quran Foundation and each translation/tafsir/audio resource remain subject to current API and source-specific terms. Muslingo pedagogy must be original.","Planned, not publication-approved: canonical text checksum, edition-specific translation/tafsir rights, Islamic meaning review, qualified reciter/audio rights and accessibility QA required.","Рекомендуется: объяснение редактора 2-4 мин","Исламский редактор с заявленной областью компетенции"
"QUR-131","Quran","Surah 111","131","Al-Masad / Аль-Масад: Цепочка хифза","Ученик сможет воспроизводить аяты по частям и целиком со скрытым текстом, отдельно измеряя порядок слов и качество чтения; рабочий диапазон 111:1-5.","Intermediate 1","QUR-130","Tanzil Quran Text v1.1 111:1-5 (https://tanzil.net/docs/download); Quran Foundation chapter/verses API, chapter 111 (https://api-docs.quran.com/docs/api-reference/); перевод/тафсир не выбран","Tanzil Quran Text: CC BY 3.0, verbatim only, attribution/link/notice required. Quran Foundation and each translation/tafsir/audio resource remain subject to current API and source-specific terms. Muslingo pedagogy must be original.","Planned, not publication-approved: canonical text checksum, edition-specific translation/tafsir rights, Islamic meaning review, qualified reciter/audio rights and accessibility QA required.","Не требуется; нужен A/B-аудиорежим","Кари и преподаватель хифза"
"QUR-132","Quran","Surah 111","132","Al-Masad / Аль-Масад: Отложенное мастерство","Ученик сможет через интервальную паузу показать чтение, продолжение, базовое понимание и воспроизведение без подсказки; рабочий диапазон 111:1-5.","Intermediate 2","QUR-131","Tanzil Quran Text v1.1 111:1-5 (https://tanzil.net/docs/download); Quran Foundation chapter/verses API, chapter 111 (https://api-docs.quran.com/docs/api-reference/); перевод/тафсир не выбран","Tanzil Quran Text: CC BY 3.0, verbatim only, attribution/link/notice required. Quran Foundation and each translation/tafsir/audio resource remain subject to current API and source-specific terms. Muslingo pedagogy must be original.","Planned, not publication-approved: canonical text checksum, edition-specific translation/tafsir rights, Islamic meaning review, qualified reciter/audio rights and accessibility QA required.","Опционально: итоговая обратная связь","Кари, исламский редактор и методист"
"QUR-133","Quran","Surah 112","133","Al-Ikhlas / Аль-Ихляс: Каноническая карта","Ученик сможет находить границы суры и аяты по устойчивому локатору, не смешивая арабский текст с переводом; рабочий диапазон 112:1-4.","Beginner 1","Базовая диагностика Muslingo","Tanzil Quran Text v1.1 112:1-4 (https://tanzil.net/docs/download); Quran Foundation chapter/verses API, chapter 112 (https://api-docs.quran.com/docs/api-reference/); перевод/тафсир не выбран","Tanzil Quran Text: CC BY 3.0, verbatim only, attribution/link/notice required. Quran Foundation and each translation/tafsir/audio resource remain subject to current API and source-specific terms. Muslingo pedagogy must be original.","Planned, not publication-approved: canonical text checksum, edition-specific translation/tafsir rights, Islamic meaning review, qualified reciter/audio rights and accessibility QA required.","Не требуется; статическая схема","Редактор Корана и специалист по доступности"
"QUR-134","Quran","Surah 112","134","Al-Ikhlas / Аль-Ихляс: Аудиокарта","Ученик сможет следить за последовательностью аятов по человеческой записи и возвращаться к точному месту после паузы; рабочий диапазон 112:1-4.","Beginner 1","QUR-133","Tanzil Quran Text v1.1 112:1-4 (https://tanzil.net/docs/download); Quran Foundation chapter/verses API, chapter 112 (https://api-docs.quran.com/docs/api-reference/); перевод/тафсир не выбран","Tanzil Quran Text: CC BY 3.0, verbatim only, attribution/link/notice required. Quran Foundation and each translation/tafsir/audio resource remain subject to current API and source-specific terms. Muslingo pedagogy must be original.","Planned, not publication-approved: canonical text checksum, edition-specific translation/tafsir rights, Islamic meaning review, qualified reciter/audio rights and accessibility QA required.","Не требуется; нужен лицензированный звук","Квалифицированный кари, Hafs an Asim"
"QUR-135","Quran","Surah 112","135","Al-Ikhlas / Аль-Ихляс: Карта слов","Ученик сможет узнавать выбранные после лингвистической проверки слова в тексте и аудио без догадки по длине ответа; рабочий диапазон 112:1-4.","Beginner 2","QUR-134","Tanzil Quran Text v1.1 112:1-4 (https://tanzil.net/docs/download); Quran Foundation chapter/verses API, chapter 112 (https://api-docs.quran.com/docs/api-reference/); перевод/тафсир не выбран","Tanzil Quran Text: CC BY 3.0, verbatim only, attribution/link/notice required. Quran Foundation and each translation/tafsir/audio resource remain subject to current API and source-specific terms. Muslingo pedagogy must be original.","Planned, not publication-approved: canonical text checksum, edition-specific translation/tafsir rights, Islamic meaning review, qualified reciter/audio rights and accessibility QA required.","Опционально: короткая анимация сегментации","Преподаватель Quranic Arabic и кари"
"QUR-136","Quran","Surah 112","136","Al-Ikhlas / Аль-Ихляс: Последовательность смысла","Ученик сможет восстанавливать только утверждённую редактором смысловую последовательность суры с указанием издания перевода; рабочий диапазон 112:1-4.","Intermediate 1","QUR-135","Tanzil Quran Text v1.1 112:1-4 (https://tanzil.net/docs/download); Quran Foundation chapter/verses API, chapter 112 (https://api-docs.quran.com/docs/api-reference/); перевод/тафсир не выбран","Tanzil Quran Text: CC BY 3.0, verbatim only, attribution/link/notice required. Quran Foundation and each translation/tafsir/audio resource remain subject to current API and source-specific terms. Muslingo pedagogy must be original.","Planned, not publication-approved: canonical text checksum, edition-specific translation/tafsir rights, Islamic meaning review, qualified reciter/audio rights and accessibility QA required.","Рекомендуется: объяснение редактора 2-4 мин","Исламский редактор с заявленной областью компетенции"
"QUR-137","Quran","Surah 112","137","Al-Ikhlas / Аль-Ихляс: Цепочка хифза","Ученик сможет воспроизводить аяты по частям и целиком со скрытым текстом, отдельно измеряя порядок слов и качество чтения; рабочий диапазон 112:1-4.","Intermediate 1","QUR-136","Tanzil Quran Text v1.1 112:1-4 (https://tanzil.net/docs/download); Quran Foundation chapter/verses API, chapter 112 (https://api-docs.quran.com/docs/api-reference/); перевод/тафсир не выбран","Tanzil Quran Text: CC BY 3.0, verbatim only, attribution/link/notice required. Quran Foundation and each translation/tafsir/audio resource remain subject to current API and source-specific terms. Muslingo pedagogy must be original.","Planned, not publication-approved: canonical text checksum, edition-specific translation/tafsir rights, Islamic meaning review, qualified reciter/audio rights and accessibility QA required.","Не требуется; нужен A/B-аудиорежим","Кари и преподаватель хифза"
"QUR-138","Quran","Surah 112","138","Al-Ikhlas / Аль-Ихляс: Отложенное мастерство","Ученик сможет через интервальную паузу показать чтение, продолжение, базовое понимание и воспроизведение без подсказки; рабочий диапазон 112:1-4.","Intermediate 2","QUR-137","Tanzil Quran Text v1.1 112:1-4 (https://tanzil.net/docs/download); Quran Foundation chapter/verses API, chapter 112 (https://api-docs.quran.com/docs/api-reference/); перевод/тафсир не выбран","Tanzil Quran Text: CC BY 3.0, verbatim only, attribution/link/notice required. Quran Foundation and each translation/tafsir/audio resource remain subject to current API and source-specific terms. Muslingo pedagogy must be original.","Planned, not publication-approved: canonical text checksum, edition-specific translation/tafsir rights, Islamic meaning review, qualified reciter/audio rights and accessibility QA required.","Опционально: итоговая обратная связь","Кари, исламский редактор и методист"
"QUR-139","Quran","Surah 113","139","Al-Falaq / Аль-Фаляк: Каноническая карта","Ученик сможет находить границы суры и аяты по устойчивому локатору, не смешивая арабский текст с переводом; рабочий диапазон 113:1-5.","Beginner 1","Базовая диагностика Muslingo","Tanzil Quran Text v1.1 113:1-5 (https://tanzil.net/docs/download); Quran Foundation chapter/verses API, chapter 113 (https://api-docs.quran.com/docs/api-reference/); перевод/тафсир не выбран","Tanzil Quran Text: CC BY 3.0, verbatim only, attribution/link/notice required. Quran Foundation and each translation/tafsir/audio resource remain subject to current API and source-specific terms. Muslingo pedagogy must be original.","Planned, not publication-approved: canonical text checksum, edition-specific translation/tafsir rights, Islamic meaning review, qualified reciter/audio rights and accessibility QA required.","Не требуется; статическая схема","Редактор Корана и специалист по доступности"
"QUR-140","Quran","Surah 113","140","Al-Falaq / Аль-Фаляк: Аудиокарта","Ученик сможет следить за последовательностью аятов по человеческой записи и возвращаться к точному месту после паузы; рабочий диапазон 113:1-5.","Beginner 1","QUR-139","Tanzil Quran Text v1.1 113:1-5 (https://tanzil.net/docs/download); Quran Foundation chapter/verses API, chapter 113 (https://api-docs.quran.com/docs/api-reference/); перевод/тафсир не выбран","Tanzil Quran Text: CC BY 3.0, verbatim only, attribution/link/notice required. Quran Foundation and each translation/tafsir/audio resource remain subject to current API and source-specific terms. Muslingo pedagogy must be original.","Planned, not publication-approved: canonical text checksum, edition-specific translation/tafsir rights, Islamic meaning review, qualified reciter/audio rights and accessibility QA required.","Не требуется; нужен лицензированный звук","Квалифицированный кари, Hafs an Asim"
"QUR-141","Quran","Surah 113","141","Al-Falaq / Аль-Фаляк: Карта слов","Ученик сможет узнавать выбранные после лингвистической проверки слова в тексте и аудио без догадки по длине ответа; рабочий диапазон 113:1-5.","Beginner 2","QUR-140","Tanzil Quran Text v1.1 113:1-5 (https://tanzil.net/docs/download); Quran Foundation chapter/verses API, chapter 113 (https://api-docs.quran.com/docs/api-reference/); перевод/тафсир не выбран","Tanzil Quran Text: CC BY 3.0, verbatim only, attribution/link/notice required. Quran Foundation and each translation/tafsir/audio resource remain subject to current API and source-specific terms. Muslingo pedagogy must be original.","Planned, not publication-approved: canonical text checksum, edition-specific translation/tafsir rights, Islamic meaning review, qualified reciter/audio rights and accessibility QA required.","Опционально: короткая анимация сегментации","Преподаватель Quranic Arabic и кари"
"QUR-142","Quran","Surah 113","142","Al-Falaq / Аль-Фаляк: Последовательность смысла","Ученик сможет восстанавливать только утверждённую редактором смысловую последовательность суры с указанием издания перевода; рабочий диапазон 113:1-5.","Intermediate 1","QUR-141","Tanzil Quran Text v1.1 113:1-5 (https://tanzil.net/docs/download); Quran Foundation chapter/verses API, chapter 113 (https://api-docs.quran.com/docs/api-reference/); перевод/тафсир не выбран","Tanzil Quran Text: CC BY 3.0, verbatim only, attribution/link/notice required. Quran Foundation and each translation/tafsir/audio resource remain subject to current API and source-specific terms. Muslingo pedagogy must be original.","Planned, not publication-approved: canonical text checksum, edition-specific translation/tafsir rights, Islamic meaning review, qualified reciter/audio rights and accessibility QA required.","Рекомендуется: объяснение редактора 2-4 мин","Исламский редактор с заявленной областью компетенции"
"QUR-143","Quran","Surah 113","143","Al-Falaq / Аль-Фаляк: Цепочка хифза","Ученик сможет воспроизводить аяты по частям и целиком со скрытым текстом, отдельно измеряя порядок слов и качество чтения; рабочий диапазон 113:1-5.","Intermediate 1","QUR-142","Tanzil Quran Text v1.1 113:1-5 (https://tanzil.net/docs/download); Quran Foundation chapter/verses API, chapter 113 (https://api-docs.quran.com/docs/api-reference/); перевод/тафсир не выбран","Tanzil Quran Text: CC BY 3.0, verbatim only, attribution/link/notice required. Quran Foundation and each translation/tafsir/audio resource remain subject to current API and source-specific terms. Muslingo pedagogy must be original.","Planned, not publication-approved: canonical text checksum, edition-specific translation/tafsir rights, Islamic meaning review, qualified reciter/audio rights and accessibility QA required.","Не требуется; нужен A/B-аудиорежим","Кари и преподаватель хифза"
"QUR-144","Quran","Surah 113","144","Al-Falaq / Аль-Фаляк: Отложенное мастерство","Ученик сможет через интервальную паузу показать чтение, продолжение, базовое понимание и воспроизведение без подсказки; рабочий диапазон 113:1-5.","Intermediate 2","QUR-143","Tanzil Quran Text v1.1 113:1-5 (https://tanzil.net/docs/download); Quran Foundation chapter/verses API, chapter 113 (https://api-docs.quran.com/docs/api-reference/); перевод/тафсир не выбран","Tanzil Quran Text: CC BY 3.0, verbatim only, attribution/link/notice required. Quran Foundation and each translation/tafsir/audio resource remain subject to current API and source-specific terms. Muslingo pedagogy must be original.","Planned, not publication-approved: canonical text checksum, edition-specific translation/tafsir rights, Islamic meaning review, qualified reciter/audio rights and accessibility QA required.","Опционально: итоговая обратная связь","Кари, исламский редактор и методист"
"QUR-145","Quran","Surah 114","145","An-Nas / Ан-Нас: Каноническая карта","Ученик сможет находить границы суры и аяты по устойчивому локатору, не смешивая арабский текст с переводом; рабочий диапазон 114:1-6.","Beginner 1","Базовая диагностика Muslingo","Tanzil Quran Text v1.1 114:1-6 (https://tanzil.net/docs/download); Quran Foundation chapter/verses API, chapter 114 (https://api-docs.quran.com/docs/api-reference/); перевод/тафсир не выбран","Tanzil Quran Text: CC BY 3.0, verbatim only, attribution/link/notice required. Quran Foundation and each translation/tafsir/audio resource remain subject to current API and source-specific terms. Muslingo pedagogy must be original.","Planned, not publication-approved: canonical text checksum, edition-specific translation/tafsir rights, Islamic meaning review, qualified reciter/audio rights and accessibility QA required.","Не требуется; статическая схема","Редактор Корана и специалист по доступности"
"QUR-146","Quran","Surah 114","146","An-Nas / Ан-Нас: Аудиокарта","Ученик сможет следить за последовательностью аятов по человеческой записи и возвращаться к точному месту после паузы; рабочий диапазон 114:1-6.","Beginner 1","QUR-145","Tanzil Quran Text v1.1 114:1-6 (https://tanzil.net/docs/download); Quran Foundation chapter/verses API, chapter 114 (https://api-docs.quran.com/docs/api-reference/); перевод/тафсир не выбран","Tanzil Quran Text: CC BY 3.0, verbatim only, attribution/link/notice required. Quran Foundation and each translation/tafsir/audio resource remain subject to current API and source-specific terms. Muslingo pedagogy must be original.","Planned, not publication-approved: canonical text checksum, edition-specific translation/tafsir rights, Islamic meaning review, qualified reciter/audio rights and accessibility QA required.","Не требуется; нужен лицензированный звук","Квалифицированный кари, Hafs an Asim"
"QUR-147","Quran","Surah 114","147","An-Nas / Ан-Нас: Карта слов","Ученик сможет узнавать выбранные после лингвистической проверки слова в тексте и аудио без догадки по длине ответа; рабочий диапазон 114:1-6.","Beginner 2","QUR-146","Tanzil Quran Text v1.1 114:1-6 (https://tanzil.net/docs/download); Quran Foundation chapter/verses API, chapter 114 (https://api-docs.quran.com/docs/api-reference/); перевод/тафсир не выбран","Tanzil Quran Text: CC BY 3.0, verbatim only, attribution/link/notice required. Quran Foundation and each translation/tafsir/audio resource remain subject to current API and source-specific terms. Muslingo pedagogy must be original.","Planned, not publication-approved: canonical text checksum, edition-specific translation/tafsir rights, Islamic meaning review, qualified reciter/audio rights and accessibility QA required.","Опционально: короткая анимация сегментации","Преподаватель Quranic Arabic и кари"
"QUR-148","Quran","Surah 114","148","An-Nas / Ан-Нас: Последовательность смысла","Ученик сможет восстанавливать только утверждённую редактором смысловую последовательность суры с указанием издания перевода; рабочий диапазон 114:1-6.","Intermediate 1","QUR-147","Tanzil Quran Text v1.1 114:1-6 (https://tanzil.net/docs/download); Quran Foundation chapter/verses API, chapter 114 (https://api-docs.quran.com/docs/api-reference/); перевод/тафсир не выбран","Tanzil Quran Text: CC BY 3.0, verbatim only, attribution/link/notice required. Quran Foundation and each translation/tafsir/audio resource remain subject to current API and source-specific terms. Muslingo pedagogy must be original.","Planned, not publication-approved: canonical text checksum, edition-specific translation/tafsir rights, Islamic meaning review, qualified reciter/audio rights and accessibility QA required.","Рекомендуется: объяснение редактора 2-4 мин","Исламский редактор с заявленной областью компетенции"
"QUR-149","Quran","Surah 114","149","An-Nas / Ан-Нас: Цепочка хифза","Ученик сможет воспроизводить аяты по частям и целиком со скрытым текстом, отдельно измеряя порядок слов и качество чтения; рабочий диапазон 114:1-6.","Intermediate 1","QUR-148","Tanzil Quran Text v1.1 114:1-6 (https://tanzil.net/docs/download); Quran Foundation chapter/verses API, chapter 114 (https://api-docs.quran.com/docs/api-reference/); перевод/тафсир не выбран","Tanzil Quran Text: CC BY 3.0, verbatim only, attribution/link/notice required. Quran Foundation and each translation/tafsir/audio resource remain subject to current API and source-specific terms. Muslingo pedagogy must be original.","Planned, not publication-approved: canonical text checksum, edition-specific translation/tafsir rights, Islamic meaning review, qualified reciter/audio rights and accessibility QA required.","Не требуется; нужен A/B-аудиорежим","Кари и преподаватель хифза"
"QUR-150","Quran","Surah 114","150","An-Nas / Ан-Нас: Отложенное мастерство","Ученик сможет через интервальную паузу показать чтение, продолжение, базовое понимание и воспроизведение без подсказки; рабочий диапазон 114:1-6.","Intermediate 2","QUR-149","Tanzil Quran Text v1.1 114:1-6 (https://tanzil.net/docs/download); Quran Foundation chapter/verses API, chapter 114 (https://api-docs.quran.com/docs/api-reference/); перевод/тафсир не выбран","Tanzil Quran Text: CC BY 3.0, verbatim only, attribution/link/notice required. Quran Foundation and each translation/tafsir/audio resource remain subject to current API and source-specific terms. Muslingo pedagogy must be original.","Planned, not publication-approved: canonical text checksum, edition-specific translation/tafsir rights, Islamic meaning review, qualified reciter/audio rights and accessibility QA required.","Опционально: итоговая обратная связь","Кари, исламский редактор и методист"
"ARB-001","Arabic","Script and sound","1","Буква ا (alif): распознавание в контексте","Распознать букву ا в изолированной и соединённой форме и отличить её от визуально близких букв; произношение оценивает человек или валидированный узкий тест.","Beginner 1","Нет","QAC Phonetic Transcription, letter alif (https://corpus.quran.com/documentation/phonetic.jsp); Quran examples selected verbatim from Tanzil after review","QAC v0.4: GPL plus corpus terms, attribution/link/notice and no alteration of source file. Tanzil Arabic examples remain verbatim CC BY 3.0. Course benchmarks are reference-only; no third-party lesson text may be copied.","Planned, not publication-approved: Arabic linguist review, Quran locator validation, QAC/Tanzil attribution compliance and assessment pilot required.","Нужно для места артикуляции; не использовать синтетическое чтение","Arabic phonetics teacher; qualified reciter for Quran examples"
"ARB-002","Arabic","Script and sound","2","Буква ب (ba): распознавание в контексте","Распознать букву ب в изолированной и соединённой форме и отличить её от визуально близких букв; произношение оценивает человек или валидированный узкий тест.","Beginner 1","Нет","QAC Phonetic Transcription, letter ba (https://corpus.quran.com/documentation/phonetic.jsp); Quran examples selected verbatim from Tanzil after review","QAC v0.4: GPL plus corpus terms, attribution/link/notice and no alteration of source file. Tanzil Arabic examples remain verbatim CC BY 3.0. Course benchmarks are reference-only; no third-party lesson text may be copied.","Planned, not publication-approved: Arabic linguist review, Quran locator validation, QAC/Tanzil attribution compliance and assessment pilot required.","Нужно для места артикуляции; не использовать синтетическое чтение","Arabic phonetics teacher; qualified reciter for Quran examples"
"ARB-003","Arabic","Script and sound","3","Буква ت (ta): распознавание в контексте","Распознать букву ت в изолированной и соединённой форме и отличить её от визуально близких букв; произношение оценивает человек или валидированный узкий тест.","Beginner 1","Нет","QAC Phonetic Transcription, letter ta (https://corpus.quran.com/documentation/phonetic.jsp); Quran examples selected verbatim from Tanzil after review","QAC v0.4: GPL plus corpus terms, attribution/link/notice and no alteration of source file. Tanzil Arabic examples remain verbatim CC BY 3.0. Course benchmarks are reference-only; no third-party lesson text may be copied.","Planned, not publication-approved: Arabic linguist review, Quran locator validation, QAC/Tanzil attribution compliance and assessment pilot required.","Нужно для места артикуляции; не использовать синтетическое чтение","Arabic phonetics teacher; qualified reciter for Quran examples"
"ARB-004","Arabic","Script and sound","4","Буква ث (tha): распознавание в контексте","Распознать букву ث в изолированной и соединённой форме и отличить её от визуально близких букв; произношение оценивает человек или валидированный узкий тест.","Beginner 1","Нет","QAC Phonetic Transcription, letter tha (https://corpus.quran.com/documentation/phonetic.jsp); Quran examples selected verbatim from Tanzil after review","QAC v0.4: GPL plus corpus terms, attribution/link/notice and no alteration of source file. Tanzil Arabic examples remain verbatim CC BY 3.0. Course benchmarks are reference-only; no third-party lesson text may be copied.","Planned, not publication-approved: Arabic linguist review, Quran locator validation, QAC/Tanzil attribution compliance and assessment pilot required.","Нужно для места артикуляции; не использовать синтетическое чтение","Arabic phonetics teacher; qualified reciter for Quran examples"
"ARB-005","Arabic","Script and sound","5","Буква ج (jim): распознавание в контексте","Распознать букву ج в изолированной и соединённой форме и отличить её от визуально близких букв; произношение оценивает человек или валидированный узкий тест.","Beginner 1","Нет","QAC Phonetic Transcription, letter jim (https://corpus.quran.com/documentation/phonetic.jsp); Quran examples selected verbatim from Tanzil after review","QAC v0.4: GPL plus corpus terms, attribution/link/notice and no alteration of source file. Tanzil Arabic examples remain verbatim CC BY 3.0. Course benchmarks are reference-only; no third-party lesson text may be copied.","Planned, not publication-approved: Arabic linguist review, Quran locator validation, QAC/Tanzil attribution compliance and assessment pilot required.","Нужно для места артикуляции; не использовать синтетическое чтение","Arabic phonetics teacher; qualified reciter for Quran examples"
"ARB-006","Arabic","Script and sound","6","Буква ح (ha emphatic): распознавание в контексте","Распознать букву ح в изолированной и соединённой форме и отличить её от визуально близких букв; произношение оценивает человек или валидированный узкий тест.","Beginner 1","Нет","QAC Phonetic Transcription, letter ha emphatic (https://corpus.quran.com/documentation/phonetic.jsp); Quran examples selected verbatim from Tanzil after review","QAC v0.4: GPL plus corpus terms, attribution/link/notice and no alteration of source file. Tanzil Arabic examples remain verbatim CC BY 3.0. Course benchmarks are reference-only; no third-party lesson text may be copied.","Planned, not publication-approved: Arabic linguist review, Quran locator validation, QAC/Tanzil attribution compliance and assessment pilot required.","Нужно для места артикуляции; не использовать синтетическое чтение","Arabic phonetics teacher; qualified reciter for Quran examples"
"ARB-007","Arabic","Script and sound","7","Буква خ (kha): распознавание в контексте","Распознать букву خ в изолированной и соединённой форме и отличить её от визуально близких букв; произношение оценивает человек или валидированный узкий тест.","Beginner 1","Нет","QAC Phonetic Transcription, letter kha (https://corpus.quran.com/documentation/phonetic.jsp); Quran examples selected verbatim from Tanzil after review","QAC v0.4: GPL plus corpus terms, attribution/link/notice and no alteration of source file. Tanzil Arabic examples remain verbatim CC BY 3.0. Course benchmarks are reference-only; no third-party lesson text may be copied.","Planned, not publication-approved: Arabic linguist review, Quran locator validation, QAC/Tanzil attribution compliance and assessment pilot required.","Нужно для места артикуляции; не использовать синтетическое чтение","Arabic phonetics teacher; qualified reciter for Quran examples"
"ARB-008","Arabic","Script and sound","8","Буква د (dal): распознавание в контексте","Распознать букву د в изолированной и соединённой форме и отличить её от визуально близких букв; произношение оценивает человек или валидированный узкий тест.","Beginner 1","Нет","QAC Phonetic Transcription, letter dal (https://corpus.quran.com/documentation/phonetic.jsp); Quran examples selected verbatim from Tanzil after review","QAC v0.4: GPL plus corpus terms, attribution/link/notice and no alteration of source file. Tanzil Arabic examples remain verbatim CC BY 3.0. Course benchmarks are reference-only; no third-party lesson text may be copied.","Planned, not publication-approved: Arabic linguist review, Quran locator validation, QAC/Tanzil attribution compliance and assessment pilot required.","Нужно для места артикуляции; не использовать синтетическое чтение","Arabic phonetics teacher; qualified reciter for Quran examples"
"ARB-009","Arabic","Script and sound","9","Буква ذ (dhal): распознавание в контексте","Распознать букву ذ в изолированной и соединённой форме и отличить её от визуально близких букв; произношение оценивает человек или валидированный узкий тест.","Beginner 1","Нет","QAC Phonetic Transcription, letter dhal (https://corpus.quran.com/documentation/phonetic.jsp); Quran examples selected verbatim from Tanzil after review","QAC v0.4: GPL plus corpus terms, attribution/link/notice and no alteration of source file. Tanzil Arabic examples remain verbatim CC BY 3.0. Course benchmarks are reference-only; no third-party lesson text may be copied.","Planned, not publication-approved: Arabic linguist review, Quran locator validation, QAC/Tanzil attribution compliance and assessment pilot required.","Нужно для места артикуляции; не использовать синтетическое чтение","Arabic phonetics teacher; qualified reciter for Quran examples"
"ARB-010","Arabic","Script and sound","10","Буква ر (ra): распознавание в контексте","Распознать букву ر в изолированной и соединённой форме и отличить её от визуально близких букв; произношение оценивает человек или валидированный узкий тест.","Beginner 1","Нет","QAC Phonetic Transcription, letter ra (https://corpus.quran.com/documentation/phonetic.jsp); Quran examples selected verbatim from Tanzil after review","QAC v0.4: GPL plus corpus terms, attribution/link/notice and no alteration of source file. Tanzil Arabic examples remain verbatim CC BY 3.0. Course benchmarks are reference-only; no third-party lesson text may be copied.","Planned, not publication-approved: Arabic linguist review, Quran locator validation, QAC/Tanzil attribution compliance and assessment pilot required.","Нужно для места артикуляции; не использовать синтетическое чтение","Arabic phonetics teacher; qualified reciter for Quran examples"
"ARB-011","Arabic","Script and sound","11","Буква ز (zay): распознавание в контексте","Распознать букву ز в изолированной и соединённой форме и отличить её от визуально близких букв; произношение оценивает человек или валидированный узкий тест.","Beginner 1","Нет","QAC Phonetic Transcription, letter zay (https://corpus.quran.com/documentation/phonetic.jsp); Quran examples selected verbatim from Tanzil after review","QAC v0.4: GPL plus corpus terms, attribution/link/notice and no alteration of source file. Tanzil Arabic examples remain verbatim CC BY 3.0. Course benchmarks are reference-only; no third-party lesson text may be copied.","Planned, not publication-approved: Arabic linguist review, Quran locator validation, QAC/Tanzil attribution compliance and assessment pilot required.","Нужно для места артикуляции; не использовать синтетическое чтение","Arabic phonetics teacher; qualified reciter for Quran examples"
"ARB-012","Arabic","Script and sound","12","Буква س (sin): распознавание в контексте","Распознать букву س в изолированной и соединённой форме и отличить её от визуально близких букв; произношение оценивает человек или валидированный узкий тест.","Beginner 1","Нет","QAC Phonetic Transcription, letter sin (https://corpus.quran.com/documentation/phonetic.jsp); Quran examples selected verbatim from Tanzil after review","QAC v0.4: GPL plus corpus terms, attribution/link/notice and no alteration of source file. Tanzil Arabic examples remain verbatim CC BY 3.0. Course benchmarks are reference-only; no third-party lesson text may be copied.","Planned, not publication-approved: Arabic linguist review, Quran locator validation, QAC/Tanzil attribution compliance and assessment pilot required.","Нужно для места артикуляции; не использовать синтетическое чтение","Arabic phonetics teacher; qualified reciter for Quran examples"
"ARB-013","Arabic","Script and sound","13","Буква ش (shin): распознавание в контексте","Распознать букву ش в изолированной и соединённой форме и отличить её от визуально близких букв; произношение оценивает человек или валидированный узкий тест.","Beginner 1","Нет","QAC Phonetic Transcription, letter shin (https://corpus.quran.com/documentation/phonetic.jsp); Quran examples selected verbatim from Tanzil after review","QAC v0.4: GPL plus corpus terms, attribution/link/notice and no alteration of source file. Tanzil Arabic examples remain verbatim CC BY 3.0. Course benchmarks are reference-only; no third-party lesson text may be copied.","Planned, not publication-approved: Arabic linguist review, Quran locator validation, QAC/Tanzil attribution compliance and assessment pilot required.","Нужно для места артикуляции; не использовать синтетическое чтение","Arabic phonetics teacher; qualified reciter for Quran examples"
"ARB-014","Arabic","Script and sound","14","Буква ص (sad): распознавание в контексте","Распознать букву ص в изолированной и соединённой форме и отличить её от визуально близких букв; произношение оценивает человек или валидированный узкий тест.","Beginner 1","Нет","QAC Phonetic Transcription, letter sad (https://corpus.quran.com/documentation/phonetic.jsp); Quran examples selected verbatim from Tanzil after review","QAC v0.4: GPL plus corpus terms, attribution/link/notice and no alteration of source file. Tanzil Arabic examples remain verbatim CC BY 3.0. Course benchmarks are reference-only; no third-party lesson text may be copied.","Planned, not publication-approved: Arabic linguist review, Quran locator validation, QAC/Tanzil attribution compliance and assessment pilot required.","Нужно для места артикуляции; не использовать синтетическое чтение","Arabic phonetics teacher; qualified reciter for Quran examples"
"ARB-015","Arabic","Script and sound","15","Буква ض (dad): распознавание в контексте","Распознать букву ض в изолированной и соединённой форме и отличить её от визуально близких букв; произношение оценивает человек или валидированный узкий тест.","Beginner 1","Нет","QAC Phonetic Transcription, letter dad (https://corpus.quran.com/documentation/phonetic.jsp); Quran examples selected verbatim from Tanzil after review","QAC v0.4: GPL plus corpus terms, attribution/link/notice and no alteration of source file. Tanzil Arabic examples remain verbatim CC BY 3.0. Course benchmarks are reference-only; no third-party lesson text may be copied.","Planned, not publication-approved: Arabic linguist review, Quran locator validation, QAC/Tanzil attribution compliance and assessment pilot required.","Нужно для места артикуляции; не использовать синтетическое чтение","Arabic phonetics teacher; qualified reciter for Quran examples"
"ARB-016","Arabic","Script and sound","16","Буква ط (ta emphatic): распознавание в контексте","Распознать букву ط в изолированной и соединённой форме и отличить её от визуально близких букв; произношение оценивает человек или валидированный узкий тест.","Beginner 1","Нет","QAC Phonetic Transcription, letter ta emphatic (https://corpus.quran.com/documentation/phonetic.jsp); Quran examples selected verbatim from Tanzil after review","QAC v0.4: GPL plus corpus terms, attribution/link/notice and no alteration of source file. Tanzil Arabic examples remain verbatim CC BY 3.0. Course benchmarks are reference-only; no third-party lesson text may be copied.","Planned, not publication-approved: Arabic linguist review, Quran locator validation, QAC/Tanzil attribution compliance and assessment pilot required.","Нужно для места артикуляции; не использовать синтетическое чтение","Arabic phonetics teacher; qualified reciter for Quran examples"
"ARB-017","Arabic","Script and sound","17","Буква ظ (za emphatic): распознавание в контексте","Распознать букву ظ в изолированной и соединённой форме и отличить её от визуально близких букв; произношение оценивает человек или валидированный узкий тест.","Beginner 1","Нет","QAC Phonetic Transcription, letter za emphatic (https://corpus.quran.com/documentation/phonetic.jsp); Quran examples selected verbatim from Tanzil after review","QAC v0.4: GPL plus corpus terms, attribution/link/notice and no alteration of source file. Tanzil Arabic examples remain verbatim CC BY 3.0. Course benchmarks are reference-only; no third-party lesson text may be copied.","Planned, not publication-approved: Arabic linguist review, Quran locator validation, QAC/Tanzil attribution compliance and assessment pilot required.","Нужно для места артикуляции; не использовать синтетическое чтение","Arabic phonetics teacher; qualified reciter for Quran examples"
"ARB-018","Arabic","Script and sound","18","Буква ع (ayn): распознавание в контексте","Распознать букву ع в изолированной и соединённой форме и отличить её от визуально близких букв; произношение оценивает человек или валидированный узкий тест.","Beginner 1","Нет","QAC Phonetic Transcription, letter ayn (https://corpus.quran.com/documentation/phonetic.jsp); Quran examples selected verbatim from Tanzil after review","QAC v0.4: GPL plus corpus terms, attribution/link/notice and no alteration of source file. Tanzil Arabic examples remain verbatim CC BY 3.0. Course benchmarks are reference-only; no third-party lesson text may be copied.","Planned, not publication-approved: Arabic linguist review, Quran locator validation, QAC/Tanzil attribution compliance and assessment pilot required.","Нужно для места артикуляции; не использовать синтетическое чтение","Arabic phonetics teacher; qualified reciter for Quran examples"
"ARB-019","Arabic","Script and sound","19","Буква غ (ghayn): распознавание в контексте","Распознать букву غ в изолированной и соединённой форме и отличить её от визуально близких букв; произношение оценивает человек или валидированный узкий тест.","Beginner 1","Нет","QAC Phonetic Transcription, letter ghayn (https://corpus.quran.com/documentation/phonetic.jsp); Quran examples selected verbatim from Tanzil after review","QAC v0.4: GPL plus corpus terms, attribution/link/notice and no alteration of source file. Tanzil Arabic examples remain verbatim CC BY 3.0. Course benchmarks are reference-only; no third-party lesson text may be copied.","Planned, not publication-approved: Arabic linguist review, Quran locator validation, QAC/Tanzil attribution compliance and assessment pilot required.","Нужно для места артикуляции; не использовать синтетическое чтение","Arabic phonetics teacher; qualified reciter for Quran examples"
"ARB-020","Arabic","Script and sound","20","Буква ف (fa): распознавание в контексте","Распознать букву ف в изолированной и соединённой форме и отличить её от визуально близких букв; произношение оценивает человек или валидированный узкий тест.","Beginner 1","Нет","QAC Phonetic Transcription, letter fa (https://corpus.quran.com/documentation/phonetic.jsp); Quran examples selected verbatim from Tanzil after review","QAC v0.4: GPL plus corpus terms, attribution/link/notice and no alteration of source file. Tanzil Arabic examples remain verbatim CC BY 3.0. Course benchmarks are reference-only; no third-party lesson text may be copied.","Planned, not publication-approved: Arabic linguist review, Quran locator validation, QAC/Tanzil attribution compliance and assessment pilot required.","Нужно для места артикуляции; не использовать синтетическое чтение","Arabic phonetics teacher; qualified reciter for Quran examples"
"ARB-021","Arabic","Script and sound","21","Буква ق (qaf): распознавание в контексте","Распознать букву ق в изолированной и соединённой форме и отличить её от визуально близких букв; произношение оценивает человек или валидированный узкий тест.","Beginner 1","Нет","QAC Phonetic Transcription, letter qaf (https://corpus.quran.com/documentation/phonetic.jsp); Quran examples selected verbatim from Tanzil after review","QAC v0.4: GPL plus corpus terms, attribution/link/notice and no alteration of source file. Tanzil Arabic examples remain verbatim CC BY 3.0. Course benchmarks are reference-only; no third-party lesson text may be copied.","Planned, not publication-approved: Arabic linguist review, Quran locator validation, QAC/Tanzil attribution compliance and assessment pilot required.","Нужно для места артикуляции; не использовать синтетическое чтение","Arabic phonetics teacher; qualified reciter for Quran examples"
"ARB-022","Arabic","Script and sound","22","Буква ك (kaf): распознавание в контексте","Распознать букву ك в изолированной и соединённой форме и отличить её от визуально близких букв; произношение оценивает человек или валидированный узкий тест.","Beginner 1","Нет","QAC Phonetic Transcription, letter kaf (https://corpus.quran.com/documentation/phonetic.jsp); Quran examples selected verbatim from Tanzil after review","QAC v0.4: GPL plus corpus terms, attribution/link/notice and no alteration of source file. Tanzil Arabic examples remain verbatim CC BY 3.0. Course benchmarks are reference-only; no third-party lesson text may be copied.","Planned, not publication-approved: Arabic linguist review, Quran locator validation, QAC/Tanzil attribution compliance and assessment pilot required.","Нужно для места артикуляции; не использовать синтетическое чтение","Arabic phonetics teacher; qualified reciter for Quran examples"
"ARB-023","Arabic","Script and sound","23","Буква ل (lam): распознавание в контексте","Распознать букву ل в изолированной и соединённой форме и отличить её от визуально близких букв; произношение оценивает человек или валидированный узкий тест.","Beginner 1","Нет","QAC Phonetic Transcription, letter lam (https://corpus.quran.com/documentation/phonetic.jsp); Quran examples selected verbatim from Tanzil after review","QAC v0.4: GPL plus corpus terms, attribution/link/notice and no alteration of source file. Tanzil Arabic examples remain verbatim CC BY 3.0. Course benchmarks are reference-only; no third-party lesson text may be copied.","Planned, not publication-approved: Arabic linguist review, Quran locator validation, QAC/Tanzil attribution compliance and assessment pilot required.","Нужно для места артикуляции; не использовать синтетическое чтение","Arabic phonetics teacher; qualified reciter for Quran examples"
"ARB-024","Arabic","Script and sound","24","Буква م (mim): распознавание в контексте","Распознать букву م в изолированной и соединённой форме и отличить её от визуально близких букв; произношение оценивает человек или валидированный узкий тест.","Beginner 1","Нет","QAC Phonetic Transcription, letter mim (https://corpus.quran.com/documentation/phonetic.jsp); Quran examples selected verbatim from Tanzil after review","QAC v0.4: GPL plus corpus terms, attribution/link/notice and no alteration of source file. Tanzil Arabic examples remain verbatim CC BY 3.0. Course benchmarks are reference-only; no third-party lesson text may be copied.","Planned, not publication-approved: Arabic linguist review, Quran locator validation, QAC/Tanzil attribution compliance and assessment pilot required.","Нужно для места артикуляции; не использовать синтетическое чтение","Arabic phonetics teacher; qualified reciter for Quran examples"
"ARB-025","Arabic","Script and sound","25","Буква ن (nun): распознавание в контексте","Распознать букву ن в изолированной и соединённой форме и отличить её от визуально близких букв; произношение оценивает человек или валидированный узкий тест.","Beginner 1","Нет","QAC Phonetic Transcription, letter nun (https://corpus.quran.com/documentation/phonetic.jsp); Quran examples selected verbatim from Tanzil after review","QAC v0.4: GPL plus corpus terms, attribution/link/notice and no alteration of source file. Tanzil Arabic examples remain verbatim CC BY 3.0. Course benchmarks are reference-only; no third-party lesson text may be copied.","Planned, not publication-approved: Arabic linguist review, Quran locator validation, QAC/Tanzil attribution compliance and assessment pilot required.","Нужно для места артикуляции; не использовать синтетическое чтение","Arabic phonetics teacher; qualified reciter for Quran examples"
"ARB-026","Arabic","Script and sound","26","Буква ه (ha): распознавание в контексте","Распознать букву ه в изолированной и соединённой форме и отличить её от визуально близких букв; произношение оценивает человек или валидированный узкий тест.","Beginner 1","Нет","QAC Phonetic Transcription, letter ha (https://corpus.quran.com/documentation/phonetic.jsp); Quran examples selected verbatim from Tanzil after review","QAC v0.4: GPL plus corpus terms, attribution/link/notice and no alteration of source file. Tanzil Arabic examples remain verbatim CC BY 3.0. Course benchmarks are reference-only; no third-party lesson text may be copied.","Planned, not publication-approved: Arabic linguist review, Quran locator validation, QAC/Tanzil attribution compliance and assessment pilot required.","Нужно для места артикуляции; не использовать синтетическое чтение","Arabic phonetics teacher; qualified reciter for Quran examples"
"ARB-027","Arabic","Script and sound","27","Буква و (waw): распознавание в контексте","Распознать букву و в изолированной и соединённой форме и отличить её от визуально близких букв; произношение оценивает человек или валидированный узкий тест.","Beginner 1","Нет","QAC Phonetic Transcription, letter waw (https://corpus.quran.com/documentation/phonetic.jsp); Quran examples selected verbatim from Tanzil after review","QAC v0.4: GPL plus corpus terms, attribution/link/notice and no alteration of source file. Tanzil Arabic examples remain verbatim CC BY 3.0. Course benchmarks are reference-only; no third-party lesson text may be copied.","Planned, not publication-approved: Arabic linguist review, Quran locator validation, QAC/Tanzil attribution compliance and assessment pilot required.","Нужно для места артикуляции; не использовать синтетическое чтение","Arabic phonetics teacher; qualified reciter for Quran examples"
"ARB-028","Arabic","Script and sound","28","Буква ي (ya): распознавание в контексте","Распознать букву ي в изолированной и соединённой форме и отличить её от визуально близких букв; произношение оценивает человек или валидированный узкий тест.","Beginner 1","Нет","QAC Phonetic Transcription, letter ya (https://corpus.quran.com/documentation/phonetic.jsp); Quran examples selected verbatim from Tanzil after review","QAC v0.4: GPL plus corpus terms, attribution/link/notice and no alteration of source file. Tanzil Arabic examples remain verbatim CC BY 3.0. Course benchmarks are reference-only; no third-party lesson text may be copied.","Planned, not publication-approved: Arabic linguist review, Quran locator validation, QAC/Tanzil attribution compliance and assessment pilot required.","Нужно для места артикуляции; не использовать синтетическое чтение","Arabic phonetics teacher; qualified reciter for Quran examples"
"ARB-029","Arabic","Script and sound","29","Соединяющиеся и не соединяющиеся буквы","Классифицировать буквы по поведению соединения и собрать корректную цепочку справа налево.","Beginner 1","ARB-028","QAC phonetic/script documentation (https://corpus.quran.com/documentation/); Tanzil verified text examples selected during authoring","QAC v0.4: GPL plus corpus terms, attribution/link/notice and no alteration of source file. Tanzil Arabic examples remain verbatim CC BY 3.0. Course benchmarks are reference-only; no third-party lesson text may be copied.","Planned, not publication-approved: Arabic linguist review, Quran locator validation, QAC/Tanzil attribution compliance and assessment pilot required.","Опционально: крупный план письма","Arabic literacy teacher; reciter for Quran examples"
"ARB-030","Arabic","Script and sound","30","Изолированная и начальная форма","Сопоставлять изолированную и начальную форму одной буквы в незнакомых словах.","Beginner 1","ARB-029","QAC phonetic/script documentation (https://corpus.quran.com/documentation/); Tanzil verified text examples selected during authoring","QAC v0.4: GPL plus corpus terms, attribution/link/notice and no alteration of source file. Tanzil Arabic examples remain verbatim CC BY 3.0. Course benchmarks are reference-only; no third-party lesson text may be copied.","Planned, not publication-approved: Arabic linguist review, Quran locator validation, QAC/Tanzil attribution compliance and assessment pilot required.","Опционально: крупный план письма","Arabic literacy teacher; reciter for Quran examples"
"ARB-031","Arabic","Script and sound","31","Срединная и конечная форма","Сопоставлять срединную и конечную форму без подсказки транслитерации.","Beginner 1","ARB-030","QAC phonetic/script documentation (https://corpus.quran.com/documentation/); Tanzil verified text examples selected during authoring","QAC v0.4: GPL plus corpus terms, attribution/link/notice and no alteration of source file. Tanzil Arabic examples remain verbatim CC BY 3.0. Course benchmarks are reference-only; no third-party lesson text may be copied.","Planned, not publication-approved: Arabic linguist review, Quran locator validation, QAC/Tanzil attribution compliance and assessment pilot required.","Опционально: крупный план письма","Arabic literacy teacher; reciter for Quran examples"
"ARB-032","Arabic","Script and sound","32","Базовая линия и точки","Использовать положение относительно строки и точки для различения близких графем.","Beginner 1","ARB-031","QAC phonetic/script documentation (https://corpus.quran.com/documentation/); Tanzil verified text examples selected during authoring","QAC v0.4: GPL plus corpus terms, attribution/link/notice and no alteration of source file. Tanzil Arabic examples remain verbatim CC BY 3.0. Course benchmarks are reference-only; no third-party lesson text may be copied.","Planned, not publication-approved: Arabic linguist review, Quran locator validation, QAC/Tanzil attribution compliance and assessment pilot required.","Опционально: крупный план письма","Arabic literacy teacher; reciter for Quran examples"
"ARB-033","Arabic","Script and sound","33","Чтение справа налево","Удерживать направление чтения и порядок графем в короткой полностью огласованной строке.","Beginner 1","ARB-032","QAC phonetic/script documentation (https://corpus.quran.com/documentation/); Tanzil verified text examples selected during authoring","QAC v0.4: GPL plus corpus terms, attribution/link/notice and no alteration of source file. Tanzil Arabic examples remain verbatim CC BY 3.0. Course benchmarks are reference-only; no third-party lesson text may be copied.","Planned, not publication-approved: Arabic linguist review, Quran locator validation, QAC/Tanzil attribution compliance and assessment pilot required.","Опционально: крупный план письма","Arabic literacy teacher; reciter for Quran examples"
"ARB-034","Arabic","Script and sound","34","Усманийское начертание: первое знакомство","Узнавать уже изученные буквы в утверждённом шрифте мусхафа без интерпретации специальных знаков.","Beginner 1","ARB-033","QAC phonetic/script documentation (https://corpus.quran.com/documentation/); Tanzil verified text examples selected during authoring","QAC v0.4: GPL plus corpus terms, attribution/link/notice and no alteration of source file. Tanzil Arabic examples remain verbatim CC BY 3.0. Course benchmarks are reference-only; no third-party lesson text may be copied.","Planned, not publication-approved: Arabic linguist review, Quran locator validation, QAC/Tanzil attribution compliance and assessment pilot required.","Опционально: крупный план письма","Arabic literacy teacher; reciter for Quran examples"
"ARB-035","Arabic","Script and sound","35","Формы хамзы: обзор","Различать самостоятельную хамзу и её основные графические носители на уровне распознавания.","Beginner 1","ARB-034","QAC phonetic/script documentation (https://corpus.quran.com/documentation/); Tanzil verified text examples selected during authoring","QAC v0.4: GPL plus corpus terms, attribution/link/notice and no alteration of source file. Tanzil Arabic examples remain verbatim CC BY 3.0. Course benchmarks are reference-only; no third-party lesson text may be copied.","Planned, not publication-approved: Arabic linguist review, Quran locator validation, QAC/Tanzil attribution compliance and assessment pilot required.","Опционально: крупный план письма","Arabic literacy teacher; reciter for Quran examples"
"ARB-036","Arabic","Script and sound","36","Алиф максура и йа","Различать ى и ي в полностью огласованных примерах.","Beginner 1","ARB-035","QAC phonetic/script documentation (https://corpus.quran.com/documentation/); Tanzil verified text examples selected during authoring","QAC v0.4: GPL plus corpus terms, attribution/link/notice and no alteration of source file. Tanzil Arabic examples remain verbatim CC BY 3.0. Course benchmarks are reference-only; no third-party lesson text may be copied.","Planned, not publication-approved: Arabic linguist review, Quran locator validation, QAC/Tanzil attribution compliance and assessment pilot required.","Опционально: крупный план письма","Arabic literacy teacher; reciter for Quran examples"
"ARB-037","Arabic","Script and sound","37","Та марбута, ха и та","Различать ة, ه и ت визуально и передавать вопрос чтения на паузе в отдельный проверенный модуль.","Beginner 1","ARB-036","QAC phonetic/script documentation (https://corpus.quran.com/documentation/); Tanzil verified text examples selected during authoring","QAC v0.4: GPL plus corpus terms, attribution/link/notice and no alteration of source file. Tanzil Arabic examples remain verbatim CC BY 3.0. Course benchmarks are reference-only; no third-party lesson text may be copied.","Planned, not publication-approved: Arabic linguist review, Quran locator validation, QAC/Tanzil attribution compliance and assessment pilot required.","Опционально: крупный план письма","Arabic literacy teacher; reciter for Quran examples"
"ARB-038","Arabic","Script and sound","38","Лям-алиф","Распознавать لا как соединение двух букв, а не новую букву.","Beginner 1","ARB-037","QAC phonetic/script documentation (https://corpus.quran.com/documentation/); Tanzil verified text examples selected during authoring","QAC v0.4: GPL plus corpus terms, attribution/link/notice and no alteration of source file. Tanzil Arabic examples remain verbatim CC BY 3.0. Course benchmarks are reference-only; no third-party lesson text may be copied.","Planned, not publication-approved: Arabic linguist review, Quran locator validation, QAC/Tanzil attribution compliance and assessment pilot required.","Опционально: крупный план письма","Arabic literacy teacher; reciter for Quran examples"
"ARB-039","Arabic","Script and sound","39","Малый алиф и малые буквы мусхафа","Замечать dagger alif и малые буквы, не выводя правило до урока таджвида.","Beginner 1","ARB-038","QAC phonetic/script documentation (https://corpus.quran.com/documentation/); Tanzil verified text examples selected during authoring","QAC v0.4: GPL plus corpus terms, attribution/link/notice and no alteration of source file. Tanzil Arabic examples remain verbatim CC BY 3.0. Course benchmarks are reference-only; no third-party lesson text may be copied.","Planned, not publication-approved: Arabic linguist review, Quran locator validation, QAC/Tanzil attribution compliance and assessment pilot required.","Опционально: крупный план письма","Arabic literacy teacher; reciter for Quran examples"
"ARB-040","Arabic","Script and sound","40","Диагностика письма и чтения","Определить первый непройденный навык среди форм, точек, направления и соединения.","Beginner 1","ARB-039","QAC phonetic/script documentation (https://corpus.quran.com/documentation/); Tanzil verified text examples selected during authoring","QAC v0.4: GPL plus corpus terms, attribution/link/notice and no alteration of source file. Tanzil Arabic examples remain verbatim CC BY 3.0. Course benchmarks are reference-only; no third-party lesson text may be copied.","Planned, not publication-approved: Arabic linguist review, Quran locator validation, QAC/Tanzil attribution compliance and assessment pilot required.","Не требуется","Arabic literacy teacher; reciter for Quran examples"
"ARB-041","Arabic","Orthography and decoding","41","Фатха","Читать короткий a-гласный в новых слогах.","Beginner 2","ARB-040","QAC phonetic and Quran script documentation (https://corpus.quran.com/documentation/); exact Quran word locators selected and verified from Tanzil","QAC v0.4: GPL plus corpus terms, attribution/link/notice and no alteration of source file. Tanzil Arabic examples remain verbatim CC BY 3.0. Course benchmarks are reference-only; no third-party lesson text may be copied.","Planned, not publication-approved: Arabic linguist review, Quran locator validation, QAC/Tanzil attribution compliance and assessment pilot required.","Опционально","Arabic literacy teacher; Tajwid reviewer where recitation rule begins"
"ARB-042","Arabic","Orthography and decoding","42","Дамма","Читать короткий u-гласный в новых слогах.","Beginner 2","ARB-040","QAC phonetic and Quran script documentation (https://corpus.quran.com/documentation/); exact Quran word locators selected and verified from Tanzil","QAC v0.4: GPL plus corpus terms, attribution/link/notice and no alteration of source file. Tanzil Arabic examples remain verbatim CC BY 3.0. Course benchmarks are reference-only; no third-party lesson text may be copied.","Planned, not publication-approved: Arabic linguist review, Quran locator validation, QAC/Tanzil attribution compliance and assessment pilot required.","Опционально","Arabic literacy teacher; Tajwid reviewer where recitation rule begins"
"ARB-043","Arabic","Orthography and decoding","43","Касра","Читать короткий i-гласный в новых слогах.","Beginner 2","ARB-040","QAC phonetic and Quran script documentation (https://corpus.quran.com/documentation/); exact Quran word locators selected and verified from Tanzil","QAC v0.4: GPL plus corpus terms, attribution/link/notice and no alteration of source file. Tanzil Arabic examples remain verbatim CC BY 3.0. Course benchmarks are reference-only; no third-party lesson text may be copied.","Planned, not publication-approved: Arabic linguist review, Quran locator validation, QAC/Tanzil attribution compliance and assessment pilot required.","Опционально","Arabic literacy teacher; Tajwid reviewer where recitation rule begins"
"ARB-044","Arabic","Orthography and decoding","44","Фатхатан","Распознавать окончание an и отделять знак от основной буквы.","Beginner 2","ARB-040","QAC phonetic and Quran script documentation (https://corpus.quran.com/documentation/); exact Quran word locators selected and verified from Tanzil","QAC v0.4: GPL plus corpus terms, attribution/link/notice and no alteration of source file. Tanzil Arabic examples remain verbatim CC BY 3.0. Course benchmarks are reference-only; no third-party lesson text may be copied.","Planned, not publication-approved: Arabic linguist review, Quran locator validation, QAC/Tanzil attribution compliance and assessment pilot required.","Опционально","Arabic literacy teacher; Tajwid reviewer where recitation rule begins"
"ARB-045","Arabic","Orthography and decoding","45","Дамматан","Распознавать окончание un и отделять знак от основной буквы.","Beginner 2","ARB-040","QAC phonetic and Quran script documentation (https://corpus.quran.com/documentation/); exact Quran word locators selected and verified from Tanzil","QAC v0.4: GPL plus corpus terms, attribution/link/notice and no alteration of source file. Tanzil Arabic examples remain verbatim CC BY 3.0. Course benchmarks are reference-only; no third-party lesson text may be copied.","Planned, not publication-approved: Arabic linguist review, Quran locator validation, QAC/Tanzil attribution compliance and assessment pilot required.","Опционально","Arabic literacy teacher; Tajwid reviewer where recitation rule begins"
"ARB-046","Arabic","Orthography and decoding","46","Касратан","Распознавать окончание in и отделять знак от основной буквы.","Beginner 2","ARB-040","QAC phonetic and Quran script documentation (https://corpus.quran.com/documentation/); exact Quran word locators selected and verified from Tanzil","QAC v0.4: GPL plus corpus terms, attribution/link/notice and no alteration of source file. Tanzil Arabic examples remain verbatim CC BY 3.0. Course benchmarks are reference-only; no third-party lesson text may be copied.","Planned, not publication-approved: Arabic linguist review, Quran locator validation, QAC/Tanzil attribution compliance and assessment pilot required.","Опционально","Arabic literacy teacher; Tajwid reviewer where recitation rule begins"
"ARB-047","Arabic","Orthography and decoding","47","Сукун","Читать закрытый слог без вставочного гласного.","Beginner 2","ARB-040","QAC phonetic and Quran script documentation (https://corpus.quran.com/documentation/); exact Quran word locators selected and verified from Tanzil","QAC v0.4: GPL plus corpus terms, attribution/link/notice and no alteration of source file. Tanzil Arabic examples remain verbatim CC BY 3.0. Course benchmarks are reference-only; no third-party lesson text may be copied.","Planned, not publication-approved: Arabic linguist review, Quran locator validation, QAC/Tanzil attribution compliance and assessment pilot required.","Опционально","Arabic literacy teacher; Tajwid reviewer where recitation rule begins"
"ARB-048","Arabic","Orthography and decoding","48","Шадда","Разворачивать удвоенную согласную в слуховом и письменном задании.","Beginner 2","ARB-040","QAC phonetic and Quran script documentation (https://corpus.quran.com/documentation/); exact Quran word locators selected and verified from Tanzil","QAC v0.4: GPL plus corpus terms, attribution/link/notice and no alteration of source file. Tanzil Arabic examples remain verbatim CC BY 3.0. Course benchmarks are reference-only; no third-party lesson text may be copied.","Planned, not publication-approved: Arabic linguist review, Quran locator validation, QAC/Tanzil attribution compliance and assessment pilot required.","Опционально","Arabic literacy teacher; Tajwid reviewer where recitation rule begins"
"ARB-049","Arabic","Orthography and decoding","49","Долгий а: alif","Отличать краткий a от базового долгого ā без оценки продвинутого madd.","Beginner 2","ARB-040","QAC phonetic and Quran script documentation (https://corpus.quran.com/documentation/); exact Quran word locators selected and verified from Tanzil","QAC v0.4: GPL plus corpus terms, attribution/link/notice and no alteration of source file. Tanzil Arabic examples remain verbatim CC BY 3.0. Course benchmarks are reference-only; no third-party lesson text may be copied.","Planned, not publication-approved: Arabic linguist review, Quran locator validation, QAC/Tanzil attribution compliance and assessment pilot required.","Опционально","Arabic literacy teacher; Tajwid reviewer where recitation rule begins"
"ARB-050","Arabic","Orthography and decoding","50","Долгий и: ya","Отличать краткий i от базового долгого ī.","Beginner 2","ARB-040","QAC phonetic and Quran script documentation (https://corpus.quran.com/documentation/); exact Quran word locators selected and verified from Tanzil","QAC v0.4: GPL plus corpus terms, attribution/link/notice and no alteration of source file. Tanzil Arabic examples remain verbatim CC BY 3.0. Course benchmarks are reference-only; no third-party lesson text may be copied.","Planned, not publication-approved: Arabic linguist review, Quran locator validation, QAC/Tanzil attribution compliance and assessment pilot required.","Опционально","Arabic literacy teacher; Tajwid reviewer where recitation rule begins"
"ARB-051","Arabic","Orthography and decoding","51","Долгий у: waw","Отличать краткий u от базового долгого ū.","Beginner 2","ARB-040","QAC phonetic and Quran script documentation (https://corpus.quran.com/documentation/); exact Quran word locators selected and verified from Tanzil","QAC v0.4: GPL plus corpus terms, attribution/link/notice and no alteration of source file. Tanzil Arabic examples remain verbatim CC BY 3.0. Course benchmarks are reference-only; no third-party lesson text may be copied.","Planned, not publication-approved: Arabic linguist review, Quran locator validation, QAC/Tanzil attribution compliance and assessment pilot required.","Опционально","Arabic literacy teacher; Tajwid reviewer where recitation rule begins"
"ARB-052","Arabic","Orthography and decoding","52","Сочетание ay","Распознавать последовательность fatha + ya sakin в проверенных примерах.","Beginner 2","ARB-040","QAC phonetic and Quran script documentation (https://corpus.quran.com/documentation/); exact Quran word locators selected and verified from Tanzil","QAC v0.4: GPL plus corpus terms, attribution/link/notice and no alteration of source file. Tanzil Arabic examples remain verbatim CC BY 3.0. Course benchmarks are reference-only; no third-party lesson text may be copied.","Planned, not publication-approved: Arabic linguist review, Quran locator validation, QAC/Tanzil attribution compliance and assessment pilot required.","Опционально","Arabic literacy teacher; Tajwid reviewer where recitation rule begins"
"ARB-053","Arabic","Orthography and decoding","53","Сочетание aw","Распознавать последовательность fatha + waw sakin в проверенных примерах.","Beginner 2","ARB-040","QAC phonetic and Quran script documentation (https://corpus.quran.com/documentation/); exact Quran word locators selected and verified from Tanzil","QAC v0.4: GPL plus corpus terms, attribution/link/notice and no alteration of source file. Tanzil Arabic examples remain verbatim CC BY 3.0. Course benchmarks are reference-only; no third-party lesson text may be copied.","Planned, not publication-approved: Arabic linguist review, Quran locator validation, QAC/Tanzil attribution compliance and assessment pilot required.","Опционально","Arabic literacy teacher; Tajwid reviewer where recitation rule begins"
"ARB-054","Arabic","Orthography and decoding","54","Солнечные буквы","Замечать ассимиляцию lām определённого артикля в знакомых огласованных словах.","Beginner 2","ARB-040","QAC phonetic and Quran script documentation (https://corpus.quran.com/documentation/); exact Quran word locators selected and verified from Tanzil","QAC v0.4: GPL plus corpus terms, attribution/link/notice and no alteration of source file. Tanzil Arabic examples remain verbatim CC BY 3.0. Course benchmarks are reference-only; no third-party lesson text may be copied.","Planned, not publication-approved: Arabic linguist review, Quran locator validation, QAC/Tanzil attribution compliance and assessment pilot required.","Опционально","Arabic literacy teacher; Tajwid reviewer where recitation rule begins"
"ARB-055","Arabic","Orthography and decoding","55","Лунные буквы","Сохранять слышимое lām определённого артикля в знакомых огласованных словах.","Beginner 2","ARB-040","QAC phonetic and Quran script documentation (https://corpus.quran.com/documentation/); exact Quran word locators selected and verified from Tanzil","QAC v0.4: GPL plus corpus terms, attribution/link/notice and no alteration of source file. Tanzil Arabic examples remain verbatim CC BY 3.0. Course benchmarks are reference-only; no third-party lesson text may be copied.","Planned, not publication-approved: Arabic linguist review, Quran locator validation, QAC/Tanzil attribution compliance and assessment pilot required.","Опционально","Arabic literacy teacher; Tajwid reviewer where recitation rule begins"
"ARB-056","Arabic","Orthography and decoding","56","Hamzat al-wasl","Распознавать знак и сравнивать чтение в начале и при соединении только на утверждённых примерах.","Beginner 2","ARB-040","QAC phonetic and Quran script documentation (https://corpus.quran.com/documentation/); exact Quran word locators selected and verified from Tanzil","QAC v0.4: GPL plus corpus terms, attribution/link/notice and no alteration of source file. Tanzil Arabic examples remain verbatim CC BY 3.0. Course benchmarks are reference-only; no third-party lesson text may be copied.","Planned, not publication-approved: Arabic linguist review, Quran locator validation, QAC/Tanzil attribution compliance and assessment pilot required.","Рекомендуется: визуально-аудио демонстрация","Arabic literacy teacher; Tajwid reviewer where recitation rule begins"
"ARB-057","Arabic","Orthography and decoding","57","Hamzat al-qat","Распознавать устойчиво произносимую хамзу в начале и внутри слова.","Beginner 2","ARB-040","QAC phonetic and Quran script documentation (https://corpus.quran.com/documentation/); exact Quran word locators selected and verified from Tanzil","QAC v0.4: GPL plus corpus terms, attribution/link/notice and no alteration of source file. Tanzil Arabic examples remain verbatim CC BY 3.0. Course benchmarks are reference-only; no third-party lesson text may be copied.","Planned, not publication-approved: Arabic linguist review, Quran locator validation, QAC/Tanzil attribution compliance and assessment pilot required.","Рекомендуется: визуально-аудио демонстрация","Arabic literacy teacher; Tajwid reviewer where recitation rule begins"
"ARB-058","Arabic","Orthography and decoding","58","Alif maddah","Читать آ в пределах базовой грамотности; длительность оставить курсу таджвида.","Beginner 2","ARB-040","QAC phonetic and Quran script documentation (https://corpus.quran.com/documentation/); exact Quran word locators selected and verified from Tanzil","QAC v0.4: GPL plus corpus terms, attribution/link/notice and no alteration of source file. Tanzil Arabic examples remain verbatim CC BY 3.0. Course benchmarks are reference-only; no third-party lesson text may be copied.","Planned, not publication-approved: Arabic linguist review, Quran locator validation, QAC/Tanzil attribution compliance and assessment pilot required.","Опционально","Arabic literacy teacher; Tajwid reviewer where recitation rule begins"
"ARB-059","Arabic","Orthography and decoding","59","Хамза на alif","Распознавать أ и إ в полностью огласованном слове.","Beginner 2","ARB-040","QAC phonetic and Quran script documentation (https://corpus.quran.com/documentation/); exact Quran word locators selected and verified from Tanzil","QAC v0.4: GPL plus corpus terms, attribution/link/notice and no alteration of source file. Tanzil Arabic examples remain verbatim CC BY 3.0. Course benchmarks are reference-only; no third-party lesson text may be copied.","Planned, not publication-approved: Arabic linguist review, Quran locator validation, QAC/Tanzil attribution compliance and assessment pilot required.","Опционально","Arabic literacy teacher; Tajwid reviewer where recitation rule begins"
"ARB-060","Arabic","Orthography and decoding","60","Хамза на waw","Распознавать ؤ в полностью огласованном слове.","Beginner 2","ARB-040","QAC phonetic and Quran script documentation (https://corpus.quran.com/documentation/); exact Quran word locators selected and verified from Tanzil","QAC v0.4: GPL plus corpus terms, attribution/link/notice and no alteration of source file. Tanzil Arabic examples remain verbatim CC BY 3.0. Course benchmarks are reference-only; no third-party lesson text may be copied.","Planned, not publication-approved: Arabic linguist review, Quran locator validation, QAC/Tanzil attribution compliance and assessment pilot required.","Опционально","Arabic literacy teacher; Tajwid reviewer where recitation rule begins"
"ARB-061","Arabic","Orthography and decoding","61","Хамза на ya-seat","Распознавать ئ в полностью огласованном слове.","Beginner 2","ARB-040","QAC phonetic and Quran script documentation (https://corpus.quran.com/documentation/); exact Quran word locators selected and verified from Tanzil","QAC v0.4: GPL plus corpus terms, attribution/link/notice and no alteration of source file. Tanzil Arabic examples remain verbatim CC BY 3.0. Course benchmarks are reference-only; no third-party lesson text may be copied.","Planned, not publication-approved: Arabic linguist review, Quran locator validation, QAC/Tanzil attribution compliance and assessment pilot required.","Опционально","Arabic literacy teacher; Tajwid reviewer where recitation rule begins"
"ARB-062","Arabic","Orthography and decoding","62","Самостоятельная хамза","Распознавать самостоятельную хамзу ء в проверенных коранических словах и отличать её от форм с носителем без подсказки транслитерацией.","Beginner 2","ARB-040","QAC phonetic and Quran script documentation (https://corpus.quran.com/documentation/); exact Quran word locators selected and verified from Tanzil","QAC v0.4: GPL plus corpus terms, attribution/link/notice and no alteration of source file. Tanzil Arabic examples remain verbatim CC BY 3.0. Course benchmarks are reference-only; no third-party lesson text may be copied.","Planned, not publication-approved: Arabic linguist review, Quran locator validation, QAC/Tanzil attribution compliance and assessment pilot required.","Опционально","Arabic literacy teacher; Tajwid reviewer where recitation rule begins"
"ARB-063","Arabic","Orthography and decoding","63","Граница слова","Разделять строку на слова, не разрушая присоединённые служебные элементы.","Beginner 2","ARB-040","QAC phonetic and Quran script documentation (https://corpus.quran.com/documentation/); exact Quran word locators selected and verified from Tanzil","QAC v0.4: GPL plus corpus terms, attribution/link/notice and no alteration of source file. Tanzil Arabic examples remain verbatim CC BY 3.0. Course benchmarks are reference-only; no third-party lesson text may be copied.","Planned, not publication-approved: Arabic linguist review, Quran locator validation, QAC/Tanzil attribution compliance and assessment pilot required.","Опционально","Arabic literacy teacher; Tajwid reviewer where recitation rule begins"
"ARB-064","Arabic","Orthography and decoding","64","Префикс wa-","Отделять присоединённый wa- как сегмент, не утверждая его функцию без контекста.","Beginner 2","ARB-040","QAC phonetic and Quran script documentation (https://corpus.quran.com/documentation/); exact Quran word locators selected and verified from Tanzil","QAC v0.4: GPL plus corpus terms, attribution/link/notice and no alteration of source file. Tanzil Arabic examples remain verbatim CC BY 3.0. Course benchmarks are reference-only; no third-party lesson text may be copied.","Planned, not publication-approved: Arabic linguist review, Quran locator validation, QAC/Tanzil attribution compliance and assessment pilot required.","Опционально","Arabic literacy teacher; Tajwid reviewer where recitation rule begins"
"ARB-065","Arabic","Orthography and decoding","65","Префикс fa-","Отделять присоединённый fa- как сегмент, не сводя все употребления к одному переводу.","Beginner 2","ARB-040","QAC phonetic and Quran script documentation (https://corpus.quran.com/documentation/); exact Quran word locators selected and verified from Tanzil","QAC v0.4: GPL plus corpus terms, attribution/link/notice and no alteration of source file. Tanzil Arabic examples remain verbatim CC BY 3.0. Course benchmarks are reference-only; no third-party lesson text may be copied.","Planned, not publication-approved: Arabic linguist review, Quran locator validation, QAC/Tanzil attribution compliance and assessment pilot required.","Опционально","Arabic literacy teacher; Tajwid reviewer where recitation rule begins"
"ARB-066","Arabic","Orthography and decoding","66","Префиксы bi-, ka-, li-","Видеть односимвольный префикс и основу слова в огласованном примере.","Beginner 2","ARB-040","QAC phonetic and Quran script documentation (https://corpus.quran.com/documentation/); exact Quran word locators selected and verified from Tanzil","QAC v0.4: GPL plus corpus terms, attribution/link/notice and no alteration of source file. Tanzil Arabic examples remain verbatim CC BY 3.0. Course benchmarks are reference-only; no third-party lesson text may be copied.","Planned, not publication-approved: Arabic linguist review, Quran locator validation, QAC/Tanzil attribution compliance and assessment pilot required.","Опционально","Arabic literacy teacher; Tajwid reviewer where recitation rule begins"
"ARB-067","Arabic","Orthography and decoding","67","Знаки аята","Отличать номер/границу аята от букв и огласовок.","Beginner 2","ARB-040","QAC phonetic and Quran script documentation (https://corpus.quran.com/documentation/); exact Quran word locators selected and verified from Tanzil","QAC v0.4: GPL plus corpus terms, attribution/link/notice and no alteration of source file. Tanzil Arabic examples remain verbatim CC BY 3.0. Course benchmarks are reference-only; no third-party lesson text may be copied.","Planned, not publication-approved: Arabic linguist review, Quran locator validation, QAC/Tanzil attribution compliance and assessment pilot required.","Опционально","Arabic literacy teacher; Tajwid reviewer where recitation rule begins"
"ARB-068","Arabic","Orthography and decoding","68","Базовые знаки паузы","Распознавать выбранный редактором набор знаков; решение об остановке переносить в Tajwid.","Beginner 2","ARB-040","QAC phonetic and Quran script documentation (https://corpus.quran.com/documentation/); exact Quran word locators selected and verified from Tanzil","QAC v0.4: GPL plus corpus terms, attribution/link/notice and no alteration of source file. Tanzil Arabic examples remain verbatim CC BY 3.0. Course benchmarks are reference-only; no third-party lesson text may be copied.","Planned, not publication-approved: Arabic linguist review, Quran locator validation, QAC/Tanzil attribution compliance and assessment pilot required.","Опционально","Arabic literacy teacher; Tajwid reviewer where recitation rule begins"
"ARB-069","Arabic","Orthography and decoding","69","Постепенное снятие огласовок","Читать знакомые слова при частично скрытых огласовках без изменения канонического текста.","Beginner 2","ARB-040","QAC phonetic and Quran script documentation (https://corpus.quran.com/documentation/); exact Quran word locators selected and verified from Tanzil","QAC v0.4: GPL plus corpus terms, attribution/link/notice and no alteration of source file. Tanzil Arabic examples remain verbatim CC BY 3.0. Course benchmarks are reference-only; no third-party lesson text may be copied.","Planned, not publication-approved: Arabic linguist review, Quran locator validation, QAC/Tanzil attribution compliance and assessment pilot required.","Рекомендуется: визуально-аудио демонстрация","Arabic literacy teacher; Tajwid reviewer where recitation rule begins"
"ARB-070","Arabic","Orthography and decoding","70","Перенос декодирования","Прочитать незнакомую короткую строку из уже изученных элементов без транслитерации.","Beginner 2","ARB-040","QAC phonetic and Quran script documentation (https://corpus.quran.com/documentation/); exact Quran word locators selected and verified from Tanzil","QAC v0.4: GPL plus corpus terms, attribution/link/notice and no alteration of source file. Tanzil Arabic examples remain verbatim CC BY 3.0. Course benchmarks are reference-only; no third-party lesson text may be copied.","Planned, not publication-approved: Arabic linguist review, Quran locator validation, QAC/Tanzil attribution compliance and assessment pilot required.","Опционально","Arabic literacy teacher; Tajwid reviewer where recitation rule begins"
"ARB-071","Arabic","Quranic vocabulary","71","Определённый артикль al-","Находить определённый артикль al- и основу слова в новых огласованных примерах, не угадывая значение только по переводу.","Beginner 2","ARB-070","QAC POS tagset/search, locator Определённый артикль al- (https://corpus.quran.com/documentation/tagset.jsp); exact occurrences selected in source packet","QAC v0.4: GPL plus corpus terms, attribution/link/notice and no alteration of source file. Tanzil Arabic examples remain verbatim CC BY 3.0. Course benchmarks are reference-only; no third-party lesson text may be copied.","Planned, not publication-approved: Arabic linguist review, Quran locator validation, QAC/Tanzil attribution compliance and assessment pilot required.","Опционально: контекстная сценка без изображения религиозных лиц","Quranic Arabic teacher"
"ARB-072","Arabic","Quranic vocabulary","72","Предлог min","Распознавать min в нескольких контекстах без единственного механического перевода.","Beginner 2","ARB-070","QAC POS tagset/search, locator Предлог min (https://corpus.quran.com/documentation/tagset.jsp); exact occurrences selected in source packet","QAC v0.4: GPL plus corpus terms, attribution/link/notice and no alteration of source file. Tanzil Arabic examples remain verbatim CC BY 3.0. Course benchmarks are reference-only; no third-party lesson text may be copied.","Planned, not publication-approved: Arabic linguist review, Quran locator validation, QAC/Tanzil attribution compliance and assessment pilot required.","Опционально: контекстная сценка без изображения религиозных лиц","Quranic Arabic teacher"
"ARB-073","Arabic","Quranic vocabulary","73","Предлог fi","Распознавать fi и связывать его с последующим именным элементом.","Beginner 2","ARB-070","QAC POS tagset/search, locator Предлог fi (https://corpus.quran.com/documentation/tagset.jsp); exact occurrences selected in source packet","QAC v0.4: GPL plus corpus terms, attribution/link/notice and no alteration of source file. Tanzil Arabic examples remain verbatim CC BY 3.0. Course benchmarks are reference-only; no third-party lesson text may be copied.","Planned, not publication-approved: Arabic linguist review, Quran locator validation, QAC/Tanzil attribution compliance and assessment pilot required.","Опционально: контекстная сценка без изображения религиозных лиц","Quranic Arabic teacher"
"ARB-074","Arabic","Quranic vocabulary","74","Предлог ila","Распознавать ila в проверенных фразах.","Beginner 2","ARB-070","QAC POS tagset/search, locator Предлог ila (https://corpus.quran.com/documentation/tagset.jsp); exact occurrences selected in source packet","QAC v0.4: GPL plus corpus terms, attribution/link/notice and no alteration of source file. Tanzil Arabic examples remain verbatim CC BY 3.0. Course benchmarks are reference-only; no third-party lesson text may be copied.","Planned, not publication-approved: Arabic linguist review, Quran locator validation, QAC/Tanzil attribution compliance and assessment pilot required.","Опционально: контекстная сценка без изображения религиозных лиц","Quranic Arabic teacher"
"ARB-075","Arabic","Quranic vocabulary","75","Предлог ala","Распознавать ala в проверенных фразах.","Beginner 2","ARB-070","QAC POS tagset/search, locator Предлог ala (https://corpus.quran.com/documentation/tagset.jsp); exact occurrences selected in source packet","QAC v0.4: GPL plus corpus terms, attribution/link/notice and no alteration of source file. Tanzil Arabic examples remain verbatim CC BY 3.0. Course benchmarks are reference-only; no third-party lesson text may be copied.","Planned, not publication-approved: Arabic linguist review, Quran locator validation, QAC/Tanzil attribution compliance and assessment pilot required.","Опционально: контекстная сценка без изображения религиозных лиц","Quranic Arabic teacher"
"ARB-076","Arabic","Quranic vocabulary","76","Союз wa","Различать присоединённый wa и корневую букву waw.","Beginner 2","ARB-070","QAC POS tagset/search, locator Союз wa (https://corpus.quran.com/documentation/tagset.jsp); exact occurrences selected in source packet","QAC v0.4: GPL plus corpus terms, attribution/link/notice and no alteration of source file. Tanzil Arabic examples remain verbatim CC BY 3.0. Course benchmarks are reference-only; no third-party lesson text may be copied.","Planned, not publication-approved: Arabic linguist review, Quran locator validation, QAC/Tanzil attribution compliance and assessment pilot required.","Опционально: контекстная сценка без изображения религиозных лиц","Quranic Arabic teacher"
"ARB-077","Arabic","Quranic vocabulary","77","Связка fa","Замечать fa и выбирать функцию только из контекста.","Beginner 2","ARB-070","QAC POS tagset/search, locator Связка fa (https://corpus.quran.com/documentation/tagset.jsp); exact occurrences selected in source packet","QAC v0.4: GPL plus corpus terms, attribution/link/notice and no alteration of source file. Tanzil Arabic examples remain verbatim CC BY 3.0. Course benchmarks are reference-only; no third-party lesson text may be copied.","Planned, not publication-approved: Arabic linguist review, Quran locator validation, QAC/Tanzil attribution compliance and assessment pilot required.","Опционально: контекстная сценка без изображения религиозных лиц","Quranic Arabic teacher"
"ARB-078","Arabic","Quranic vocabulary","78","Отрицание la","Распознавать базовые случаи la, не смешивая грамматические типы.","Beginner 2","ARB-070","QAC POS tagset/search, locator Отрицание la (https://corpus.quran.com/documentation/tagset.jsp); exact occurrences selected in source packet","QAC v0.4: GPL plus corpus terms, attribution/link/notice and no alteration of source file. Tanzil Arabic examples remain verbatim CC BY 3.0. Course benchmarks are reference-only; no third-party lesson text may be copied.","Planned, not publication-approved: Arabic linguist review, Quran locator validation, QAC/Tanzil attribution compliance and assessment pilot required.","Опционально: контекстная сценка без изображения религиозных лиц","Quranic Arabic teacher"
"ARB-079","Arabic","Quranic vocabulary","79","Вопросительные элементы","Находить вопросительный маркер в проверенном примере.","Beginner 2","ARB-070","QAC POS tagset/search, locator Вопросительные элементы (https://corpus.quran.com/documentation/tagset.jsp); exact occurrences selected in source packet","QAC v0.4: GPL plus corpus terms, attribution/link/notice and no alteration of source file. Tanzil Arabic examples remain verbatim CC BY 3.0. Course benchmarks are reference-only; no third-party lesson text may be copied.","Planned, not publication-approved: Arabic linguist review, Quran locator validation, QAC/Tanzil attribution compliance and assessment pilot required.","Опционально: контекстная сценка без изображения религиозных лиц","Quranic Arabic teacher"
"ARB-080","Arabic","Quranic vocabulary","80","Указательные слова","Сопоставлять близкие указательные формы по роду и дистанции на базовом уровне.","Beginner 2","ARB-070","QAC POS tagset/search, locator Указательные слова (https://corpus.quran.com/documentation/tagset.jsp); exact occurrences selected in source packet","QAC v0.4: GPL plus corpus terms, attribution/link/notice and no alteration of source file. Tanzil Arabic examples remain verbatim CC BY 3.0. Course benchmarks are reference-only; no third-party lesson text may be copied.","Planned, not publication-approved: Arabic linguist review, Quran locator validation, QAC/Tanzil attribution compliance and assessment pilot required.","Опционально: контекстная сценка без изображения религиозных лиц","Quranic Arabic teacher"
"ARB-081","Arabic","Quranic vocabulary","81","Семья корня ر-ح-م","Группировать подтверждённые QAC формы корня ر-ح-م, сохраняя предупреждение: общий корень не делает значения идентичными.","Intermediate 1","ARB-080","QAC morphological search, root r-h-m (https://corpus.quran.com/morphologicalsearch.jsp); definitions require approved lexicon","QAC v0.4: GPL plus corpus terms, attribution/link/notice and no alteration of source file. Tanzil Arabic examples remain verbatim CC BY 3.0. Course benchmarks are reference-only; no third-party lesson text may be copied.","Planned, not publication-approved: Arabic linguist review, Quran locator validation, QAC/Tanzil attribution compliance and assessment pilot required.","Опционально: анимация морфем","Quranic Arabic morphologist"
"ARB-082","Arabic","Quranic vocabulary","82","Семья корня ع-ل-م","Группировать подтверждённые QAC формы корня ع-ل-م, сохраняя предупреждение: общий корень не делает значения идентичными.","Intermediate 1","ARB-080","QAC morphological search, root a-l-m (https://corpus.quran.com/morphologicalsearch.jsp); definitions require approved lexicon","QAC v0.4: GPL plus corpus terms, attribution/link/notice and no alteration of source file. Tanzil Arabic examples remain verbatim CC BY 3.0. Course benchmarks are reference-only; no third-party lesson text may be copied.","Planned, not publication-approved: Arabic linguist review, Quran locator validation, QAC/Tanzil attribution compliance and assessment pilot required.","Опционально: анимация морфем","Quranic Arabic morphologist"
"ARB-083","Arabic","Quranic vocabulary","83","Семья корня ك-ت-ب","Группировать подтверждённые QAC формы корня ك-ت-ب, сохраняя предупреждение: общий корень не делает значения идентичными.","Intermediate 1","ARB-080","QAC morphological search, root k-t-b (https://corpus.quran.com/morphologicalsearch.jsp); definitions require approved lexicon","QAC v0.4: GPL plus corpus terms, attribution/link/notice and no alteration of source file. Tanzil Arabic examples remain verbatim CC BY 3.0. Course benchmarks are reference-only; no third-party lesson text may be copied.","Planned, not publication-approved: Arabic linguist review, Quran locator validation, QAC/Tanzil attribution compliance and assessment pilot required.","Опционально: анимация морфем","Quranic Arabic morphologist"
"ARB-084","Arabic","Quranic vocabulary","84","Семья корня ق-و-ل","Группировать подтверждённые QAC формы корня ق-و-ل, сохраняя предупреждение: общий корень не делает значения идентичными.","Intermediate 1","ARB-080","QAC morphological search, root q-w-l (https://corpus.quran.com/morphologicalsearch.jsp); definitions require approved lexicon","QAC v0.4: GPL plus corpus terms, attribution/link/notice and no alteration of source file. Tanzil Arabic examples remain verbatim CC BY 3.0. Course benchmarks are reference-only; no third-party lesson text may be copied.","Planned, not publication-approved: Arabic linguist review, Quran locator validation, QAC/Tanzil attribution compliance and assessment pilot required.","Опционально: анимация морфем","Quranic Arabic morphologist"
"ARB-085","Arabic","Quranic vocabulary","85","Семья корня ه-د-ي","Группировать подтверждённые QAC формы корня ه-د-ي, сохраняя предупреждение: общий корень не делает значения идентичными.","Intermediate 1","ARB-080","QAC morphological search, root h-d-y (https://corpus.quran.com/morphologicalsearch.jsp); definitions require approved lexicon","QAC v0.4: GPL plus corpus terms, attribution/link/notice and no alteration of source file. Tanzil Arabic examples remain verbatim CC BY 3.0. Course benchmarks are reference-only; no third-party lesson text may be copied.","Planned, not publication-approved: Arabic linguist review, Quran locator validation, QAC/Tanzil attribution compliance and assessment pilot required.","Опционально: анимация морфем","Quranic Arabic morphologist"
"ARB-086","Arabic","Quranic vocabulary","86","Семья корня ع-ب-د","Группировать подтверждённые QAC формы корня ع-ب-د, сохраняя предупреждение: общий корень не делает значения идентичными.","Intermediate 1","ARB-080","QAC morphological search, root a-b-d (https://corpus.quran.com/morphologicalsearch.jsp); definitions require approved lexicon","QAC v0.4: GPL plus corpus terms, attribution/link/notice and no alteration of source file. Tanzil Arabic examples remain verbatim CC BY 3.0. Course benchmarks are reference-only; no third-party lesson text may be copied.","Planned, not publication-approved: Arabic linguist review, Quran locator validation, QAC/Tanzil attribution compliance and assessment pilot required.","Опционально: анимация морфем","Quranic Arabic morphologist"
"ARB-087","Arabic","Quranic vocabulary","87","Семья корня غ-ف-ر","Группировать подтверждённые QAC формы корня غ-ف-ر, сохраняя предупреждение: общий корень не делает значения идентичными.","Intermediate 1","ARB-080","QAC morphological search, root gh-f-r (https://corpus.quran.com/morphologicalsearch.jsp); definitions require approved lexicon","QAC v0.4: GPL plus corpus terms, attribution/link/notice and no alteration of source file. Tanzil Arabic examples remain verbatim CC BY 3.0. Course benchmarks are reference-only; no third-party lesson text may be copied.","Planned, not publication-approved: Arabic linguist review, Quran locator validation, QAC/Tanzil attribution compliance and assessment pilot required.","Опционально: анимация морфем","Quranic Arabic morphologist"
"ARB-088","Arabic","Quranic vocabulary","88","Семья корня خ-ل-ق","Группировать подтверждённые QAC формы корня خ-ل-ق, сохраняя предупреждение: общий корень не делает значения идентичными.","Intermediate 1","ARB-080","QAC morphological search, root kh-l-q (https://corpus.quran.com/morphologicalsearch.jsp); definitions require approved lexicon","QAC v0.4: GPL plus corpus terms, attribution/link/notice and no alteration of source file. Tanzil Arabic examples remain verbatim CC BY 3.0. Course benchmarks are reference-only; no third-party lesson text may be copied.","Planned, not publication-approved: Arabic linguist review, Quran locator validation, QAC/Tanzil attribution compliance and assessment pilot required.","Опционально: анимация морфем","Quranic Arabic morphologist"
"ARB-089","Arabic","Quranic vocabulary","89","Семья корня س-م-ع","Группировать подтверждённые QAC формы корня س-م-ع, сохраняя предупреждение: общий корень не делает значения идентичными.","Intermediate 1","ARB-080","QAC morphological search, root s-m-a (https://corpus.quran.com/morphologicalsearch.jsp); definitions require approved lexicon","QAC v0.4: GPL plus corpus terms, attribution/link/notice and no alteration of source file. Tanzil Arabic examples remain verbatim CC BY 3.0. Course benchmarks are reference-only; no third-party lesson text may be copied.","Planned, not publication-approved: Arabic linguist review, Quran locator validation, QAC/Tanzil attribution compliance and assessment pilot required.","Опционально: анимация морфем","Quranic Arabic morphologist"
"ARB-090","Arabic","Quranic vocabulary","90","Семья корня ب-ص-ر","Группировать подтверждённые QAC формы корня ب-ص-ر, сохраняя предупреждение: общий корень не делает значения идентичными.","Intermediate 1","ARB-080","QAC morphological search, root b-s-r (https://corpus.quran.com/morphologicalsearch.jsp); definitions require approved lexicon","QAC v0.4: GPL plus corpus terms, attribution/link/notice and no alteration of source file. Tanzil Arabic examples remain verbatim CC BY 3.0. Course benchmarks are reference-only; no third-party lesson text may be copied.","Planned, not publication-approved: Arabic linguist review, Quran locator validation, QAC/Tanzil attribution compliance and assessment pilot required.","Опционально: анимация морфем","Quranic Arabic morphologist"
"ARB-091","Arabic","Quranic vocabulary","91","Семья корня ص-ب-ر","Группировать подтверждённые QAC формы корня ص-ب-ر, сохраняя предупреждение: общий корень не делает значения идентичными.","Intermediate 1","ARB-080","QAC morphological search, root s-b-r (https://corpus.quran.com/morphologicalsearch.jsp); definitions require approved lexicon","QAC v0.4: GPL plus corpus terms, attribution/link/notice and no alteration of source file. Tanzil Arabic examples remain verbatim CC BY 3.0. Course benchmarks are reference-only; no third-party lesson text may be copied.","Planned, not publication-approved: Arabic linguist review, Quran locator validation, QAC/Tanzil attribution compliance and assessment pilot required.","Опционально: анимация морфем","Quranic Arabic morphologist"
"ARB-092","Arabic","Quranic vocabulary","92","Семья корня ش-ك-ر","Группировать подтверждённые QAC формы корня ش-ك-ر, сохраняя предупреждение: общий корень не делает значения идентичными.","Intermediate 1","ARB-080","QAC morphological search, root sh-k-r (https://corpus.quran.com/morphologicalsearch.jsp); definitions require approved lexicon","QAC v0.4: GPL plus corpus terms, attribution/link/notice and no alteration of source file. Tanzil Arabic examples remain verbatim CC BY 3.0. Course benchmarks are reference-only; no third-party lesson text may be copied.","Planned, not publication-approved: Arabic linguist review, Quran locator validation, QAC/Tanzil attribution compliance and assessment pilot required.","Опционально: анимация морфем","Quranic Arabic morphologist"
"ARB-093","Arabic","Quranic vocabulary","93","Семья корня أ-م-ن","Группировать подтверждённые QAC формы корня أ-م-ن, сохраняя предупреждение: общий корень не делает значения идентичными.","Intermediate 1","ARB-080","QAC morphological search, root a-m-n (https://corpus.quran.com/morphologicalsearch.jsp); definitions require approved lexicon","QAC v0.4: GPL plus corpus terms, attribution/link/notice and no alteration of source file. Tanzil Arabic examples remain verbatim CC BY 3.0. Course benchmarks are reference-only; no third-party lesson text may be copied.","Planned, not publication-approved: Arabic linguist review, Quran locator validation, QAC/Tanzil attribution compliance and assessment pilot required.","Опционально: анимация морфем","Quranic Arabic morphologist"
"ARB-094","Arabic","Quranic vocabulary","94","Семья корня ع-م-ل","Группировать подтверждённые QAC формы корня ع-م-ل, сохраняя предупреждение: общий корень не делает значения идентичными.","Intermediate 1","ARB-080","QAC morphological search, root a-m-l (https://corpus.quran.com/morphologicalsearch.jsp); definitions require approved lexicon","QAC v0.4: GPL plus corpus terms, attribution/link/notice and no alteration of source file. Tanzil Arabic examples remain verbatim CC BY 3.0. Course benchmarks are reference-only; no third-party lesson text may be copied.","Planned, not publication-approved: Arabic linguist review, Quran locator validation, QAC/Tanzil attribution compliance and assessment pilot required.","Опционально: анимация морфем","Quranic Arabic morphologist"
"ARB-095","Arabic","Quranic vocabulary","95","Семья корня ذ-ك-ر","Группировать подтверждённые QAC формы корня ذ-ك-ر, сохраняя предупреждение: общий корень не делает значения идентичными.","Intermediate 1","ARB-080","QAC morphological search, root dh-k-r (https://corpus.quran.com/morphologicalsearch.jsp); definitions require approved lexicon","QAC v0.4: GPL plus corpus terms, attribution/link/notice and no alteration of source file. Tanzil Arabic examples remain verbatim CC BY 3.0. Course benchmarks are reference-only; no third-party lesson text may be copied.","Planned, not publication-approved: Arabic linguist review, Quran locator validation, QAC/Tanzil attribution compliance and assessment pilot required.","Опционально: анимация морфем","Quranic Arabic morphologist"
"ARB-096","Arabic","Quranic vocabulary","96","Время и последовательность","Различать утверждённый набор слов времени и порядка в реальных аятах.","Intermediate 1","ARB-095","QAC lemma frequency and morphological search (https://corpus.quran.com/morphologicalsearch.jsp); version 0.4; exact lemma list and Quran locators required before publication","QAC v0.4: GPL plus corpus terms, attribution/link/notice and no alteration of source file. Tanzil Arabic examples remain verbatim CC BY 3.0. Course benchmarks are reference-only; no third-party lesson text may be copied.","Planned, not publication-approved: Arabic linguist review, Quran locator validation, QAC/Tanzil attribution compliance and assessment pilot required.","Опционально: короткая смысловая визуализация","Quranic Arabic teacher and Islamic reviewer for semantic framing"
"ARB-097","Arabic","Quranic vocabulary","97","Люди и отношения","Распознавать выбранные слова людей/отношений, не выводя правовые нормы.","Intermediate 1","ARB-095","QAC lemma frequency and morphological search (https://corpus.quran.com/morphologicalsearch.jsp); version 0.4; exact lemma list and Quran locators required before publication","QAC v0.4: GPL plus corpus terms, attribution/link/notice and no alteration of source file. Tanzil Arabic examples remain verbatim CC BY 3.0. Course benchmarks are reference-only; no third-party lesson text may be copied.","Planned, not publication-approved: Arabic linguist review, Quran locator validation, QAC/Tanzil attribution compliance and assessment pilot required.","Опционально: короткая смысловая визуализация","Quranic Arabic teacher and Islamic reviewer for semantic framing"
"ARB-098","Arabic","Quranic vocabulary","98","Создание и мир","Распознавать выбранные слова о созданном мире с точным локатором.","Intermediate 1","ARB-095","QAC lemma frequency and morphological search (https://corpus.quran.com/morphologicalsearch.jsp); version 0.4; exact lemma list and Quran locators required before publication","QAC v0.4: GPL plus corpus terms, attribution/link/notice and no alteration of source file. Tanzil Arabic examples remain verbatim CC BY 3.0. Course benchmarks are reference-only; no third-party lesson text may be copied.","Planned, not publication-approved: Arabic linguist review, Quran locator validation, QAC/Tanzil attribution compliance and assessment pilot required.","Опционально: короткая смысловая визуализация","Quranic Arabic teacher and Islamic reviewer for semantic framing"
"ARB-099","Arabic","Quranic vocabulary","99","Путь и руководство","Различать выбранные слова пути/руководства только в утверждённом контексте.","Intermediate 1","ARB-095","QAC lemma frequency and morphological search (https://corpus.quran.com/morphologicalsearch.jsp); version 0.4; exact lemma list and Quran locators required before publication","QAC v0.4: GPL plus corpus terms, attribution/link/notice and no alteration of source file. Tanzil Arabic examples remain verbatim CC BY 3.0. Course benchmarks are reference-only; no third-party lesson text may be copied.","Planned, not publication-approved: Arabic linguist review, Quran locator validation, QAC/Tanzil attribution compliance and assessment pilot required.","Опционально: короткая смысловая визуализация","Quranic Arabic teacher and Islamic reviewer for semantic framing"
"ARB-100","Arabic","Quranic vocabulary","100","Поклонение: базовая лексика","Распознавать формы выбранных слов поклонения без самостоятельного правового вывода.","Intermediate 1","ARB-095","QAC lemma frequency and morphological search (https://corpus.quran.com/morphologicalsearch.jsp); version 0.4; exact lemma list and Quran locators required before publication","QAC v0.4: GPL plus corpus terms, attribution/link/notice and no alteration of source file. Tanzil Arabic examples remain verbatim CC BY 3.0. Course benchmarks are reference-only; no third-party lesson text may be copied.","Planned, not publication-approved: Arabic linguist review, Quran locator validation, QAC/Tanzil attribution compliance and assessment pilot required.","Опционально: короткая смысловая визуализация","Quranic Arabic teacher and Islamic reviewer for semantic framing"
"ARB-101","Arabic","Quranic vocabulary","101","Речь и сообщение","Сопоставлять формы речи/сообщения с морфологической разметкой.","Intermediate 1","ARB-095","QAC lemma frequency and morphological search (https://corpus.quran.com/morphologicalsearch.jsp); version 0.4; exact lemma list and Quran locators required before publication","QAC v0.4: GPL plus corpus terms, attribution/link/notice and no alteration of source file. Tanzil Arabic examples remain verbatim CC BY 3.0. Course benchmarks are reference-only; no third-party lesson text may be copied.","Planned, not publication-approved: Arabic linguist review, Quran locator validation, QAC/Tanzil attribution compliance and assessment pilot required.","Опционально: короткая смысловая визуализация","Quranic Arabic teacher and Islamic reviewer for semantic framing"
"ARB-102","Arabic","Quranic vocabulary","102","Движение и место","Распознавать выбранные глаголы движения и слова места.","Intermediate 1","ARB-095","QAC lemma frequency and morphological search (https://corpus.quran.com/morphologicalsearch.jsp); version 0.4; exact lemma list and Quran locators required before publication","QAC v0.4: GPL plus corpus terms, attribution/link/notice and no alteration of source file. Tanzil Arabic examples remain verbatim CC BY 3.0. Course benchmarks are reference-only; no third-party lesson text may be copied.","Planned, not publication-approved: Arabic linguist review, Quran locator validation, QAC/Tanzil attribution compliance and assessment pilot required.","Опционально: короткая смысловая визуализация","Quranic Arabic teacher and Islamic reviewer for semantic framing"
"ARB-103","Arabic","Quranic vocabulary","103","Качества и состояния","Различать выбранные прилагательные/состояния по контексту.","Intermediate 1","ARB-095","QAC lemma frequency and morphological search (https://corpus.quran.com/morphologicalsearch.jsp); version 0.4; exact lemma list and Quran locators required before publication","QAC v0.4: GPL plus corpus terms, attribution/link/notice and no alteration of source file. Tanzil Arabic examples remain verbatim CC BY 3.0. Course benchmarks are reference-only; no third-party lesson text may be copied.","Planned, not publication-approved: Arabic linguist review, Quran locator validation, QAC/Tanzil attribution compliance and assessment pilot required.","Опционально: короткая смысловая визуализация","Quranic Arabic teacher and Islamic reviewer for semantic framing"
"ARB-104","Arabic","Quranic vocabulary","104","Число и количество","Распознавать базовые количественные слова без углубления в сложное согласование.","Intermediate 1","ARB-095","QAC lemma frequency and morphological search (https://corpus.quran.com/morphologicalsearch.jsp); version 0.4; exact lemma list and Quran locators required before publication","QAC v0.4: GPL plus corpus terms, attribution/link/notice and no alteration of source file. Tanzil Arabic examples remain verbatim CC BY 3.0. Course benchmarks are reference-only; no third-party lesson text may be copied.","Planned, not publication-approved: Arabic linguist review, Quran locator validation, QAC/Tanzil attribution compliance and assessment pilot required.","Опционально: короткая смысловая визуализация","Quranic Arabic teacher and Islamic reviewer for semantic framing"
"ARB-105","Arabic","Quranic vocabulary","105","Смешанное извлечение 100 слов","Извлекать значения изученного набора в новых аятах; охват считать только по зафиксированной версии корпуса.","Intermediate 1","ARB-095","QAC lemma frequency and morphological search (https://corpus.quran.com/morphologicalsearch.jsp); version 0.4; exact lemma list and Quran locators required before publication","QAC v0.4: GPL plus corpus terms, attribution/link/notice and no alteration of source file. Tanzil Arabic examples remain verbatim CC BY 3.0. Course benchmarks are reference-only; no third-party lesson text may be copied.","Planned, not publication-approved: Arabic linguist review, Quran locator validation, QAC/Tanzil attribution compliance and assessment pilot required.","Опционально: короткая смысловая визуализация","Quranic Arabic teacher and Islamic reviewer for semantic framing"
"ARB-106","Arabic","Morphology","106","Три части речи","Классифицировать имя, глагол и частицу по разметке QAC.","Intermediate 2","ARB-105","QAC morphological features and tagset (https://corpus.quran.com/documentation/morphologicalfeatures.jsp; https://corpus.quran.com/documentation/tagset.jsp)","QAC v0.4: GPL plus corpus terms, attribution/link/notice and no alteration of source file. Tanzil Arabic examples remain verbatim CC BY 3.0. Course benchmarks are reference-only; no third-party lesson text may be copied.","Planned, not publication-approved: Arabic linguist review, Quran locator validation, QAC/Tanzil attribution compliance and assessment pilot required.","Опционально","Quranic Arabic morphologist"
"ARB-107","Arabic","Morphology","107","Сегментация префикса","Отделять присоединённую частицу от основы слова.","Intermediate 2","ARB-105","QAC morphological features and tagset (https://corpus.quran.com/documentation/morphologicalfeatures.jsp; https://corpus.quran.com/documentation/tagset.jsp)","QAC v0.4: GPL plus corpus terms, attribution/link/notice and no alteration of source file. Tanzil Arabic examples remain verbatim CC BY 3.0. Course benchmarks are reference-only; no third-party lesson text may be copied.","Planned, not publication-approved: Arabic linguist review, Quran locator validation, QAC/Tanzil attribution compliance and assessment pilot required.","Опционально","Quranic Arabic morphologist"
"ARB-108","Arabic","Morphology","108","Сегментация суффикса","Отделять местоименный суффикс и не терять основу.","Intermediate 2","ARB-105","QAC morphological features and tagset (https://corpus.quran.com/documentation/morphologicalfeatures.jsp; https://corpus.quran.com/documentation/tagset.jsp)","QAC v0.4: GPL plus corpus terms, attribution/link/notice and no alteration of source file. Tanzil Arabic examples remain verbatim CC BY 3.0. Course benchmarks are reference-only; no third-party lesson text may be copied.","Planned, not publication-approved: Arabic linguist review, Quran locator validation, QAC/Tanzil attribution compliance and assessment pilot required.","Опционально","Quranic Arabic morphologist"
"ARB-109","Arabic","Morphology","109","Самостоятельные местоимения","Распознавать лицо, число и род базовых самостоятельных местоимений.","Intermediate 2","ARB-105","QAC morphological features and tagset (https://corpus.quran.com/documentation/morphologicalfeatures.jsp; https://corpus.quran.com/documentation/tagset.jsp)","QAC v0.4: GPL plus corpus terms, attribution/link/notice and no alteration of source file. Tanzil Arabic examples remain verbatim CC BY 3.0. Course benchmarks are reference-only; no third-party lesson text may be copied.","Planned, not publication-approved: Arabic linguist review, Quran locator validation, QAC/Tanzil attribution compliance and assessment pilot required.","Опционально","Quranic Arabic morphologist"
"ARB-110","Arabic","Morphology","110","Присоединённые местоимения","Читать QAC PRON-теги и определять возможную синтаксическую роль из контекста.","Intermediate 2","ARB-105","QAC morphological features and tagset (https://corpus.quran.com/documentation/morphologicalfeatures.jsp; https://corpus.quran.com/documentation/tagset.jsp)","QAC v0.4: GPL plus corpus terms, attribution/link/notice and no alteration of source file. Tanzil Arabic examples remain verbatim CC BY 3.0. Course benchmarks are reference-only; no third-party lesson text may be copied.","Planned, not publication-approved: Arabic linguist review, Quran locator validation, QAC/Tanzil attribution compliance and assessment pilot required.","Опционально","Quranic Arabic morphologist"
"ARB-111","Arabic","Morphology","111","Род имени","Распознавать грамматический род по форме и разметке.","Intermediate 2","ARB-105","QAC morphological features and tagset (https://corpus.quran.com/documentation/morphologicalfeatures.jsp; https://corpus.quran.com/documentation/tagset.jsp)","QAC v0.4: GPL plus corpus terms, attribution/link/notice and no alteration of source file. Tanzil Arabic examples remain verbatim CC BY 3.0. Course benchmarks are reference-only; no third-party lesson text may be copied.","Planned, not publication-approved: Arabic linguist review, Quran locator validation, QAC/Tanzil attribution compliance and assessment pilot required.","Опционально","Quranic Arabic morphologist"
"ARB-112","Arabic","Morphology","112","Единственное, двойственное, множественное","Различать число по проверенным формам.","Intermediate 2","ARB-105","QAC morphological features and tagset (https://corpus.quran.com/documentation/morphologicalfeatures.jsp; https://corpus.quran.com/documentation/tagset.jsp)","QAC v0.4: GPL plus corpus terms, attribution/link/notice and no alteration of source file. Tanzil Arabic examples remain verbatim CC BY 3.0. Course benchmarks are reference-only; no third-party lesson text may be copied.","Planned, not publication-approved: Arabic linguist review, Quran locator validation, QAC/Tanzil attribution compliance and assessment pilot required.","Опционально","Quranic Arabic morphologist"
"ARB-113","Arabic","Morphology","113","Определённость","Отличать DEF/INDEF и объяснять роль al-/tanwin на изученном уровне.","Intermediate 2","ARB-105","QAC morphological features and tagset (https://corpus.quran.com/documentation/morphologicalfeatures.jsp; https://corpus.quran.com/documentation/tagset.jsp)","QAC v0.4: GPL plus corpus terms, attribution/link/notice and no alteration of source file. Tanzil Arabic examples remain verbatim CC BY 3.0. Course benchmarks are reference-only; no third-party lesson text may be copied.","Planned, not publication-approved: Arabic linguist review, Quran locator validation, QAC/Tanzil attribution compliance and assessment pilot required.","Опционально","Quranic Arabic morphologist"
"ARB-114","Arabic","Morphology","114","Падеж: распознавание","Узнавать NOM/ACC/GEN в полностью огласованных примерах без преждевременного вывода правила.","Intermediate 2","ARB-105","QAC morphological features and tagset (https://corpus.quran.com/documentation/morphologicalfeatures.jsp; https://corpus.quran.com/documentation/tagset.jsp)","QAC v0.4: GPL plus corpus terms, attribution/link/notice and no alteration of source file. Tanzil Arabic examples remain verbatim CC BY 3.0. Course benchmarks are reference-only; no third-party lesson text may be copied.","Planned, not publication-approved: Arabic linguist review, Quran locator validation, QAC/Tanzil attribution compliance and assessment pilot required.","Опционально","Quranic Arabic morphologist"
"ARB-115","Arabic","Morphology","115","Именная модель и окончание","Сопоставлять морфологические признаки имени с видимым окончанием.","Intermediate 2","ARB-105","QAC morphological features and tagset (https://corpus.quran.com/documentation/morphologicalfeatures.jsp; https://corpus.quran.com/documentation/tagset.jsp)","QAC v0.4: GPL plus corpus terms, attribution/link/notice and no alteration of source file. Tanzil Arabic examples remain verbatim CC BY 3.0. Course benchmarks are reference-only; no third-party lesson text may be copied.","Planned, not publication-approved: Arabic linguist review, Quran locator validation, QAC/Tanzil attribution compliance and assessment pilot required.","Опционально","Quranic Arabic morphologist"
"ARB-116","Arabic","Morphology","116","Perfect aspect","Распознавать PERF как завершённый аспект в разметке.","Intermediate 2","ARB-105","QAC morphological features and tagset (https://corpus.quran.com/documentation/morphologicalfeatures.jsp; https://corpus.quran.com/documentation/tagset.jsp)","QAC v0.4: GPL plus corpus terms, attribution/link/notice and no alteration of source file. Tanzil Arabic examples remain verbatim CC BY 3.0. Course benchmarks are reference-only; no third-party lesson text may be copied.","Planned, not publication-approved: Arabic linguist review, Quran locator validation, QAC/Tanzil attribution compliance and assessment pilot required.","Опционально","Quranic Arabic morphologist"
"ARB-117","Arabic","Morphology","117","Imperfect aspect","Распознавать IMPF и не приравнивать его механически к одному времени.","Intermediate 2","ARB-105","QAC morphological features and tagset (https://corpus.quran.com/documentation/morphologicalfeatures.jsp; https://corpus.quran.com/documentation/tagset.jsp)","QAC v0.4: GPL plus corpus terms, attribution/link/notice and no alteration of source file. Tanzil Arabic examples remain verbatim CC BY 3.0. Course benchmarks are reference-only; no third-party lesson text may be copied.","Planned, not publication-approved: Arabic linguist review, Quran locator validation, QAC/Tanzil attribution compliance and assessment pilot required.","Опционально","Quranic Arabic morphologist"
"ARB-118","Arabic","Morphology","118","Imperative","Распознавать IMPV в проверенном контексте.","Intermediate 2","ARB-105","QAC morphological features and tagset (https://corpus.quran.com/documentation/morphologicalfeatures.jsp; https://corpus.quran.com/documentation/tagset.jsp)","QAC v0.4: GPL plus corpus terms, attribution/link/notice and no alteration of source file. Tanzil Arabic examples remain verbatim CC BY 3.0. Course benchmarks are reference-only; no third-party lesson text may be copied.","Planned, not publication-approved: Arabic linguist review, Quran locator validation, QAC/Tanzil attribution compliance and assessment pilot required.","Опционально","Quranic Arabic morphologist"
"ARB-119","Arabic","Morphology","119","Active voice","Распознавать активный залог по QAC-разметке.","Intermediate 2","ARB-105","QAC morphological features and tagset (https://corpus.quran.com/documentation/morphologicalfeatures.jsp; https://corpus.quran.com/documentation/tagset.jsp)","QAC v0.4: GPL plus corpus terms, attribution/link/notice and no alteration of source file. Tanzil Arabic examples remain verbatim CC BY 3.0. Course benchmarks are reference-only; no third-party lesson text may be copied.","Planned, not publication-approved: Arabic linguist review, Quran locator validation, QAC/Tanzil attribution compliance and assessment pilot required.","Опционально","Quranic Arabic morphologist"
"ARB-120","Arabic","Morphology","120","Passive voice","Распознавать пассивный залог по QAC-разметке.","Intermediate 2","ARB-105","QAC morphological features and tagset (https://corpus.quran.com/documentation/morphologicalfeatures.jsp; https://corpus.quran.com/documentation/tagset.jsp)","QAC v0.4: GPL plus corpus terms, attribution/link/notice and no alteration of source file. Tanzil Arabic examples remain verbatim CC BY 3.0. Course benchmarks are reference-only; no third-party lesson text may be copied.","Planned, not publication-approved: Arabic linguist review, Quran locator validation, QAC/Tanzil attribution compliance and assessment pilot required.","Опционально","Quranic Arabic morphologist"
"ARB-121","Arabic","Morphology","121","Форма глагола I","Распознавать QAC-тег формы I и сравнивать только проверенные примеры без самостоятельного вывода значения.","Intermediate 2","ARB-105","QAC morphological features and tagset (https://corpus.quran.com/documentation/morphologicalfeatures.jsp; https://corpus.quran.com/documentation/tagset.jsp)","QAC v0.4: GPL plus corpus terms, attribution/link/notice and no alteration of source file. Tanzil Arabic examples remain verbatim CC BY 3.0. Course benchmarks are reference-only; no third-party lesson text may be copied.","Planned, not publication-approved: Arabic linguist review, Quran locator validation, QAC/Tanzil attribution compliance and assessment pilot required.","Рекомендуется: анимация модели слова","Quranic Arabic morphologist"
"ARB-122","Arabic","Morphology","122","Форма глагола II","Распознавать QAC-тег формы II и сравнивать только проверенные примеры без самостоятельного вывода значения.","Intermediate 2","ARB-105","QAC morphological features and tagset (https://corpus.quran.com/documentation/morphologicalfeatures.jsp; https://corpus.quran.com/documentation/tagset.jsp)","QAC v0.4: GPL plus corpus terms, attribution/link/notice and no alteration of source file. Tanzil Arabic examples remain verbatim CC BY 3.0. Course benchmarks are reference-only; no third-party lesson text may be copied.","Planned, not publication-approved: Arabic linguist review, Quran locator validation, QAC/Tanzil attribution compliance and assessment pilot required.","Рекомендуется: анимация модели слова","Quranic Arabic morphologist"
"ARB-123","Arabic","Morphology","123","Форма глагола III","Распознавать QAC-тег формы III и сравнивать только проверенные примеры без самостоятельного вывода значения.","Intermediate 2","ARB-105","QAC morphological features and tagset (https://corpus.quran.com/documentation/morphologicalfeatures.jsp; https://corpus.quran.com/documentation/tagset.jsp)","QAC v0.4: GPL plus corpus terms, attribution/link/notice and no alteration of source file. Tanzil Arabic examples remain verbatim CC BY 3.0. Course benchmarks are reference-only; no third-party lesson text may be copied.","Planned, not publication-approved: Arabic linguist review, Quran locator validation, QAC/Tanzil attribution compliance and assessment pilot required.","Рекомендуется: анимация модели слова","Quranic Arabic morphologist"
"ARB-124","Arabic","Morphology","124","Форма глагола IV","Распознавать QAC-тег формы IV и сравнивать только проверенные примеры без самостоятельного вывода значения.","Intermediate 2","ARB-105","QAC morphological features and tagset (https://corpus.quran.com/documentation/morphologicalfeatures.jsp; https://corpus.quran.com/documentation/tagset.jsp)","QAC v0.4: GPL plus corpus terms, attribution/link/notice and no alteration of source file. Tanzil Arabic examples remain verbatim CC BY 3.0. Course benchmarks are reference-only; no third-party lesson text may be copied.","Planned, not publication-approved: Arabic linguist review, Quran locator validation, QAC/Tanzil attribution compliance and assessment pilot required.","Рекомендуется: анимация модели слова","Quranic Arabic morphologist"
"ARB-125","Arabic","Morphology","125","Форма глагола V","Распознавать QAC-тег формы V и сравнивать только проверенные примеры без самостоятельного вывода значения.","Intermediate 2","ARB-105","QAC morphological features and tagset (https://corpus.quran.com/documentation/morphologicalfeatures.jsp; https://corpus.quran.com/documentation/tagset.jsp)","QAC v0.4: GPL plus corpus terms, attribution/link/notice and no alteration of source file. Tanzil Arabic examples remain verbatim CC BY 3.0. Course benchmarks are reference-only; no third-party lesson text may be copied.","Planned, not publication-approved: Arabic linguist review, Quran locator validation, QAC/Tanzil attribution compliance and assessment pilot required.","Рекомендуется: анимация модели слова","Quranic Arabic morphologist"
"ARB-126","Arabic","Morphology","126","Форма глагола VI","Распознавать QAC-тег формы VI и сравнивать только проверенные примеры без самостоятельного вывода значения.","Intermediate 2","ARB-105","QAC morphological features and tagset (https://corpus.quran.com/documentation/morphologicalfeatures.jsp; https://corpus.quran.com/documentation/tagset.jsp)","QAC v0.4: GPL plus corpus terms, attribution/link/notice and no alteration of source file. Tanzil Arabic examples remain verbatim CC BY 3.0. Course benchmarks are reference-only; no third-party lesson text may be copied.","Planned, not publication-approved: Arabic linguist review, Quran locator validation, QAC/Tanzil attribution compliance and assessment pilot required.","Рекомендуется: анимация модели слова","Quranic Arabic morphologist"
"ARB-127","Arabic","Morphology","127","Форма глагола VII","Распознавать QAC-тег формы VII и сравнивать только проверенные примеры без самостоятельного вывода значения.","Intermediate 2","ARB-105","QAC morphological features and tagset (https://corpus.quran.com/documentation/morphologicalfeatures.jsp; https://corpus.quran.com/documentation/tagset.jsp)","QAC v0.4: GPL plus corpus terms, attribution/link/notice and no alteration of source file. Tanzil Arabic examples remain verbatim CC BY 3.0. Course benchmarks are reference-only; no third-party lesson text may be copied.","Planned, not publication-approved: Arabic linguist review, Quran locator validation, QAC/Tanzil attribution compliance and assessment pilot required.","Рекомендуется: анимация модели слова","Quranic Arabic morphologist"
"ARB-128","Arabic","Morphology","128","Форма глагола VIII","Распознавать QAC-тег формы VIII и сравнивать только проверенные примеры без самостоятельного вывода значения.","Intermediate 2","ARB-105","QAC morphological features and tagset (https://corpus.quran.com/documentation/morphologicalfeatures.jsp; https://corpus.quran.com/documentation/tagset.jsp)","QAC v0.4: GPL plus corpus terms, attribution/link/notice and no alteration of source file. Tanzil Arabic examples remain verbatim CC BY 3.0. Course benchmarks are reference-only; no third-party lesson text may be copied.","Planned, not publication-approved: Arabic linguist review, Quran locator validation, QAC/Tanzil attribution compliance and assessment pilot required.","Рекомендуется: анимация модели слова","Quranic Arabic morphologist"
"ARB-129","Arabic","Morphology","129","Форма глагола IX","Распознавать QAC-тег формы IX и сравнивать только проверенные примеры без самостоятельного вывода значения.","Intermediate 2","ARB-105","QAC morphological features and tagset (https://corpus.quran.com/documentation/morphologicalfeatures.jsp; https://corpus.quran.com/documentation/tagset.jsp)","QAC v0.4: GPL plus corpus terms, attribution/link/notice and no alteration of source file. Tanzil Arabic examples remain verbatim CC BY 3.0. Course benchmarks are reference-only; no third-party lesson text may be copied.","Planned, not publication-approved: Arabic linguist review, Quran locator validation, QAC/Tanzil attribution compliance and assessment pilot required.","Рекомендуется: анимация модели слова","Quranic Arabic morphologist"
"ARB-130","Arabic","Morphology","130","Форма глагола X","Распознавать QAC-тег формы X и сравнивать только проверенные примеры без самостоятельного вывода значения.","Intermediate 2","ARB-105","QAC morphological features and tagset (https://corpus.quran.com/documentation/morphologicalfeatures.jsp; https://corpus.quran.com/documentation/tagset.jsp)","QAC v0.4: GPL plus corpus terms, attribution/link/notice and no alteration of source file. Tanzil Arabic examples remain verbatim CC BY 3.0. Course benchmarks are reference-only; no third-party lesson text may be copied.","Planned, not publication-approved: Arabic linguist review, Quran locator validation, QAC/Tanzil attribution compliance and assessment pilot required.","Рекомендуется: анимация модели слова","Quranic Arabic morphologist"
"ARB-131","Arabic","Morphology","131","Активное причастие","Распознавать ACT PCPL и связывать его с исходным глагольным анализом.","Intermediate 2","ARB-105","QAC morphological features and tagset (https://corpus.quran.com/documentation/morphologicalfeatures.jsp; https://corpus.quran.com/documentation/tagset.jsp)","QAC v0.4: GPL plus corpus terms, attribution/link/notice and no alteration of source file. Tanzil Arabic examples remain verbatim CC BY 3.0. Course benchmarks are reference-only; no third-party lesson text may be copied.","Planned, not publication-approved: Arabic linguist review, Quran locator validation, QAC/Tanzil attribution compliance and assessment pilot required.","Опционально","Quranic Arabic morphologist"
"ARB-132","Arabic","Morphology","132","Пассивное причастие","Распознавать PASS PCPL и связывать его с исходным анализом.","Intermediate 2","ARB-105","QAC morphological features and tagset (https://corpus.quran.com/documentation/morphologicalfeatures.jsp; https://corpus.quran.com/documentation/tagset.jsp)","QAC v0.4: GPL plus corpus terms, attribution/link/notice and no alteration of source file. Tanzil Arabic examples remain verbatim CC BY 3.0. Course benchmarks are reference-only; no third-party lesson text may be copied.","Planned, not publication-approved: Arabic linguist review, Quran locator validation, QAC/Tanzil attribution compliance and assessment pilot required.","Опционально","Quranic Arabic morphologist"
"ARB-133","Arabic","Morphology","133","Масдар","Распознавать VN в QAC и отличать от конечного перевода.","Intermediate 2","ARB-105","QAC morphological features and tagset (https://corpus.quran.com/documentation/morphologicalfeatures.jsp; https://corpus.quran.com/documentation/tagset.jsp)","QAC v0.4: GPL plus corpus terms, attribution/link/notice and no alteration of source file. Tanzil Arabic examples remain verbatim CC BY 3.0. Course benchmarks are reference-only; no third-party lesson text may be copied.","Planned, not publication-approved: Arabic linguist review, Quran locator validation, QAC/Tanzil attribution compliance and assessment pilot required.","Опционально","Quranic Arabic morphologist"
"ARB-134","Arabic","Morphology","134","Слабый корень: обзор","Замечать, что слабая корневая буква может менять вид формы; конкретные правила оставить продвинутому курсу.","Intermediate 2","ARB-105","QAC morphological features and tagset (https://corpus.quran.com/documentation/morphologicalfeatures.jsp; https://corpus.quran.com/documentation/tagset.jsp)","QAC v0.4: GPL plus corpus terms, attribution/link/notice and no alteration of source file. Tanzil Arabic examples remain verbatim CC BY 3.0. Course benchmarks are reference-only; no third-party lesson text may be copied.","Planned, not publication-approved: Arabic linguist review, Quran locator validation, QAC/Tanzil attribution compliance and assessment pilot required.","Опционально","Quranic Arabic morphologist"
"ARB-135","Arabic","Morphology","135","Морфологический разбор слова","Собрать root, lemma, stem, POS и features одного незнакомого токена по QAC.","Intermediate 2","ARB-105","QAC morphological features and tagset (https://corpus.quran.com/documentation/morphologicalfeatures.jsp; https://corpus.quran.com/documentation/tagset.jsp)","QAC v0.4: GPL plus corpus terms, attribution/link/notice and no alteration of source file. Tanzil Arabic examples remain verbatim CC BY 3.0. Course benchmarks are reference-only; no third-party lesson text may be copied.","Planned, not publication-approved: Arabic linguist review, Quran locator validation, QAC/Tanzil attribution compliance and assessment pilot required.","Опционально","Quranic Arabic morphologist"
"ARB-136","Arabic","Grammar and syntax","136","Именное предложение","Находить основу именной клаузы в размеченном аяте.","Intermediate 2","ARB-135","QAC Quranic Grammar and dependency treebank (https://corpus.quran.com/documentation/grammar.jsp; https://corpus.quran.com/treebank.jsp)","QAC v0.4: GPL plus corpus terms, attribution/link/notice and no alteration of source file. Tanzil Arabic examples remain verbatim CC BY 3.0. Course benchmarks are reference-only; no third-party lesson text may be copied.","Planned, not publication-approved: Arabic linguist review, Quran locator validation, QAC/Tanzil attribution compliance and assessment pilot required.","Опционально","Quranic Arabic grammarian; Islamic reviewer for meaning implications"
"ARB-137","Arabic","Grammar and syntax","137","Mubtada и khabar","Различать начальный именной элемент и сообщаемую часть в пределах утверждённого анализа.","Intermediate 2","ARB-135","QAC Quranic Grammar and dependency treebank (https://corpus.quran.com/documentation/grammar.jsp; https://corpus.quran.com/treebank.jsp)","QAC v0.4: GPL plus corpus terms, attribution/link/notice and no alteration of source file. Tanzil Arabic examples remain verbatim CC BY 3.0. Course benchmarks are reference-only; no third-party lesson text may be copied.","Planned, not publication-approved: Arabic linguist review, Quran locator validation, QAC/Tanzil attribution compliance and assessment pilot required.","Опционально","Quranic Arabic grammarian; Islamic reviewer for meaning implications"
"ARB-138","Arabic","Grammar and syntax","138","Согласование прилагательного","Проверять согласование имени и прилагательного по роду, числу, определённости и падежу.","Intermediate 2","ARB-135","QAC Quranic Grammar and dependency treebank (https://corpus.quran.com/documentation/grammar.jsp; https://corpus.quran.com/treebank.jsp)","QAC v0.4: GPL plus corpus terms, attribution/link/notice and no alteration of source file. Tanzil Arabic examples remain verbatim CC BY 3.0. Course benchmarks are reference-only; no third-party lesson text may be copied.","Planned, not publication-approved: Arabic linguist review, Quran locator validation, QAC/Tanzil attribution compliance and assessment pilot required.","Опционально","Quranic Arabic grammarian; Islamic reviewer for meaning implications"
"ARB-139","Arabic","Grammar and syntax","139","Idafa","Распознавать притяжательную конструкцию и границы её частей.","Intermediate 2","ARB-135","QAC Quranic Grammar and dependency treebank (https://corpus.quran.com/documentation/grammar.jsp; https://corpus.quran.com/treebank.jsp)","QAC v0.4: GPL plus corpus terms, attribution/link/notice and no alteration of source file. Tanzil Arabic examples remain verbatim CC BY 3.0. Course benchmarks are reference-only; no third-party lesson text may be copied.","Planned, not publication-approved: Arabic linguist review, Quran locator validation, QAC/Tanzil attribution compliance and assessment pilot required.","Опционально","Quranic Arabic grammarian; Islamic reviewer for meaning implications"
"ARB-140","Arabic","Grammar and syntax","140","Указательное + имя","Разбирать базовую конструкцию с указательным словом.","Intermediate 2","ARB-135","QAC Quranic Grammar and dependency treebank (https://corpus.quran.com/documentation/grammar.jsp; https://corpus.quran.com/treebank.jsp)","QAC v0.4: GPL plus corpus terms, attribution/link/notice and no alteration of source file. Tanzil Arabic examples remain verbatim CC BY 3.0. Course benchmarks are reference-only; no third-party lesson text may be copied.","Planned, not publication-approved: Arabic linguist review, Quran locator validation, QAC/Tanzil attribution compliance and assessment pilot required.","Опционально","Quranic Arabic grammarian; Islamic reviewer for meaning implications"
"ARB-141","Arabic","Grammar and syntax","141","Относительное предложение","Находить относительное местоимение и границы зависимой клаузы.","Intermediate 2","ARB-135","QAC Quranic Grammar and dependency treebank (https://corpus.quran.com/documentation/grammar.jsp; https://corpus.quran.com/treebank.jsp)","QAC v0.4: GPL plus corpus terms, attribution/link/notice and no alteration of source file. Tanzil Arabic examples remain verbatim CC BY 3.0. Course benchmarks are reference-only; no third-party lesson text may be copied.","Planned, not publication-approved: Arabic linguist review, Quran locator validation, QAC/Tanzil attribution compliance and assessment pilot required.","Опционально","Quranic Arabic grammarian; Islamic reviewer for meaning implications"
"ARB-142","Arabic","Grammar and syntax","142","Местоименный референт","Выбирать референт местоимения только там, где он подтверждён анализом.","Intermediate 2","ARB-135","QAC Quranic Grammar and dependency treebank (https://corpus.quran.com/documentation/grammar.jsp; https://corpus.quran.com/treebank.jsp)","QAC v0.4: GPL plus corpus terms, attribution/link/notice and no alteration of source file. Tanzil Arabic examples remain verbatim CC BY 3.0. Course benchmarks are reference-only; no third-party lesson text may be copied.","Planned, not publication-approved: Arabic linguist review, Quran locator validation, QAC/Tanzil attribution compliance and assessment pilot required.","Опционально","Quranic Arabic grammarian; Islamic reviewer for meaning implications"
"ARB-143","Arabic","Grammar and syntax","143","Предложная группа","Определять предлог, зависимое имя и возможное присоединение.","Intermediate 2","ARB-135","QAC Quranic Grammar and dependency treebank (https://corpus.quran.com/documentation/grammar.jsp; https://corpus.quran.com/treebank.jsp)","QAC v0.4: GPL plus corpus terms, attribution/link/notice and no alteration of source file. Tanzil Arabic examples remain verbatim CC BY 3.0. Course benchmarks are reference-only; no third-party lesson text may be copied.","Planned, not publication-approved: Arabic linguist review, Quran locator validation, QAC/Tanzil attribution compliance and assessment pilot required.","Опционально","Quranic Arabic grammarian; Islamic reviewer for meaning implications"
"ARB-144","Arabic","Grammar and syntax","144","Глагольное предложение","Находить глагол и основные аргументы в коротком размеченном аяте.","Intermediate 2","ARB-135","QAC Quranic Grammar and dependency treebank (https://corpus.quran.com/documentation/grammar.jsp; https://corpus.quran.com/treebank.jsp)","QAC v0.4: GPL plus corpus terms, attribution/link/notice and no alteration of source file. Tanzil Arabic examples remain verbatim CC BY 3.0. Course benchmarks are reference-only; no third-party lesson text may be copied.","Planned, not publication-approved: Arabic linguist review, Quran locator validation, QAC/Tanzil attribution compliance and assessment pilot required.","Опционально","Quranic Arabic grammarian; Islamic reviewer for meaning implications"
"ARB-145","Arabic","Grammar and syntax","145","Подлежащее и дополнение","Различать субъект и объект с опорой на падеж и QAC dependencies.","Intermediate 2","ARB-135","QAC Quranic Grammar and dependency treebank (https://corpus.quran.com/documentation/grammar.jsp; https://corpus.quran.com/treebank.jsp)","QAC v0.4: GPL plus corpus terms, attribution/link/notice and no alteration of source file. Tanzil Arabic examples remain verbatim CC BY 3.0. Course benchmarks are reference-only; no third-party lesson text may be copied.","Planned, not publication-approved: Arabic linguist review, Quran locator validation, QAC/Tanzil attribution compliance and assessment pilot required.","Опционально","Quranic Arabic grammarian; Islamic reviewer for meaning implications"
"ARB-146","Arabic","Grammar and syntax","146","Kana и связанные конструкции","Распознавать kana-группу в пределах QAC-анализа.","Intermediate 2","ARB-135","QAC Quranic Grammar and dependency treebank (https://corpus.quran.com/documentation/grammar.jsp; https://corpus.quran.com/treebank.jsp)","QAC v0.4: GPL plus corpus terms, attribution/link/notice and no alteration of source file. Tanzil Arabic examples remain verbatim CC BY 3.0. Course benchmarks are reference-only; no third-party lesson text may be copied.","Planned, not publication-approved: Arabic linguist review, Quran locator validation, QAC/Tanzil attribution compliance and assessment pilot required.","Опционально","Quranic Arabic grammarian; Islamic reviewer for meaning implications"
"ARB-147","Arabic","Grammar and syntax","147","Inna и связанные частицы","Распознавать inna-группу и наблюдать изменение структуры.","Intermediate 2","ARB-135","QAC Quranic Grammar and dependency treebank (https://corpus.quran.com/documentation/grammar.jsp; https://corpus.quran.com/treebank.jsp)","QAC v0.4: GPL plus corpus terms, attribution/link/notice and no alteration of source file. Tanzil Arabic examples remain verbatim CC BY 3.0. Course benchmarks are reference-only; no third-party lesson text may be copied.","Planned, not publication-approved: Arabic linguist review, Quran locator validation, QAC/Tanzil attribution compliance and assessment pilot required.","Опционально","Quranic Arabic grammarian; Islamic reviewer for meaning implications"
"ARB-148","Arabic","Grammar and syntax","148","Координация","Различать соединённые слова, фразы и клаузы.","Intermediate 2","ARB-135","QAC Quranic Grammar and dependency treebank (https://corpus.quran.com/documentation/grammar.jsp; https://corpus.quran.com/treebank.jsp)","QAC v0.4: GPL plus corpus terms, attribution/link/notice and no alteration of source file. Tanzil Arabic examples remain verbatim CC BY 3.0. Course benchmarks are reference-only; no third-party lesson text may be copied.","Planned, not publication-approved: Arabic linguist review, Quran locator validation, QAC/Tanzil attribution compliance and assessment pilot required.","Опционально","Quranic Arabic grammarian; Islamic reviewer for meaning implications"
"ARB-149","Arabic","Grammar and syntax","149","Подчинённая клауза","Находить маркер и границы подчинённой части.","Intermediate 2","ARB-135","QAC Quranic Grammar and dependency treebank (https://corpus.quran.com/documentation/grammar.jsp; https://corpus.quran.com/treebank.jsp)","QAC v0.4: GPL plus corpus terms, attribution/link/notice and no alteration of source file. Tanzil Arabic examples remain verbatim CC BY 3.0. Course benchmarks are reference-only; no third-party lesson text may be copied.","Planned, not publication-approved: Arabic linguist review, Quran locator validation, QAC/Tanzil attribution compliance and assessment pilot required.","Опционально","Quranic Arabic grammarian; Islamic reviewer for meaning implications"
"ARB-150","Arabic","Grammar and syntax","150","Условная конструкция","Находить условие и результат в размеченном примере.","Intermediate 2","ARB-135","QAC Quranic Grammar and dependency treebank (https://corpus.quran.com/documentation/grammar.jsp; https://corpus.quran.com/treebank.jsp)","QAC v0.4: GPL plus corpus terms, attribution/link/notice and no alteration of source file. Tanzil Arabic examples remain verbatim CC BY 3.0. Course benchmarks are reference-only; no third-party lesson text may be copied.","Planned, not publication-approved: Arabic linguist review, Quran locator validation, QAC/Tanzil attribution compliance and assessment pilot required.","Опционально","Quranic Arabic grammarian; Islamic reviewer for meaning implications"
"ARB-151","Arabic","Grammar and syntax","151","Отрицание в контексте","Различать изученные отрицательные частицы по тегу и структуре.","Intermediate 2","ARB-135","QAC Quranic Grammar and dependency treebank (https://corpus.quran.com/documentation/grammar.jsp; https://corpus.quran.com/treebank.jsp)","QAC v0.4: GPL plus corpus terms, attribution/link/notice and no alteration of source file. Tanzil Arabic examples remain verbatim CC BY 3.0. Course benchmarks are reference-only; no third-party lesson text may be copied.","Planned, not publication-approved: Arabic linguist review, Quran locator validation, QAC/Tanzil attribution compliance and assessment pilot required.","Опционально","Quranic Arabic grammarian; Islamic reviewer for meaning implications"
"ARB-152","Arabic","Grammar and syntax","152","Запрет и отрицание","Не смешивать запретительную и отрицательную конструкцию.","Intermediate 2","ARB-135","QAC Quranic Grammar and dependency treebank (https://corpus.quran.com/documentation/grammar.jsp; https://corpus.quran.com/treebank.jsp)","QAC v0.4: GPL plus corpus terms, attribution/link/notice and no alteration of source file. Tanzil Arabic examples remain verbatim CC BY 3.0. Course benchmarks are reference-only; no third-party lesson text may be copied.","Planned, not publication-approved: Arabic linguist review, Quran locator validation, QAC/Tanzil attribution compliance and assessment pilot required.","Опционально","Quranic Arabic grammarian; Islamic reviewer for meaning implications"
"ARB-153","Arabic","Grammar and syntax","153","Вопросительная конструкция","Находить вопросительный элемент и область вопроса.","Intermediate 2","ARB-135","QAC Quranic Grammar and dependency treebank (https://corpus.quran.com/documentation/grammar.jsp; https://corpus.quran.com/treebank.jsp)","QAC v0.4: GPL plus corpus terms, attribution/link/notice and no alteration of source file. Tanzil Arabic examples remain verbatim CC BY 3.0. Course benchmarks are reference-only; no third-party lesson text may be copied.","Planned, not publication-approved: Arabic linguist review, Quran locator validation, QAC/Tanzil attribution compliance and assessment pilot required.","Опционально","Quranic Arabic grammarian; Islamic reviewer for meaning implications"
"ARB-154","Arabic","Grammar and syntax","154","Обращение","Распознавать vocative particle и адресата.","Intermediate 2","ARB-135","QAC Quranic Grammar and dependency treebank (https://corpus.quran.com/documentation/grammar.jsp; https://corpus.quran.com/treebank.jsp)","QAC v0.4: GPL plus corpus terms, attribution/link/notice and no alteration of source file. Tanzil Arabic examples remain verbatim CC BY 3.0. Course benchmarks are reference-only; no third-party lesson text may be copied.","Planned, not publication-approved: Arabic linguist review, Quran locator validation, QAC/Tanzil attribution compliance and assessment pilot required.","Опционально","Quranic Arabic grammarian; Islamic reviewer for meaning implications"
"ARB-155","Arabic","Grammar and syntax","155","Исключение","Распознавать exceptive particle без самостоятельного правового/богословского вывода.","Intermediate 2","ARB-135","QAC Quranic Grammar and dependency treebank (https://corpus.quran.com/documentation/grammar.jsp; https://corpus.quran.com/treebank.jsp)","QAC v0.4: GPL plus corpus terms, attribution/link/notice and no alteration of source file. Tanzil Arabic examples remain verbatim CC BY 3.0. Course benchmarks are reference-only; no third-party lesson text may be copied.","Planned, not publication-approved: Arabic linguist review, Quran locator validation, QAC/Tanzil attribution compliance and assessment pilot required.","Опционально","Quranic Arabic grammarian; Islamic reviewer for meaning implications"
"ARB-156","Arabic","Grammar and syntax","156","Hal","Находить circumstantial accusative только в подтверждённом разборе.","Intermediate 2","ARB-135","QAC Quranic Grammar and dependency treebank (https://corpus.quran.com/documentation/grammar.jsp; https://corpus.quran.com/treebank.jsp)","QAC v0.4: GPL plus corpus terms, attribution/link/notice and no alteration of source file. Tanzil Arabic examples remain verbatim CC BY 3.0. Course benchmarks are reference-only; no third-party lesson text may be copied.","Planned, not publication-approved: Arabic linguist review, Quran locator validation, QAC/Tanzil attribution compliance and assessment pilot required.","Опционально","Quranic Arabic grammarian; Islamic reviewer for meaning implications"
"ARB-157","Arabic","Grammar and syntax","157","Цель действия","Распознавать accusative of purpose в подтверждённом разборе.","Intermediate 2","ARB-135","QAC Quranic Grammar and dependency treebank (https://corpus.quran.com/documentation/grammar.jsp; https://corpus.quran.com/treebank.jsp)","QAC v0.4: GPL plus corpus terms, attribution/link/notice and no alteration of source file. Tanzil Arabic examples remain verbatim CC BY 3.0. Course benchmarks are reference-only; no third-party lesson text may be copied.","Planned, not publication-approved: Arabic linguist review, Quran locator validation, QAC/Tanzil attribution compliance and assessment pilot required.","Опционально","Quranic Arabic grammarian; Islamic reviewer for meaning implications"
"ARB-158","Arabic","Grammar and syntax","158","Cognate accusative","Распознавать masdar, усиливающий или уточняющий глагол.","Intermediate 2","ARB-135","QAC Quranic Grammar and dependency treebank (https://corpus.quran.com/documentation/grammar.jsp; https://corpus.quran.com/treebank.jsp)","QAC v0.4: GPL plus corpus terms, attribution/link/notice and no alteration of source file. Tanzil Arabic examples remain verbatim CC BY 3.0. Course benchmarks are reference-only; no third-party lesson text may be copied.","Planned, not publication-approved: Arabic linguist review, Quran locator validation, QAC/Tanzil attribution compliance and assessment pilot required.","Опционально","Quranic Arabic grammarian; Islamic reviewer for meaning implications"
"ARB-159","Arabic","Grammar and syntax","159","Порядок слов и акцент","Сравнивать нейтральный и отмеченный порядок без свободной риторической интерпретации.","Intermediate 2","ARB-135","QAC Quranic Grammar and dependency treebank (https://corpus.quran.com/documentation/grammar.jsp; https://corpus.quran.com/treebank.jsp)","QAC v0.4: GPL plus corpus terms, attribution/link/notice and no alteration of source file. Tanzil Arabic examples remain verbatim CC BY 3.0. Course benchmarks are reference-only; no third-party lesson text may be copied.","Planned, not publication-approved: Arabic linguist review, Quran locator validation, QAC/Tanzil attribution compliance and assessment pilot required.","Опционально","Quranic Arabic grammarian; Islamic reviewer for meaning implications"
"ARB-160","Arabic","Grammar and syntax","160","Кумулятивный синтаксический разбор","Построить проверяемое дерево короткого аята и сверить с QAC treebank.","Intermediate 2","ARB-135","QAC Quranic Grammar and dependency treebank (https://corpus.quran.com/documentation/grammar.jsp; https://corpus.quran.com/treebank.jsp)","QAC v0.4: GPL plus corpus terms, attribution/link/notice and no alteration of source file. Tanzil Arabic examples remain verbatim CC BY 3.0. Course benchmarks are reference-only; no third-party lesson text may be copied.","Planned, not publication-approved: Arabic linguist review, Quran locator validation, QAC/Tanzil attribution compliance and assessment pilot required.","Рекомендуется: пошаговая анимация дерева","Quranic Arabic grammarian; Islamic reviewer for meaning implications"
"ARB-161","Arabic","Comprehension and transfer","161","Разбор Al-Fatiha","Сегментировать выбранный аят суры 1, назвать POS/морфологию изученных элементов и вывести только поддерживаемое грамматикой базовое значение.","Advanced","ARB-160","QAC treebank chapter 1 (https://corpus.quran.com/treebank.jsp); Tanzil Quran Text chapter 1; approved translation not selected","QAC v0.4: GPL plus corpus terms, attribution/link/notice and no alteration of source file. Tanzil Arabic examples remain verbatim CC BY 3.0. Course benchmarks are reference-only; no third-party lesson text may be copied.","Planned, not publication-approved: Arabic linguist review, Quran locator validation, QAC/Tanzil attribution compliance and assessment pilot required.","Рекомендуется: интерактивное дерево и синхронное аудио","Quranic Arabic grammarian, reciter and Islamic reviewer"
"ARB-162","Arabic","Comprehension and transfer","162","Разбор Al-Ikhlas","Сегментировать выбранный аят суры 112, назвать POS/морфологию изученных элементов и вывести только поддерживаемое грамматикой базовое значение.","Advanced","ARB-160","QAC treebank chapter 112 (https://corpus.quran.com/treebank.jsp); Tanzil Quran Text chapter 112; approved translation not selected","QAC v0.4: GPL plus corpus terms, attribution/link/notice and no alteration of source file. Tanzil Arabic examples remain verbatim CC BY 3.0. Course benchmarks are reference-only; no third-party lesson text may be copied.","Planned, not publication-approved: Arabic linguist review, Quran locator validation, QAC/Tanzil attribution compliance and assessment pilot required.","Рекомендуется: интерактивное дерево и синхронное аудио","Quranic Arabic grammarian, reciter and Islamic reviewer"
"ARB-163","Arabic","Comprehension and transfer","163","Разбор Al-Falaq","Сегментировать выбранный аят суры 113, назвать POS/морфологию изученных элементов и вывести только поддерживаемое грамматикой базовое значение.","Advanced","ARB-160","QAC treebank chapter 113 (https://corpus.quran.com/treebank.jsp); Tanzil Quran Text chapter 113; approved translation not selected","QAC v0.4: GPL plus corpus terms, attribution/link/notice and no alteration of source file. Tanzil Arabic examples remain verbatim CC BY 3.0. Course benchmarks are reference-only; no third-party lesson text may be copied.","Planned, not publication-approved: Arabic linguist review, Quran locator validation, QAC/Tanzil attribution compliance and assessment pilot required.","Рекомендуется: интерактивное дерево и синхронное аудио","Quranic Arabic grammarian, reciter and Islamic reviewer"
"ARB-164","Arabic","Comprehension and transfer","164","Разбор An-Nas","Сегментировать выбранный аят суры 114, назвать POS/морфологию изученных элементов и вывести только поддерживаемое грамматикой базовое значение.","Advanced","ARB-160","QAC treebank chapter 114 (https://corpus.quran.com/treebank.jsp); Tanzil Quran Text chapter 114; approved translation not selected","QAC v0.4: GPL plus corpus terms, attribution/link/notice and no alteration of source file. Tanzil Arabic examples remain verbatim CC BY 3.0. Course benchmarks are reference-only; no third-party lesson text may be copied.","Planned, not publication-approved: Arabic linguist review, Quran locator validation, QAC/Tanzil attribution compliance and assessment pilot required.","Рекомендуется: интерактивное дерево и синхронное аудио","Quranic Arabic grammarian, reciter and Islamic reviewer"
"ARB-165","Arabic","Comprehension and transfer","165","Разбор Al-Asr","Сегментировать выбранный аят суры 103, назвать POS/морфологию изученных элементов и вывести только поддерживаемое грамматикой базовое значение.","Advanced","ARB-160","QAC treebank chapter 103 (https://corpus.quran.com/treebank.jsp); Tanzil Quran Text chapter 103; approved translation not selected","QAC v0.4: GPL plus corpus terms, attribution/link/notice and no alteration of source file. Tanzil Arabic examples remain verbatim CC BY 3.0. Course benchmarks are reference-only; no third-party lesson text may be copied.","Planned, not publication-approved: Arabic linguist review, Quran locator validation, QAC/Tanzil attribution compliance and assessment pilot required.","Рекомендуется: интерактивное дерево и синхронное аудио","Quranic Arabic grammarian, reciter and Islamic reviewer"
"ARB-166","Arabic","Comprehension and transfer","166","Разбор Al-Kawthar","Сегментировать выбранный аят суры 108, назвать POS/морфологию изученных элементов и вывести только поддерживаемое грамматикой базовое значение.","Advanced","ARB-160","QAC treebank chapter 108 (https://corpus.quran.com/treebank.jsp); Tanzil Quran Text chapter 108; approved translation not selected","QAC v0.4: GPL plus corpus terms, attribution/link/notice and no alteration of source file. Tanzil Arabic examples remain verbatim CC BY 3.0. Course benchmarks are reference-only; no third-party lesson text may be copied.","Planned, not publication-approved: Arabic linguist review, Quran locator validation, QAC/Tanzil attribution compliance and assessment pilot required.","Рекомендуется: интерактивное дерево и синхронное аудио","Quranic Arabic grammarian, reciter and Islamic reviewer"
"ARB-167","Arabic","Comprehension and transfer","167","Разбор Al-Qadr","Сегментировать выбранный аят суры 97, назвать POS/морфологию изученных элементов и вывести только поддерживаемое грамматикой базовое значение.","Advanced","ARB-160","QAC treebank chapter 97 (https://corpus.quran.com/treebank.jsp); Tanzil Quran Text chapter 97; approved translation not selected","QAC v0.4: GPL plus corpus terms, attribution/link/notice and no alteration of source file. Tanzil Arabic examples remain verbatim CC BY 3.0. Course benchmarks are reference-only; no third-party lesson text may be copied.","Planned, not publication-approved: Arabic linguist review, Quran locator validation, QAC/Tanzil attribution compliance and assessment pilot required.","Рекомендуется: интерактивное дерево и синхронное аудио","Quranic Arabic grammarian, reciter and Islamic reviewer"
"ARB-168","Arabic","Comprehension and transfer","168","Разбор Ad-Duha","Сегментировать выбранный аят суры 93, назвать POS/морфологию изученных элементов и вывести только поддерживаемое грамматикой базовое значение.","Advanced","ARB-160","QAC treebank chapter 93 (https://corpus.quran.com/treebank.jsp); Tanzil Quran Text chapter 93; approved translation not selected","QAC v0.4: GPL plus corpus terms, attribution/link/notice and no alteration of source file. Tanzil Arabic examples remain verbatim CC BY 3.0. Course benchmarks are reference-only; no third-party lesson text may be copied.","Planned, not publication-approved: Arabic linguist review, Quran locator validation, QAC/Tanzil attribution compliance and assessment pilot required.","Рекомендуется: интерактивное дерево и синхронное аудио","Quranic Arabic grammarian, reciter and Islamic reviewer"
"ARB-169","Arabic","Comprehension and transfer","169","Незнакомый короткий аят: перенос","Разобрать новый короткий аят без предварительного заучивания, отделяя наблюдение языка от толкования.","Advanced","ARB-168","QAC treebank coverage chapters 59-114; exact held-out verse locator assigned only at assessment build","QAC v0.4: GPL plus corpus terms, attribution/link/notice and no alteration of source file. Tanzil Arabic examples remain verbatim CC BY 3.0. Course benchmarks are reference-only; no third-party lesson text may be copied.","Planned, not publication-approved: Arabic linguist review, Quran locator validation, QAC/Tanzil attribution compliance and assessment pilot required.","Не требуется","Quranic Arabic assessment specialist"
"ARB-170","Arabic","Comprehension and transfer","170","Итоговый Quranic Arabic capstone","Сопоставить чтение, морфологию, синтаксис и утверждённый перевод нескольких коротких аятов с полным источниковым следом.","Advanced","ARB-169","Tanzil text + QAC v0.4 morphology/treebank + edition-specific approved translation; final locator packet pending","QAC v0.4: GPL plus corpus terms, attribution/link/notice and no alteration of source file. Tanzil Arabic examples remain verbatim CC BY 3.0. Course benchmarks are reference-only; no third-party lesson text may be copied.","Planned, not publication-approved: Arabic linguist review, Quran locator validation, QAC/Tanzil attribution compliance and assessment pilot required.","Рекомендуется: итоговый разбор преподавателя","Quranic Arabic grammarian and Islamic editorial board"
"TAJ-001","Tajwid","Foundations","1","Границы автоматической оценки","Различать text match, fluency signals и teacher-reviewed Tajwid.","Beginner 2","Arabic decoding through ARB-070","KFGQPC Al-Tajwid al-Muyassar (https://qurancomplex.gov.sa/en/techquran/dev/); exact chapter/page mapping pending; proposed module title is not claimed as a source heading; Quran examples and locators pending teacher review","KFGQPC Al-Tajwid al-Muyassar is an authoritative reference; no blanket adaptation/commercial license was confirmed. Use for internal review only until written permission. Tanzil examples may be quoted verbatim with CC BY 3.0 attribution.","Blocked for publication pending qualified Tajwid teacher review, consistent Hafs 'an Asim scope, approved human audio/rubric and rights clearance.","Рекомендуется","Qualified Tajwid teacher and reciter in Hafs 'an Asim; privacy specialist for recording module"
"TAJ-002","Tajwid","Foundations","2","Listen-before-record","Прослушать утверждённый человеческий образец до собственной записи.","Beginner 2","TAJ-001","KFGQPC Al-Tajwid al-Muyassar (https://qurancomplex.gov.sa/en/techquran/dev/); exact chapter/page mapping pending; proposed module title is not claimed as a source heading; Quran examples and locators pending teacher review","KFGQPC Al-Tajwid al-Muyassar is an authoritative reference; no blanket adaptation/commercial license was confirmed. Use for internal review only until written permission. Tanzil examples may be quoted verbatim with CC BY 3.0 attribution.","Blocked for publication pending qualified Tajwid teacher review, consistent Hafs 'an Asim scope, approved human audio/rubric and rights clearance.","Рекомендуется","Qualified Tajwid teacher and reciter in Hafs 'an Asim; privacy specialist for recording module"
"TAJ-003","Tajwid","Foundations","3","Этикет и намерение обучения","Следовать краткой утверждённой рамке уважительного обучения без оценки религиозности человека.","Beginner 2","TAJ-002","KFGQPC Al-Tajwid al-Muyassar (https://qurancomplex.gov.sa/en/techquran/dev/); exact chapter/page mapping pending; proposed module title is not claimed as a source heading; Quran examples and locators pending teacher review","KFGQPC Al-Tajwid al-Muyassar is an authoritative reference; no blanket adaptation/commercial license was confirmed. Use for internal review only until written permission. Tanzil examples may be quoted verbatim with CC BY 3.0 attribution.","Blocked for publication pending qualified Tajwid teacher review, consistent Hafs 'an Asim scope, approved human audio/rubric and rights clearance.","Рекомендуется: teacher demo and A/B audio","Qualified Tajwid teacher and reciter in Hafs 'an Asim; privacy specialist for recording module"
"TAJ-004","Tajwid","Foundations","4","Riwayah и scope","Понимать, что курс последовательно использует одну заявленную riwayah.","Intermediate 1","TAJ-003","KFGQPC Al-Tajwid al-Muyassar (https://qurancomplex.gov.sa/en/techquran/dev/); exact chapter/page mapping pending; proposed module title is not claimed as a source heading; Quran examples and locators pending teacher review","KFGQPC Al-Tajwid al-Muyassar is an authoritative reference; no blanket adaptation/commercial license was confirmed. Use for internal review only until written permission. Tanzil examples may be quoted verbatim with CC BY 3.0 attribution.","Blocked for publication pending qualified Tajwid teacher review, consistent Hafs 'an Asim scope, approved human audio/rubric and rights clearance.","Рекомендуется: teacher demo and A/B audio","Qualified Tajwid teacher and reciter in Hafs 'an Asim; privacy specialist for recording module"
"TAJ-005","Tajwid","Foundations","5","Слуховая диагностика","Определить трудные контрасты без присвоения mastery.","Intermediate 1","TAJ-004","KFGQPC Al-Tajwid al-Muyassar (https://qurancomplex.gov.sa/en/techquran/dev/); exact chapter/page mapping pending; proposed module title is not claimed as a source heading; Quran examples and locators pending teacher review","KFGQPC Al-Tajwid al-Muyassar is an authoritative reference; no blanket adaptation/commercial license was confirmed. Use for internal review only until written permission. Tanzil examples may be quoted verbatim with CC BY 3.0 attribution.","Blocked for publication pending qualified Tajwid teacher review, consistent Hafs 'an Asim scope, approved human audio/rubric and rights clearance.","Рекомендуется: teacher demo and A/B audio","Qualified Tajwid teacher and reciter in Hafs 'an Asim; privacy specialist for recording module"
"TAJ-006","Tajwid","Foundations","6","Запись и согласие","Понимать, куда отправляется голос и как удалить попытку.","Intermediate 1","TAJ-005","KFGQPC Al-Tajwid al-Muyassar (https://qurancomplex.gov.sa/en/techquran/dev/); exact chapter/page mapping pending; proposed module title is not claimed as a source heading; Quran examples and locators pending teacher review","KFGQPC Al-Tajwid al-Muyassar is an authoritative reference; no blanket adaptation/commercial license was confirmed. Use for internal review only until written permission. Tanzil examples may be quoted verbatim with CC BY 3.0 attribution.","Blocked for publication pending qualified Tajwid teacher review, consistent Hafs 'an Asim scope, approved human audio/rubric and rights clearance.","Рекомендуется: teacher demo and A/B audio","Qualified Tajwid teacher and reciter in Hafs 'an Asim; privacy specialist for recording module"
"TAJ-007","Tajwid","Foundations","7","Ритм без музыкальных метафор","Следовать естественной фразировке образца без неподтверждённых аналогий.","Intermediate 1","TAJ-006","KFGQPC Al-Tajwid al-Muyassar (https://qurancomplex.gov.sa/en/techquran/dev/); exact chapter/page mapping pending; proposed module title is not claimed as a source heading; Quran examples and locators pending teacher review","KFGQPC Al-Tajwid al-Muyassar is an authoritative reference; no blanket adaptation/commercial license was confirmed. Use for internal review only until written permission. Tanzil examples may be quoted verbatim with CC BY 3.0 attribution.","Blocked for publication pending qualified Tajwid teacher review, consistent Hafs 'an Asim scope, approved human audio/rubric and rights clearance.","Рекомендуется: teacher demo and A/B audio","Qualified Tajwid teacher and reciter in Hafs 'an Asim; privacy specialist for recording module"
"TAJ-008","Tajwid","Foundations","8","Ошибка или неуверенность модели","Выбирать повтор или учителя, когда система не уверена.","Intermediate 1","TAJ-007","KFGQPC Al-Tajwid al-Muyassar (https://qurancomplex.gov.sa/en/techquran/dev/); exact chapter/page mapping pending; proposed module title is not claimed as a source heading; Quran examples and locators pending teacher review","KFGQPC Al-Tajwid al-Muyassar is an authoritative reference; no blanket adaptation/commercial license was confirmed. Use for internal review only until written permission. Tanzil examples may be quoted verbatim with CC BY 3.0 attribution.","Blocked for publication pending qualified Tajwid teacher review, consistent Hafs 'an Asim scope, approved human audio/rubric and rights clearance.","Рекомендуется: teacher demo and A/B audio","Qualified Tajwid teacher and reciter in Hafs 'an Asim; privacy specialist for recording module"
"TAJ-009","Tajwid","Foundations","9","Минимальная пара: метод","Сравнивать два звука до их произнесения.","Intermediate 2","TAJ-008","KFGQPC Al-Tajwid al-Muyassar (https://qurancomplex.gov.sa/en/techquran/dev/); exact chapter/page mapping pending; proposed module title is not claimed as a source heading; Quran examples and locators pending teacher review","KFGQPC Al-Tajwid al-Muyassar is an authoritative reference; no blanket adaptation/commercial license was confirmed. Use for internal review only until written permission. Tanzil examples may be quoted verbatim with CC BY 3.0 attribution.","Blocked for publication pending qualified Tajwid teacher review, consistent Hafs 'an Asim scope, approved human audio/rubric and rights clearance.","Рекомендуется: teacher demo and A/B audio","Qualified Tajwid teacher and reciter in Hafs 'an Asim; privacy specialist for recording module"
"TAJ-010","Tajwid","Foundations","10","Входной устный рубеж","Пройти базовый human-reviewed sample перед продвинутым маршрутом.","Intermediate 2","TAJ-009","KFGQPC Al-Tajwid al-Muyassar (https://qurancomplex.gov.sa/en/techquran/dev/); exact chapter/page mapping pending; proposed module title is not claimed as a source heading; Quran examples and locators pending teacher review","KFGQPC Al-Tajwid al-Muyassar is an authoritative reference; no blanket adaptation/commercial license was confirmed. Use for internal review only until written permission. Tanzil examples may be quoted verbatim with CC BY 3.0 attribution.","Blocked for publication pending qualified Tajwid teacher review, consistent Hafs 'an Asim scope, approved human audio/rubric and rights clearance.","Рекомендуется: teacher demo and A/B audio","Qualified Tajwid teacher and reciter in Hafs 'an Asim; privacy specialist for recording module"
"TAJ-011","Tajwid","Makharij","11","Области выхода звука","Различать основные области makhraj на обзорном уровне.","Beginner 2","TAJ-010","KFGQPC Al-Tajwid al-Muyassar (https://qurancomplex.gov.sa/en/techquran/dev/); exact chapter/page mapping pending; proposed module title is not claimed as a source heading; Quran examples and locators pending teacher review","KFGQPC Al-Tajwid al-Muyassar is an authoritative reference; no blanket adaptation/commercial license was confirmed. Use for internal review only until written permission. Tanzil examples may be quoted verbatim with CC BY 3.0 attribution.","Blocked for publication pending qualified Tajwid teacher review, consistent Hafs 'an Asim scope, approved human audio/rubric and rights clearance.","Обязательно: лицо/рот преподавателя с согласиями","Qualified Tajwid teacher and reciter in Hafs 'an Asim; privacy specialist for recording module"
"TAJ-012","Tajwid","Makharij","12","Горловые буквы","Распознавать и пробовать горловые буквы после визуального объяснения.","Beginner 2","TAJ-011","KFGQPC Al-Tajwid al-Muyassar (https://qurancomplex.gov.sa/en/techquran/dev/); exact chapter/page mapping pending; proposed module title is not claimed as a source heading; Quran examples and locators pending teacher review","KFGQPC Al-Tajwid al-Muyassar is an authoritative reference; no blanket adaptation/commercial license was confirmed. Use for internal review only until written permission. Tanzil examples may be quoted verbatim with CC BY 3.0 attribution.","Blocked for publication pending qualified Tajwid teacher review, consistent Hafs 'an Asim scope, approved human audio/rubric and rights clearance.","Обязательно: лицо/рот преподавателя с согласиями","Qualified Tajwid teacher and reciter in Hafs 'an Asim; privacy specialist for recording module"
"TAJ-013","Tajwid","Makharij","13","Губные буквы","Наблюдать положение губ на проверенных звуках.","Beginner 2","TAJ-012","KFGQPC Al-Tajwid al-Muyassar (https://qurancomplex.gov.sa/en/techquran/dev/); exact chapter/page mapping pending; proposed module title is not claimed as a source heading; Quran examples and locators pending teacher review","KFGQPC Al-Tajwid al-Muyassar is an authoritative reference; no blanket adaptation/commercial license was confirmed. Use for internal review only until written permission. Tanzil examples may be quoted verbatim with CC BY 3.0 attribution.","Blocked for publication pending qualified Tajwid teacher review, consistent Hafs 'an Asim scope, approved human audio/rubric and rights clearance.","Обязательно: лицо/рот преподавателя с согласиями","Qualified Tajwid teacher and reciter in Hafs 'an Asim; privacy specialist for recording module"
"TAJ-014","Tajwid","Makharij","14","Кончик языка","Сравнивать близкие точки кончика языка.","Intermediate 1","TAJ-013","KFGQPC Al-Tajwid al-Muyassar (https://qurancomplex.gov.sa/en/techquran/dev/); exact chapter/page mapping pending; proposed module title is not claimed as a source heading; Quran examples and locators pending teacher review","KFGQPC Al-Tajwid al-Muyassar is an authoritative reference; no blanket adaptation/commercial license was confirmed. Use for internal review only until written permission. Tanzil examples may be quoted verbatim with CC BY 3.0 attribution.","Blocked for publication pending qualified Tajwid teacher review, consistent Hafs 'an Asim scope, approved human audio/rubric and rights clearance.","Обязательно: лицо/рот преподавателя с согласиями","Qualified Tajwid teacher and reciter in Hafs 'an Asim; privacy specialist for recording module"
"TAJ-015","Tajwid","Makharij","15","Середина языка","Сравнивать утверждённые звуки средней части языка.","Intermediate 1","TAJ-014","KFGQPC Al-Tajwid al-Muyassar (https://qurancomplex.gov.sa/en/techquran/dev/); exact chapter/page mapping pending; proposed module title is not claimed as a source heading; Quran examples and locators pending teacher review","KFGQPC Al-Tajwid al-Muyassar is an authoritative reference; no blanket adaptation/commercial license was confirmed. Use for internal review only until written permission. Tanzil examples may be quoted verbatim with CC BY 3.0 attribution.","Blocked for publication pending qualified Tajwid teacher review, consistent Hafs 'an Asim scope, approved human audio/rubric and rights clearance.","Обязательно: лицо/рот преподавателя с согласиями","Qualified Tajwid teacher and reciter in Hafs 'an Asim; privacy specialist for recording module"
"TAJ-016","Tajwid","Makharij","16","Задняя часть языка","Различать qaf и kaf по слуху и демонстрации.","Intermediate 1","TAJ-015","KFGQPC Al-Tajwid al-Muyassar (https://qurancomplex.gov.sa/en/techquran/dev/); exact chapter/page mapping pending; proposed module title is not claimed as a source heading; Quran examples and locators pending teacher review","KFGQPC Al-Tajwid al-Muyassar is an authoritative reference; no blanket adaptation/commercial license was confirmed. Use for internal review only until written permission. Tanzil examples may be quoted verbatim with CC BY 3.0 attribution.","Blocked for publication pending qualified Tajwid teacher review, consistent Hafs 'an Asim scope, approved human audio/rubric and rights clearance.","Обязательно: лицо/рот преподавателя с согласиями","Qualified Tajwid teacher and reciter in Hafs 'an Asim; privacy specialist for recording module"
"TAJ-017","Tajwid","Makharij","17","Носовой резонатор","Понимать роль khayshum только в пределах ghunnah.","Intermediate 1","TAJ-016","KFGQPC Al-Tajwid al-Muyassar (https://qurancomplex.gov.sa/en/techquran/dev/); exact chapter/page mapping pending; proposed module title is not claimed as a source heading; Quran examples and locators pending teacher review","KFGQPC Al-Tajwid al-Muyassar is an authoritative reference; no blanket adaptation/commercial license was confirmed. Use for internal review only until written permission. Tanzil examples may be quoted verbatim with CC BY 3.0 attribution.","Blocked for publication pending qualified Tajwid teacher review, consistent Hafs 'an Asim scope, approved human audio/rubric and rights clearance.","Обязательно: лицо/рот преподавателя с согласиями","Qualified Tajwid teacher and reciter in Hafs 'an Asim; privacy specialist for recording module"
"TAJ-018","Tajwid","Makharij","18","Гласные и полость рта","Связывать базовые долгие гласные с al-jawf без самостоятельного правила madd.","Intermediate 1","TAJ-017","KFGQPC Al-Tajwid al-Muyassar (https://qurancomplex.gov.sa/en/techquran/dev/); exact chapter/page mapping pending; proposed module title is not claimed as a source heading; Quran examples and locators pending teacher review","KFGQPC Al-Tajwid al-Muyassar is an authoritative reference; no blanket adaptation/commercial license was confirmed. Use for internal review only until written permission. Tanzil examples may be quoted verbatim with CC BY 3.0 attribution.","Blocked for publication pending qualified Tajwid teacher review, consistent Hafs 'an Asim scope, approved human audio/rubric and rights clearance.","Обязательно: лицо/рот преподавателя с согласиями","Qualified Tajwid teacher and reciter in Hafs 'an Asim; privacy specialist for recording module"
"TAJ-019","Tajwid","Makharij","19","Makhraj в слове","Перенести один звук из изоляции в проверенное слово.","Intermediate 2","TAJ-018","KFGQPC Al-Tajwid al-Muyassar (https://qurancomplex.gov.sa/en/techquran/dev/); exact chapter/page mapping pending; proposed module title is not claimed as a source heading; Quran examples and locators pending teacher review","KFGQPC Al-Tajwid al-Muyassar is an authoritative reference; no blanket adaptation/commercial license was confirmed. Use for internal review only until written permission. Tanzil examples may be quoted verbatim with CC BY 3.0 attribution.","Blocked for publication pending qualified Tajwid teacher review, consistent Hafs 'an Asim scope, approved human audio/rubric and rights clearance.","Обязательно: лицо/рот преподавателя с согласиями","Qualified Tajwid teacher and reciter in Hafs 'an Asim; privacy specialist for recording module"
"TAJ-020","Tajwid","Makharij","20","Makhraj в аяте","Перенести изученные точки в короткий аят под human review.","Intermediate 2","TAJ-019","KFGQPC Al-Tajwid al-Muyassar (https://qurancomplex.gov.sa/en/techquran/dev/); exact chapter/page mapping pending; proposed module title is not claimed as a source heading; Quran examples and locators pending teacher review","KFGQPC Al-Tajwid al-Muyassar is an authoritative reference; no blanket adaptation/commercial license was confirmed. Use for internal review only until written permission. Tanzil examples may be quoted verbatim with CC BY 3.0 attribution.","Blocked for publication pending qualified Tajwid teacher review, consistent Hafs 'an Asim scope, approved human audio/rubric and rights clearance.","Обязательно: лицо/рот преподавателя с согласиями","Qualified Tajwid teacher and reciter in Hafs 'an Asim; privacy specialist for recording module"
"TAJ-021","Tajwid","Sifaat and contrasts","21","Звонкость и поток воздуха","Сравнивать только выбранные учителем контрасты.","Beginner 2","TAJ-020","KFGQPC Al-Tajwid al-Muyassar (https://qurancomplex.gov.sa/en/techquran/dev/); exact chapter/page mapping pending; proposed module title is not claimed as a source heading; Quran examples and locators pending teacher review","KFGQPC Al-Tajwid al-Muyassar is an authoritative reference; no blanket adaptation/commercial license was confirmed. Use for internal review only until written permission. Tanzil examples may be quoted verbatim with CC BY 3.0 attribution.","Blocked for publication pending qualified Tajwid teacher review, consistent Hafs 'an Asim scope, approved human audio/rubric and rights clearance.","Обязательно: лицо/рот преподавателя с согласиями","Qualified Tajwid teacher and reciter in Hafs 'an Asim; privacy specialist for recording module"
"TAJ-022","Tajwid","Sifaat and contrasts","22","Тяжёлые и лёгкие звуки","Слышать tafkhim-контраст без переноса тяжести на соседние буквы.","Beginner 2","TAJ-021","KFGQPC Al-Tajwid al-Muyassar (https://qurancomplex.gov.sa/en/techquran/dev/); exact chapter/page mapping pending; proposed module title is not claimed as a source heading; Quran examples and locators pending teacher review","KFGQPC Al-Tajwid al-Muyassar is an authoritative reference; no blanket adaptation/commercial license was confirmed. Use for internal review only until written permission. Tanzil examples may be quoted verbatim with CC BY 3.0 attribution.","Blocked for publication pending qualified Tajwid teacher review, consistent Hafs 'an Asim scope, approved human audio/rubric and rights clearance.","Обязательно: лицо/рот преподавателя с согласиями","Qualified Tajwid teacher and reciter in Hafs 'an Asim; privacy specialist for recording module"
"TAJ-023","Tajwid","Sifaat and contrasts","23","Истиъла: обзор","Распознавать заявленный набор букв isti‘la.","Beginner 2","TAJ-022","KFGQPC Al-Tajwid al-Muyassar (https://qurancomplex.gov.sa/en/techquran/dev/); exact chapter/page mapping pending; proposed module title is not claimed as a source heading; Quran examples and locators pending teacher review","KFGQPC Al-Tajwid al-Muyassar is an authoritative reference; no blanket adaptation/commercial license was confirmed. Use for internal review only until written permission. Tanzil examples may be quoted verbatim with CC BY 3.0 attribution.","Blocked for publication pending qualified Tajwid teacher review, consistent Hafs 'an Asim scope, approved human audio/rubric and rights clearance.","Обязательно: лицо/рот преподавателя с согласиями","Qualified Tajwid teacher and reciter in Hafs 'an Asim; privacy specialist for recording module"
"TAJ-024","Tajwid","Sifaat and contrasts","24","Itbaq: обзор","Сравнивать закрытость на утверждённых примерах.","Intermediate 1","TAJ-023","KFGQPC Al-Tajwid al-Muyassar (https://qurancomplex.gov.sa/en/techquran/dev/); exact chapter/page mapping pending; proposed module title is not claimed as a source heading; Quran examples and locators pending teacher review","KFGQPC Al-Tajwid al-Muyassar is an authoritative reference; no blanket adaptation/commercial license was confirmed. Use for internal review only until written permission. Tanzil examples may be quoted verbatim with CC BY 3.0 attribution.","Blocked for publication pending qualified Tajwid teacher review, consistent Hafs 'an Asim scope, approved human audio/rubric and rights clearance.","Обязательно: лицо/рот преподавателя с согласиями","Qualified Tajwid teacher and reciter in Hafs 'an Asim; privacy specialist for recording module"
"TAJ-025","Tajwid","Sifaat and contrasts","25","Safir","Слышать характеристику в син, сад и зай без преувеличения.","Intermediate 1","TAJ-024","KFGQPC Al-Tajwid al-Muyassar (https://qurancomplex.gov.sa/en/techquran/dev/); exact chapter/page mapping pending; proposed module title is not claimed as a source heading; Quran examples and locators pending teacher review","KFGQPC Al-Tajwid al-Muyassar is an authoritative reference; no blanket adaptation/commercial license was confirmed. Use for internal review only until written permission. Tanzil examples may be quoted verbatim with CC BY 3.0 attribution.","Blocked for publication pending qualified Tajwid teacher review, consistent Hafs 'an Asim scope, approved human audio/rubric and rights clearance.","Обязательно: лицо/рот преподавателя с согласиями","Qualified Tajwid teacher and reciter in Hafs 'an Asim; privacy specialist for recording module"
"TAJ-026","Tajwid","Sifaat and contrasts","26","Qalqalah: буквы","Узнавать набор qutb jad в состоянии sukun.","Intermediate 1","TAJ-025","KFGQPC Al-Tajwid al-Muyassar (https://qurancomplex.gov.sa/en/techquran/dev/); exact chapter/page mapping pending; proposed module title is not claimed as a source heading; Quran examples and locators pending teacher review","KFGQPC Al-Tajwid al-Muyassar is an authoritative reference; no blanket adaptation/commercial license was confirmed. Use for internal review only until written permission. Tanzil examples may be quoted verbatim with CC BY 3.0 attribution.","Blocked for publication pending qualified Tajwid teacher review, consistent Hafs 'an Asim scope, approved human audio/rubric and rights clearance.","Обязательно: лицо/рот преподавателя с согласиями","Qualified Tajwid teacher and reciter in Hafs 'an Asim; privacy specialist for recording module"
"TAJ-027","Tajwid","Sifaat and contrasts","27","Qalqalah: позиции","Сравнивать внутреннюю и конечную позицию на проверенных примерах.","Intermediate 1","TAJ-026","KFGQPC Al-Tajwid al-Muyassar (https://qurancomplex.gov.sa/en/techquran/dev/); exact chapter/page mapping pending; proposed module title is not claimed as a source heading; Quran examples and locators pending teacher review","KFGQPC Al-Tajwid al-Muyassar is an authoritative reference; no blanket adaptation/commercial license was confirmed. Use for internal review only until written permission. Tanzil examples may be quoted verbatim with CC BY 3.0 attribution.","Blocked for publication pending qualified Tajwid teacher review, consistent Hafs 'an Asim scope, approved human audio/rubric and rights clearance.","Обязательно: лицо/рот преподавателя с согласиями","Qualified Tajwid teacher and reciter in Hafs 'an Asim; privacy specialist for recording module"
"TAJ-028","Tajwid","Sifaat and contrasts","28","Ra: тяжёлое и лёгкое","Применять только базовые утверждённые случаи ra.","Intermediate 1","TAJ-027","KFGQPC Al-Tajwid al-Muyassar (https://qurancomplex.gov.sa/en/techquran/dev/); exact chapter/page mapping pending; proposed module title is not claimed as a source heading; Quran examples and locators pending teacher review","KFGQPC Al-Tajwid al-Muyassar is an authoritative reference; no blanket adaptation/commercial license was confirmed. Use for internal review only until written permission. Tanzil examples may be quoted verbatim with CC BY 3.0 attribution.","Blocked for publication pending qualified Tajwid teacher review, consistent Hafs 'an Asim scope, approved human audio/rubric and rights clearance.","Обязательно: лицо/рот преподавателя с согласиями","Qualified Tajwid teacher and reciter in Hafs 'an Asim; privacy specialist for recording module"
"TAJ-029","Tajwid","Sifaat and contrasts","29","Lam in Allah","Применять утверждённые базовые случаи tafkhim/tarqiq.","Intermediate 2","TAJ-028","KFGQPC Al-Tajwid al-Muyassar (https://qurancomplex.gov.sa/en/techquran/dev/); exact chapter/page mapping pending; proposed module title is not claimed as a source heading; Quran examples and locators pending teacher review","KFGQPC Al-Tajwid al-Muyassar is an authoritative reference; no blanket adaptation/commercial license was confirmed. Use for internal review only until written permission. Tanzil examples may be quoted verbatim with CC BY 3.0 attribution.","Blocked for publication pending qualified Tajwid teacher review, consistent Hafs 'an Asim scope, approved human audio/rubric and rights clearance.","Обязательно: лицо/рот преподавателя с согласиями","Qualified Tajwid teacher and reciter in Hafs 'an Asim; privacy specialist for recording module"
"TAJ-030","Tajwid","Sifaat and contrasts","30","Контрастный устный рубеж","Различать минимум четыре пары и получить teacher receipt.","Intermediate 2","TAJ-029","KFGQPC Al-Tajwid al-Muyassar (https://qurancomplex.gov.sa/en/techquran/dev/); exact chapter/page mapping pending; proposed module title is not claimed as a source heading; Quran examples and locators pending teacher review","KFGQPC Al-Tajwid al-Muyassar is an authoritative reference; no blanket adaptation/commercial license was confirmed. Use for internal review only until written permission. Tanzil examples may be quoted verbatim with CC BY 3.0 attribution.","Blocked for publication pending qualified Tajwid teacher review, consistent Hafs 'an Asim scope, approved human audio/rubric and rights clearance.","Обязательно: лицо/рот преподавателя с согласиями","Qualified Tajwid teacher and reciter in Hafs 'an Asim; privacy specialist for recording module"
"TAJ-031","Tajwid","Nun sakinah and tanwin","31","Карта четырёх правил","Классифицировать izhar, idgham, iqlab и ikhfa по следующей букве.","Beginner 2","TAJ-030","KFGQPC Al-Tajwid al-Muyassar (https://qurancomplex.gov.sa/en/techquran/dev/); exact chapter/page mapping pending; proposed module title is not claimed as a source heading; Quran examples and locators pending teacher review","KFGQPC Al-Tajwid al-Muyassar is an authoritative reference; no blanket adaptation/commercial license was confirmed. Use for internal review only until written permission. Tanzil examples may be quoted verbatim with CC BY 3.0 attribution.","Blocked for publication pending qualified Tajwid teacher review, consistent Hafs 'an Asim scope, approved human audio/rubric and rights clearance.","Рекомендуется: teacher demo and A/B audio","Qualified Tajwid teacher and reciter in Hafs 'an Asim; privacy specialist for recording module"
"TAJ-032","Tajwid","Nun sakinah and tanwin","32","Izhar: буквы","Узнавать набор горловых букв izhar в проверенных примерах и объяснять выбор правила до попытки чтения вслух.","Beginner 2","TAJ-031","KFGQPC Al-Tajwid al-Muyassar (https://qurancomplex.gov.sa/en/techquran/dev/); exact chapter/page mapping pending; proposed module title is not claimed as a source heading; Quran examples and locators pending teacher review","KFGQPC Al-Tajwid al-Muyassar is an authoritative reference; no blanket adaptation/commercial license was confirmed. Use for internal review only until written permission. Tanzil examples may be quoted verbatim with CC BY 3.0 attribution.","Blocked for publication pending qualified Tajwid teacher review, consistent Hafs 'an Asim scope, approved human audio/rubric and rights clearance.","Рекомендуется: teacher demo and A/B audio","Qualified Tajwid teacher and reciter in Hafs 'an Asim; privacy specialist for recording module"
"TAJ-033","Tajwid","Nun sakinah and tanwin","33","Izhar: перенос","Читать проверенные словосочетания без лишней ghunnah.","Beginner 2","TAJ-032","KFGQPC Al-Tajwid al-Muyassar (https://qurancomplex.gov.sa/en/techquran/dev/); exact chapter/page mapping pending; proposed module title is not claimed as a source heading; Quran examples and locators pending teacher review","KFGQPC Al-Tajwid al-Muyassar is an authoritative reference; no blanket adaptation/commercial license was confirmed. Use for internal review only until written permission. Tanzil examples may be quoted verbatim with CC BY 3.0 attribution.","Blocked for publication pending qualified Tajwid teacher review, consistent Hafs 'an Asim scope, approved human audio/rubric and rights clearance.","Рекомендуется: teacher demo and A/B audio","Qualified Tajwid teacher and reciter in Hafs 'an Asim; privacy specialist for recording module"
"TAJ-034","Tajwid","Nun sakinah and tanwin","34","Idgham with ghunnah","Классифицировать утверждённые случаи yanmu.","Intermediate 1","TAJ-033","KFGQPC Al-Tajwid al-Muyassar (https://qurancomplex.gov.sa/en/techquran/dev/); exact chapter/page mapping pending; proposed module title is not claimed as a source heading; Quran examples and locators pending teacher review","KFGQPC Al-Tajwid al-Muyassar is an authoritative reference; no blanket adaptation/commercial license was confirmed. Use for internal review only until written permission. Tanzil examples may be quoted verbatim with CC BY 3.0 attribution.","Blocked for publication pending qualified Tajwid teacher review, consistent Hafs 'an Asim scope, approved human audio/rubric and rights clearance.","Рекомендуется: teacher demo and A/B audio","Qualified Tajwid teacher and reciter in Hafs 'an Asim; privacy specialist for recording module"
"TAJ-035","Tajwid","Nun sakinah and tanwin","35","Idgham without ghunnah","Различать lam/ra cases в проверенном наборе.","Intermediate 1","TAJ-034","KFGQPC Al-Tajwid al-Muyassar (https://qurancomplex.gov.sa/en/techquran/dev/); exact chapter/page mapping pending; proposed module title is not claimed as a source heading; Quran examples and locators pending teacher review","KFGQPC Al-Tajwid al-Muyassar is an authoritative reference; no blanket adaptation/commercial license was confirmed. Use for internal review only until written permission. Tanzil examples may be quoted verbatim with CC BY 3.0 attribution.","Blocked for publication pending qualified Tajwid teacher review, consistent Hafs 'an Asim scope, approved human audio/rubric and rights clearance.","Рекомендуется: teacher demo and A/B audio","Qualified Tajwid teacher and reciter in Hafs 'an Asim; privacy specialist for recording module"
"TAJ-036","Tajwid","Nun sakinah and tanwin","36","Iqlab","Узнавать ba после nun sakin/tanwin и следовать образцу.","Intermediate 1","TAJ-035","KFGQPC Al-Tajwid al-Muyassar (https://qurancomplex.gov.sa/en/techquran/dev/); exact chapter/page mapping pending; proposed module title is not claimed as a source heading; Quran examples and locators pending teacher review","KFGQPC Al-Tajwid al-Muyassar is an authoritative reference; no blanket adaptation/commercial license was confirmed. Use for internal review only until written permission. Tanzil examples may be quoted verbatim with CC BY 3.0 attribution.","Blocked for publication pending qualified Tajwid teacher review, consistent Hafs 'an Asim scope, approved human audio/rubric and rights clearance.","Рекомендуется: teacher demo and A/B audio","Qualified Tajwid teacher and reciter in Hafs 'an Asim; privacy specialist for recording module"
"TAJ-037","Tajwid","Nun sakinah and tanwin","37","Ikhfa: карта","Распознавать остальные утверждённые буквы ikhfa.","Intermediate 1","TAJ-036","KFGQPC Al-Tajwid al-Muyassar (https://qurancomplex.gov.sa/en/techquran/dev/); exact chapter/page mapping pending; proposed module title is not claimed as a source heading; Quran examples and locators pending teacher review","KFGQPC Al-Tajwid al-Muyassar is an authoritative reference; no blanket adaptation/commercial license was confirmed. Use for internal review only until written permission. Tanzil examples may be quoted verbatim with CC BY 3.0 attribution.","Blocked for publication pending qualified Tajwid teacher review, consistent Hafs 'an Asim scope, approved human audio/rubric and rights clearance.","Рекомендуется: teacher demo and A/B audio","Qualified Tajwid teacher and reciter in Hafs 'an Asim; privacy specialist for recording module"
"TAJ-038","Tajwid","Nun sakinah and tanwin","38","Ikhfa: близость","Слышать изменение качества только по teacher-approved rubric.","Intermediate 1","TAJ-037","KFGQPC Al-Tajwid al-Muyassar (https://qurancomplex.gov.sa/en/techquran/dev/); exact chapter/page mapping pending; proposed module title is not claimed as a source heading; Quran examples and locators pending teacher review","KFGQPC Al-Tajwid al-Muyassar is an authoritative reference; no blanket adaptation/commercial license was confirmed. Use for internal review only until written permission. Tanzil examples may be quoted verbatim with CC BY 3.0 attribution.","Blocked for publication pending qualified Tajwid teacher review, consistent Hafs 'an Asim scope, approved human audio/rubric and rights clearance.","Рекомендуется: teacher demo and A/B audio","Qualified Tajwid teacher and reciter in Hafs 'an Asim; privacy specialist for recording module"
"TAJ-039","Tajwid","Nun sakinah and tanwin","39","Смешанная классификация","Определять правило в незнакомых размеченных примерах.","Intermediate 2","TAJ-038","KFGQPC Al-Tajwid al-Muyassar (https://qurancomplex.gov.sa/en/techquran/dev/); exact chapter/page mapping pending; proposed module title is not claimed as a source heading; Quran examples and locators pending teacher review","KFGQPC Al-Tajwid al-Muyassar is an authoritative reference; no blanket adaptation/commercial license was confirmed. Use for internal review only until written permission. Tanzil examples may be quoted verbatim with CC BY 3.0 attribution.","Blocked for publication pending qualified Tajwid teacher review, consistent Hafs 'an Asim scope, approved human audio/rubric and rights clearance.","Рекомендуется: teacher demo and A/B audio","Qualified Tajwid teacher and reciter in Hafs 'an Asim; privacy specialist for recording module"
"TAJ-040","Tajwid","Nun sakinah and tanwin","40","Nun/tanwin oral gate","Читать смешанный набор и получить проверку учителя.","Intermediate 2","TAJ-039","KFGQPC Al-Tajwid al-Muyassar (https://qurancomplex.gov.sa/en/techquran/dev/); exact chapter/page mapping pending; proposed module title is not claimed as a source heading; Quran examples and locators pending teacher review","KFGQPC Al-Tajwid al-Muyassar is an authoritative reference; no blanket adaptation/commercial license was confirmed. Use for internal review only until written permission. Tanzil examples may be quoted verbatim with CC BY 3.0 attribution.","Blocked for publication pending qualified Tajwid teacher review, consistent Hafs 'an Asim scope, approved human audio/rubric and rights clearance.","Рекомендуется: teacher demo and A/B audio","Qualified Tajwid teacher and reciter in Hafs 'an Asim; privacy specialist for recording module"
"TAJ-041","Tajwid","Mim and ghunnah","41","Mim sakinah: карта","Различать izhar shafawi, ikhfa shafawi и idgham shafawi.","Beginner 2","TAJ-040","KFGQPC Al-Tajwid al-Muyassar (https://qurancomplex.gov.sa/en/techquran/dev/); exact chapter/page mapping pending; proposed module title is not claimed as a source heading; Quran examples and locators pending teacher review","KFGQPC Al-Tajwid al-Muyassar is an authoritative reference; no blanket adaptation/commercial license was confirmed. Use for internal review only until written permission. Tanzil examples may be quoted verbatim with CC BY 3.0 attribution.","Blocked for publication pending qualified Tajwid teacher review, consistent Hafs 'an Asim scope, approved human audio/rubric and rights clearance.","Рекомендуется: teacher demo and A/B audio","Qualified Tajwid teacher and reciter in Hafs 'an Asim; privacy specialist for recording module"
"TAJ-042","Tajwid","Mim and ghunnah","42","Izhar shafawi","Применять ясное mim в проверенных примерах.","Beginner 2","TAJ-041","KFGQPC Al-Tajwid al-Muyassar (https://qurancomplex.gov.sa/en/techquran/dev/); exact chapter/page mapping pending; proposed module title is not claimed as a source heading; Quran examples and locators pending teacher review","KFGQPC Al-Tajwid al-Muyassar is an authoritative reference; no blanket adaptation/commercial license was confirmed. Use for internal review only until written permission. Tanzil examples may be quoted verbatim with CC BY 3.0 attribution.","Blocked for publication pending qualified Tajwid teacher review, consistent Hafs 'an Asim scope, approved human audio/rubric and rights clearance.","Рекомендуется: teacher demo and A/B audio","Qualified Tajwid teacher and reciter in Hafs 'an Asim; privacy specialist for recording module"
"TAJ-043","Tajwid","Mim and ghunnah","43","Ikhfa shafawi","Распознавать ba после mim sakin и повторять образец.","Beginner 2","TAJ-042","KFGQPC Al-Tajwid al-Muyassar (https://qurancomplex.gov.sa/en/techquran/dev/); exact chapter/page mapping pending; proposed module title is not claimed as a source heading; Quran examples and locators pending teacher review","KFGQPC Al-Tajwid al-Muyassar is an authoritative reference; no blanket adaptation/commercial license was confirmed. Use for internal review only until written permission. Tanzil examples may be quoted verbatim with CC BY 3.0 attribution.","Blocked for publication pending qualified Tajwid teacher review, consistent Hafs 'an Asim scope, approved human audio/rubric and rights clearance.","Рекомендуется: teacher demo and A/B audio","Qualified Tajwid teacher and reciter in Hafs 'an Asim; privacy specialist for recording module"
"TAJ-044","Tajwid","Mim and ghunnah","44","Idgham shafawi","Распознавать mim после mim sakin и повторять образец.","Intermediate 1","TAJ-043","KFGQPC Al-Tajwid al-Muyassar (https://qurancomplex.gov.sa/en/techquran/dev/); exact chapter/page mapping pending; proposed module title is not claimed as a source heading; Quran examples and locators pending teacher review","KFGQPC Al-Tajwid al-Muyassar is an authoritative reference; no blanket adaptation/commercial license was confirmed. Use for internal review only until written permission. Tanzil examples may be quoted verbatim with CC BY 3.0 attribution.","Blocked for publication pending qualified Tajwid teacher review, consistent Hafs 'an Asim scope, approved human audio/rubric and rights clearance.","Рекомендуется: teacher demo and A/B audio","Qualified Tajwid teacher and reciter in Hafs 'an Asim; privacy specialist for recording module"
"TAJ-045","Tajwid","Mim and ghunnah","45","Ghunnah in mushaddad nun","Слышать и воспроизводить проверенную преподавателем ghunnah в نّ, сохраняя место артикуляции nun и не подменяя человеческую проверку измерением длительности.","Intermediate 1","TAJ-044","KFGQPC Al-Tajwid al-Muyassar (https://qurancomplex.gov.sa/en/techquran/dev/); exact chapter/page mapping pending; proposed module title is not claimed as a source heading; Quran examples and locators pending teacher review","KFGQPC Al-Tajwid al-Muyassar is an authoritative reference; no blanket adaptation/commercial license was confirmed. Use for internal review only until written permission. Tanzil examples may be quoted verbatim with CC BY 3.0 attribution.","Blocked for publication pending qualified Tajwid teacher review, consistent Hafs 'an Asim scope, approved human audio/rubric and rights clearance.","Рекомендуется: teacher demo and A/B audio","Qualified Tajwid teacher and reciter in Hafs 'an Asim; privacy specialist for recording module"
"TAJ-046","Tajwid","Mim and ghunnah","46","Ghunnah in mushaddad mim","Слышать и воспроизводить проверенную преподавателем ghunnah в مّ, удерживая смыкание губ и отличая её от предыдущего упражнения с نّ.","Intermediate 1","TAJ-045","KFGQPC Al-Tajwid al-Muyassar (https://qurancomplex.gov.sa/en/techquran/dev/); exact chapter/page mapping pending; proposed module title is not claimed as a source heading; Quran examples and locators pending teacher review","KFGQPC Al-Tajwid al-Muyassar is an authoritative reference; no blanket adaptation/commercial license was confirmed. Use for internal review only until written permission. Tanzil examples may be quoted verbatim with CC BY 3.0 attribution.","Blocked for publication pending qualified Tajwid teacher review, consistent Hafs 'an Asim scope, approved human audio/rubric and rights clearance.","Рекомендуется: teacher demo and A/B audio","Qualified Tajwid teacher and reciter in Hafs 'an Asim; privacy specialist for recording module"
"TAJ-047","Tajwid","Mim and ghunnah","47","Ghunnah: не переувеличивать","Сравнивать корректный и намеренно чрезмерный учебный образец.","Intermediate 1","TAJ-046","KFGQPC Al-Tajwid al-Muyassar (https://qurancomplex.gov.sa/en/techquran/dev/); exact chapter/page mapping pending; proposed module title is not claimed as a source heading; Quran examples and locators pending teacher review","KFGQPC Al-Tajwid al-Muyassar is an authoritative reference; no blanket adaptation/commercial license was confirmed. Use for internal review only until written permission. Tanzil examples may be quoted verbatim with CC BY 3.0 attribution.","Blocked for publication pending qualified Tajwid teacher review, consistent Hafs 'an Asim scope, approved human audio/rubric and rights clearance.","Рекомендуется: teacher demo and A/B audio","Qualified Tajwid teacher and reciter in Hafs 'an Asim; privacy specialist for recording module"
"TAJ-048","Tajwid","Mim and ghunnah","48","Mim before close sounds","Сохранять губное положение в контрастных примерах.","Intermediate 1","TAJ-047","KFGQPC Al-Tajwid al-Muyassar (https://qurancomplex.gov.sa/en/techquran/dev/); exact chapter/page mapping pending; proposed module title is not claimed as a source heading; Quran examples and locators pending teacher review","KFGQPC Al-Tajwid al-Muyassar is an authoritative reference; no blanket adaptation/commercial license was confirmed. Use for internal review only until written permission. Tanzil examples may be quoted verbatim with CC BY 3.0 attribution.","Blocked for publication pending qualified Tajwid teacher review, consistent Hafs 'an Asim scope, approved human audio/rubric and rights clearance.","Рекомендуется: teacher demo and A/B audio","Qualified Tajwid teacher and reciter in Hafs 'an Asim; privacy specialist for recording module"
"TAJ-049","Tajwid","Mim and ghunnah","49","Смешанный перенос mim/nun","Классифицировать два семейства правил без подсказки названием.","Intermediate 2","TAJ-048","KFGQPC Al-Tajwid al-Muyassar (https://qurancomplex.gov.sa/en/techquran/dev/); exact chapter/page mapping pending; proposed module title is not claimed as a source heading; Quran examples and locators pending teacher review","KFGQPC Al-Tajwid al-Muyassar is an authoritative reference; no blanket adaptation/commercial license was confirmed. Use for internal review only until written permission. Tanzil examples may be quoted verbatim with CC BY 3.0 attribution.","Blocked for publication pending qualified Tajwid teacher review, consistent Hafs 'an Asim scope, approved human audio/rubric and rights clearance.","Рекомендуется: teacher demo and A/B audio","Qualified Tajwid teacher and reciter in Hafs 'an Asim; privacy specialist for recording module"
"TAJ-050","Tajwid","Mim and ghunnah","50","Mim/ghunnah oral gate","Пройти teacher-reviewed чтение смешанного набора.","Intermediate 2","TAJ-049","KFGQPC Al-Tajwid al-Muyassar (https://qurancomplex.gov.sa/en/techquran/dev/); exact chapter/page mapping pending; proposed module title is not claimed as a source heading; Quran examples and locators pending teacher review","KFGQPC Al-Tajwid al-Muyassar is an authoritative reference; no blanket adaptation/commercial license was confirmed. Use for internal review only until written permission. Tanzil examples may be quoted verbatim with CC BY 3.0 attribution.","Blocked for publication pending qualified Tajwid teacher review, consistent Hafs 'an Asim scope, approved human audio/rubric and rights clearance.","Рекомендуется: teacher demo and A/B audio","Qualified Tajwid teacher and reciter in Hafs 'an Asim; privacy specialist for recording module"
"TAJ-051","Tajwid","Madd","51","Единица длительности: границы","Понимать, что автоматический таймер является подсказкой, а не сертификацией.","Beginner 2","TAJ-050","KFGQPC Al-Tajwid al-Muyassar (https://qurancomplex.gov.sa/en/techquran/dev/); exact chapter/page mapping pending; proposed module title is not claimed as a source heading; Quran examples and locators pending teacher review","KFGQPC Al-Tajwid al-Muyassar is an authoritative reference; no blanket adaptation/commercial license was confirmed. Use for internal review only until written permission. Tanzil examples may be quoted verbatim with CC BY 3.0 attribution.","Blocked for publication pending qualified Tajwid teacher review, consistent Hafs 'an Asim scope, approved human audio/rubric and rights clearance.","Рекомендуется: teacher demo and A/B audio","Qualified Tajwid teacher and reciter in Hafs 'an Asim; privacy specialist for recording module"
"TAJ-052","Tajwid","Madd","52","Madd tabi‘i","Узнавать базовое естественное удлинение в утверждённых примерах.","Beginner 2","TAJ-051","KFGQPC Al-Tajwid al-Muyassar (https://qurancomplex.gov.sa/en/techquran/dev/); exact chapter/page mapping pending; proposed module title is not claimed as a source heading; Quran examples and locators pending teacher review","KFGQPC Al-Tajwid al-Muyassar is an authoritative reference; no blanket adaptation/commercial license was confirmed. Use for internal review only until written permission. Tanzil examples may be quoted verbatim with CC BY 3.0 attribution.","Blocked for publication pending qualified Tajwid teacher review, consistent Hafs 'an Asim scope, approved human audio/rubric and rights clearance.","Рекомендуется: teacher demo and A/B audio","Qualified Tajwid teacher and reciter in Hafs 'an Asim; privacy specialist for recording module"
"TAJ-053","Tajwid","Madd","53","Madd badal","Распознавать только выбранные учителем случаи.","Beginner 2","TAJ-052","KFGQPC Al-Tajwid al-Muyassar (https://qurancomplex.gov.sa/en/techquran/dev/); exact chapter/page mapping pending; proposed module title is not claimed as a source heading; Quran examples and locators pending teacher review","KFGQPC Al-Tajwid al-Muyassar is an authoritative reference; no blanket adaptation/commercial license was confirmed. Use for internal review only until written permission. Tanzil examples may be quoted verbatim with CC BY 3.0 attribution.","Blocked for publication pending qualified Tajwid teacher review, consistent Hafs 'an Asim scope, approved human audio/rubric and rights clearance.","Рекомендуется: teacher demo and A/B audio","Qualified Tajwid teacher and reciter in Hafs 'an Asim; privacy specialist for recording module"
"TAJ-054","Tajwid","Madd","54","Madd muttasil","Распознавать hamza после madd в одном слове.","Intermediate 1","TAJ-053","KFGQPC Al-Tajwid al-Muyassar (https://qurancomplex.gov.sa/en/techquran/dev/); exact chapter/page mapping pending; proposed module title is not claimed as a source heading; Quran examples and locators pending teacher review","KFGQPC Al-Tajwid al-Muyassar is an authoritative reference; no blanket adaptation/commercial license was confirmed. Use for internal review only until written permission. Tanzil examples may be quoted verbatim with CC BY 3.0 attribution.","Blocked for publication pending qualified Tajwid teacher review, consistent Hafs 'an Asim scope, approved human audio/rubric and rights clearance.","Рекомендуется: teacher demo and A/B audio","Qualified Tajwid teacher and reciter in Hafs 'an Asim; privacy specialist for recording module"
"TAJ-055","Tajwid","Madd","55","Madd munfasil","Распознавать hamza в следующем слове.","Intermediate 1","TAJ-054","KFGQPC Al-Tajwid al-Muyassar (https://qurancomplex.gov.sa/en/techquran/dev/); exact chapter/page mapping pending; proposed module title is not claimed as a source heading; Quran examples and locators pending teacher review","KFGQPC Al-Tajwid al-Muyassar is an authoritative reference; no blanket adaptation/commercial license was confirmed. Use for internal review only until written permission. Tanzil examples may be quoted verbatim with CC BY 3.0 attribution.","Blocked for publication pending qualified Tajwid teacher review, consistent Hafs 'an Asim scope, approved human audio/rubric and rights clearance.","Рекомендуется: teacher demo and A/B audio","Qualified Tajwid teacher and reciter in Hafs 'an Asim; privacy specialist for recording module"
"TAJ-056","Tajwid","Madd","56","Madd lazim","Распознавать обязательное удлинение на утверждённых примерах.","Intermediate 1","TAJ-055","KFGQPC Al-Tajwid al-Muyassar (https://qurancomplex.gov.sa/en/techquran/dev/); exact chapter/page mapping pending; proposed module title is not claimed as a source heading; Quran examples and locators pending teacher review","KFGQPC Al-Tajwid al-Muyassar is an authoritative reference; no blanket adaptation/commercial license was confirmed. Use for internal review only until written permission. Tanzil examples may be quoted verbatim with CC BY 3.0 attribution.","Blocked for publication pending qualified Tajwid teacher review, consistent Hafs 'an Asim scope, approved human audio/rubric and rights clearance.","Рекомендуется: teacher demo and A/B audio","Qualified Tajwid teacher and reciter in Hafs 'an Asim; privacy specialist for recording module"
"TAJ-057","Tajwid","Madd","57","Madd arid lil-sukun","Сравнивать чтение при остановке и продолжении.","Intermediate 1","TAJ-056","KFGQPC Al-Tajwid al-Muyassar (https://qurancomplex.gov.sa/en/techquran/dev/); exact chapter/page mapping pending; proposed module title is not claimed as a source heading; Quran examples and locators pending teacher review","KFGQPC Al-Tajwid al-Muyassar is an authoritative reference; no blanket adaptation/commercial license was confirmed. Use for internal review only until written permission. Tanzil examples may be quoted verbatim with CC BY 3.0 attribution.","Blocked for publication pending qualified Tajwid teacher review, consistent Hafs 'an Asim scope, approved human audio/rubric and rights clearance.","Рекомендуется: teacher demo and A/B audio","Qualified Tajwid teacher and reciter in Hafs 'an Asim; privacy specialist for recording module"
"TAJ-058","Tajwid","Madd","58","Madd lin","Сравнивать утверждённые случаи при waqf.","Intermediate 1","TAJ-057","KFGQPC Al-Tajwid al-Muyassar (https://qurancomplex.gov.sa/en/techquran/dev/); exact chapter/page mapping pending; proposed module title is not claimed as a source heading; Quran examples and locators pending teacher review","KFGQPC Al-Tajwid al-Muyassar is an authoritative reference; no blanket adaptation/commercial license was confirmed. Use for internal review only until written permission. Tanzil examples may be quoted verbatim with CC BY 3.0 attribution.","Blocked for publication pending qualified Tajwid teacher review, consistent Hafs 'an Asim scope, approved human audio/rubric and rights clearance.","Рекомендуется: teacher demo and A/B audio","Qualified Tajwid teacher and reciter in Hafs 'an Asim; privacy specialist for recording module"
"TAJ-059","Tajwid","Madd","59","Смешанная длительность","Классифицировать изученные виды без оценки только по секундомеру.","Intermediate 2","TAJ-058","KFGQPC Al-Tajwid al-Muyassar (https://qurancomplex.gov.sa/en/techquran/dev/); exact chapter/page mapping pending; proposed module title is not claimed as a source heading; Quran examples and locators pending teacher review","KFGQPC Al-Tajwid al-Muyassar is an authoritative reference; no blanket adaptation/commercial license was confirmed. Use for internal review only until written permission. Tanzil examples may be quoted verbatim with CC BY 3.0 attribution.","Blocked for publication pending qualified Tajwid teacher review, consistent Hafs 'an Asim scope, approved human audio/rubric and rights clearance.","Рекомендуется: teacher demo and A/B audio","Qualified Tajwid teacher and reciter in Hafs 'an Asim; privacy specialist for recording module"
"TAJ-060","Tajwid","Madd","60","Madd oral gate","Пройти human-reviewed набор разных длительностей.","Intermediate 2","TAJ-059","KFGQPC Al-Tajwid al-Muyassar (https://qurancomplex.gov.sa/en/techquran/dev/); exact chapter/page mapping pending; proposed module title is not claimed as a source heading; Quran examples and locators pending teacher review","KFGQPC Al-Tajwid al-Muyassar is an authoritative reference; no blanket adaptation/commercial license was confirmed. Use for internal review only until written permission. Tanzil examples may be quoted verbatim with CC BY 3.0 attribution.","Blocked for publication pending qualified Tajwid teacher review, consistent Hafs 'an Asim scope, approved human audio/rubric and rights clearance.","Рекомендуется: teacher demo and A/B audio","Qualified Tajwid teacher and reciter in Hafs 'an Asim; privacy specialist for recording module"
"TAJ-061","Tajwid","Waqf and integration","61","Зачем изучать waqf/ibtida","Связывать остановку с сохранением смысла без самостоятельного толкования.","Beginner 2","TAJ-060","KFGQPC Al-Tajwid al-Muyassar (https://qurancomplex.gov.sa/en/techquran/dev/); exact chapter/page mapping pending; proposed module title is not claimed as a source heading; Quran examples and locators pending teacher review","KFGQPC Al-Tajwid al-Muyassar is an authoritative reference; no blanket adaptation/commercial license was confirmed. Use for internal review only until written permission. Tanzil examples may be quoted verbatim with CC BY 3.0 attribution.","Blocked for publication pending qualified Tajwid teacher review, consistent Hafs 'an Asim scope, approved human audio/rubric and rights clearance.","Рекомендуется: teacher demo and A/B audio","Qualified Tajwid teacher and reciter in Hafs 'an Asim; privacy specialist for recording module"
"TAJ-062","Tajwid","Waqf and integration","62","Знаки остановки: карта","Распознавать утверждённый набор знаков мусхафа.","Beginner 2","TAJ-061","KFGQPC Al-Tajwid al-Muyassar (https://qurancomplex.gov.sa/en/techquran/dev/); exact chapter/page mapping pending; proposed module title is not claimed as a source heading; Quran examples and locators pending teacher review","KFGQPC Al-Tajwid al-Muyassar is an authoritative reference; no blanket adaptation/commercial license was confirmed. Use for internal review only until written permission. Tanzil examples may be quoted verbatim with CC BY 3.0 attribution.","Blocked for publication pending qualified Tajwid teacher review, consistent Hafs 'an Asim scope, approved human audio/rubric and rights clearance.","Рекомендуется: teacher demo and A/B audio","Qualified Tajwid teacher and reciter in Hafs 'an Asim; privacy specialist for recording module"
"TAJ-063","Tajwid","Waqf and integration","63","Безопасная остановка","Выбирать только reviewer-approved варианты в коротких аятах.","Beginner 2","TAJ-062","KFGQPC Al-Tajwid al-Muyassar (https://qurancomplex.gov.sa/en/techquran/dev/); exact chapter/page mapping pending; proposed module title is not claimed as a source heading; Quran examples and locators pending teacher review","KFGQPC Al-Tajwid al-Muyassar is an authoritative reference; no blanket adaptation/commercial license was confirmed. Use for internal review only until written permission. Tanzil examples may be quoted verbatim with CC BY 3.0 attribution.","Blocked for publication pending qualified Tajwid teacher review, consistent Hafs 'an Asim scope, approved human audio/rubric and rights clearance.","Рекомендуется: teacher demo and A/B audio","Qualified Tajwid teacher and reciter in Hafs 'an Asim; privacy specialist for recording module"
"TAJ-064","Tajwid","Waqf and integration","64","Небезопасная остановка","Объяснять, почему предложенный разрыв отмечен редактором как нежелательный.","Intermediate 1","TAJ-063","KFGQPC Al-Tajwid al-Muyassar (https://qurancomplex.gov.sa/en/techquran/dev/); exact chapter/page mapping pending; proposed module title is not claimed as a source heading; Quran examples and locators pending teacher review","KFGQPC Al-Tajwid al-Muyassar is an authoritative reference; no blanket adaptation/commercial license was confirmed. Use for internal review only until written permission. Tanzil examples may be quoted verbatim with CC BY 3.0 attribution.","Blocked for publication pending qualified Tajwid teacher review, consistent Hafs 'an Asim scope, approved human audio/rubric and rights clearance.","Рекомендуется: teacher demo and A/B audio","Qualified Tajwid teacher and reciter in Hafs 'an Asim; privacy specialist for recording module"
"TAJ-065","Tajwid","Waqf and integration","65","Возобновление чтения","Начинать с точки, которую подтвердил преподаватель и редактор смысла.","Intermediate 1","TAJ-064","KFGQPC Al-Tajwid al-Muyassar (https://qurancomplex.gov.sa/en/techquran/dev/); exact chapter/page mapping pending; proposed module title is not claimed as a source heading; Quran examples and locators pending teacher review","KFGQPC Al-Tajwid al-Muyassar is an authoritative reference; no blanket adaptation/commercial license was confirmed. Use for internal review only until written permission. Tanzil examples may be quoted verbatim with CC BY 3.0 attribution.","Blocked for publication pending qualified Tajwid teacher review, consistent Hafs 'an Asim scope, approved human audio/rubric and rights clearance.","Рекомендуется: teacher demo and A/B audio","Qualified Tajwid teacher and reciter in Hafs 'an Asim; privacy specialist for recording module"
"TAJ-066","Tajwid","Waqf and integration","66","Окончания при waqf","Применять базовые изменения окончания в утверждённом наборе.","Intermediate 1","TAJ-065","KFGQPC Al-Tajwid al-Muyassar (https://qurancomplex.gov.sa/en/techquran/dev/); exact chapter/page mapping pending; proposed module title is not claimed as a source heading; Quran examples and locators pending teacher review","KFGQPC Al-Tajwid al-Muyassar is an authoritative reference; no blanket adaptation/commercial license was confirmed. Use for internal review only until written permission. Tanzil examples may be quoted verbatim with CC BY 3.0 attribution.","Blocked for publication pending qualified Tajwid teacher review, consistent Hafs 'an Asim scope, approved human audio/rubric and rights clearance.","Рекомендуется: teacher demo and A/B audio","Qualified Tajwid teacher and reciter in Hafs 'an Asim; privacy specialist for recording module"
"TAJ-067","Tajwid","Waqf and integration","67","Связное чтение","Удерживать правила при переходе между словами и аятами.","Intermediate 1","TAJ-066","KFGQPC Al-Tajwid al-Muyassar (https://qurancomplex.gov.sa/en/techquran/dev/); exact chapter/page mapping pending; proposed module title is not claimed as a source heading; Quran examples and locators pending teacher review","KFGQPC Al-Tajwid al-Muyassar is an authoritative reference; no blanket adaptation/commercial license was confirmed. Use for internal review only until written permission. Tanzil examples may be quoted verbatim with CC BY 3.0 attribution.","Blocked for publication pending qualified Tajwid teacher review, consistent Hafs 'an Asim scope, approved human audio/rubric and rights clearance.","Рекомендуется: teacher demo and A/B audio","Qualified Tajwid teacher and reciter in Hafs 'an Asim; privacy specialist for recording module"
"TAJ-068","Tajwid","Waqf and integration","68","Смешанный короткий аят","Применять несколько изученных правил без подсказки.","Intermediate 1","TAJ-067","KFGQPC Al-Tajwid al-Muyassar (https://qurancomplex.gov.sa/en/techquran/dev/); exact chapter/page mapping pending; proposed module title is not claimed as a source heading; Quran examples and locators pending teacher review","KFGQPC Al-Tajwid al-Muyassar is an authoritative reference; no blanket adaptation/commercial license was confirmed. Use for internal review only until written permission. Tanzil examples may be quoted verbatim with CC BY 3.0 attribution.","Blocked for publication pending qualified Tajwid teacher review, consistent Hafs 'an Asim scope, approved human audio/rubric and rights clearance.","Рекомендуется: teacher demo and A/B audio","Qualified Tajwid teacher and reciter in Hafs 'an Asim; privacy specialist for recording module"
"TAJ-069","Tajwid","Waqf and integration","69","Случайный новый фрагмент","Переносить навыки на новый reviewer-approved фрагмент.","Intermediate 2","TAJ-068","KFGQPC Al-Tajwid al-Muyassar (https://qurancomplex.gov.sa/en/techquran/dev/); exact chapter/page mapping pending; proposed module title is not claimed as a source heading; Quran examples and locators pending teacher review","KFGQPC Al-Tajwid al-Muyassar is an authoritative reference; no blanket adaptation/commercial license was confirmed. Use for internal review only until written permission. Tanzil examples may be quoted verbatim with CC BY 3.0 attribution.","Blocked for publication pending qualified Tajwid teacher review, consistent Hafs 'an Asim scope, approved human audio/rubric and rights clearance.","Рекомендуется: teacher demo and A/B audio","Qualified Tajwid teacher and reciter in Hafs 'an Asim; privacy specialist for recording module"
"TAJ-070","Tajwid","Waqf and integration","70","Итоговый oral review","Получить раздельные оценки text match, fluency и Tajwid от квалифицированного человека.","Intermediate 2","TAJ-069","KFGQPC Al-Tajwid al-Muyassar (https://qurancomplex.gov.sa/en/techquran/dev/); exact chapter/page mapping pending; proposed module title is not claimed as a source heading; Quran examples and locators pending teacher review","KFGQPC Al-Tajwid al-Muyassar is an authoritative reference; no blanket adaptation/commercial license was confirmed. Use for internal review only until written permission. Tanzil examples may be quoted verbatim with CC BY 3.0 attribution.","Blocked for publication pending qualified Tajwid teacher review, consistent Hafs 'an Asim scope, approved human audio/rubric and rights clearance.","Рекомендуется: teacher demo and A/B audio","Qualified Tajwid teacher and reciter in Hafs 'an Asim; privacy specialist for recording module"
"FND-001","Foundations/Academy","Learning and source literacy","1","Учиться и проверять религиозную информацию: Ориентация и границы","Объяснить, что включает тема «Учиться и проверять религиозную информацию», чего модуль не решает и когда нужен квалифицированный специалист.","Beginner 1","Не требуется","Quran 16:43; 49:6; Cambridge IGCSE Islamiyat syllabus as assessment benchmark only; curriculum design benchmarks only: Cambridge IGCSE Islamiyat 0493 (https://www.cambridgeinternational.org/programmes-and-qualifications/cambridge-igcse-islamiyat-0493/) and Yaqeen Curriculum (https://yaqeeninstitute.org/curriculum)","Muslingo-original outline. Quran quotations may use attributed verbatim Tanzil text. Translations, hadith editions, curricula and commentaries need item-level rights clearance; benchmark sources confer no copying right.","Planned, not publication-approved: named Islamic reviewer and source packet required; fiqh/aqidah-sensitive claims remain blocked until scope and valid differences are declared.","Рекомендуется: короткое введение","Qualified Islamic educator for source classification and referral; fiqh/aqidah/hadith specialist where applicable; safeguarding professional for youth modules"
"FND-002","Foundations/Academy","Learning and source literacy","2","Учиться и проверять религиозную информацию: Карта источников","Сопоставить ключевые типы источников для темы «Учиться и проверять религиозную информацию» и не выдавать учебный обзор за фетву.","Beginner 1","FND-001","Quran 16:43; 49:6; Cambridge IGCSE Islamiyat syllabus as assessment benchmark only; curriculum design benchmarks only: Cambridge IGCSE Islamiyat 0493 (https://www.cambridgeinternational.org/programmes-and-qualifications/cambridge-igcse-islamiyat-0493/) and Yaqeen Curriculum (https://yaqeeninstitute.org/curriculum)","Muslingo-original outline. Quran quotations may use attributed verbatim Tanzil text. Translations, hadith editions, curricula and commentaries need item-level rights clearance; benchmark sources confer no copying right.","Planned, not publication-approved: named Islamic reviewer and source packet required; fiqh/aqidah-sensitive claims remain blocked until scope and valid differences are declared.","Не требуется","Qualified Islamic educator for source classification and referral; fiqh/aqidah/hadith specialist where applicable; safeguarding professional for youth modules"
"FND-003","Foundations/Academy","Learning and source literacy","3","Учиться и проверять религиозную информацию: Ключевая лексика","Корректно использовать базовые термины темы «Учиться и проверять религиозную информацию» и отмечать слова, требующие перевода/пояснения.","Beginner 1","FND-002","Quran 16:43; 49:6; Cambridge IGCSE Islamiyat syllabus as assessment benchmark only; curriculum design benchmarks only: Cambridge IGCSE Islamiyat 0493 (https://www.cambridgeinternational.org/programmes-and-qualifications/cambridge-igcse-islamiyat-0493/) and Yaqeen Curriculum (https://yaqeeninstitute.org/curriculum)","Muslingo-original outline. Quran quotations may use attributed verbatim Tanzil text. Translations, hadith editions, curricula and commentaries need item-level rights clearance; benchmark sources confer no copying right.","Planned, not publication-approved: named Islamic reviewer and source packet required; fiqh/aqidah-sensitive claims remain blocked until scope and valid differences are declared.","Опционально: терминологическая анимация","Qualified Islamic educator for source classification and referral; fiqh/aqidah/hadith specialist where applicable; safeguarding professional for youth modules"
"FND-004","Foundations/Academy","Learning and source literacy","4","Учиться и проверять религиозную информацию: Направляемое чтение доказательств","Находить указанные аяты или источник по локатору для темы «Учиться и проверять религиозную информацию», отделяя цитату от редакционного объяснения.","Beginner 2","FND-003","Quran 16:43; 49:6; Cambridge IGCSE Islamiyat syllabus as assessment benchmark only; curriculum design benchmarks only: Cambridge IGCSE Islamiyat 0493 (https://www.cambridgeinternational.org/programmes-and-qualifications/cambridge-igcse-islamiyat-0493/) and Yaqeen Curriculum (https://yaqeeninstitute.org/curriculum)","Muslingo-original outline. Quran quotations may use attributed verbatim Tanzil text. Translations, hadith editions, curricula and commentaries need item-level rights clearance; benchmark sources confer no copying right.","Planned, not publication-approved: named Islamic reviewer and source packet required; fiqh/aqidah-sensitive claims remain blocked until scope and valid differences are declared.","Рекомендуется: source walkthrough","Qualified Islamic educator for source classification and referral; fiqh/aqidah/hadith specialist where applicable; safeguarding professional for youth modules"
"FND-005","Foundations/Academy","Learning and source literacy","5","Учиться и проверять религиозную информацию: Сценарий применения","Разобрать безопасный бытовой сценарий по теме «Учиться и проверять религиозную информацию» с несколькими правдоподобными вариантами и объяснением границ.","Intermediate 1","FND-004","Quran 16:43; 49:6; Cambridge IGCSE Islamiyat syllabus as assessment benchmark only; curriculum design benchmarks only: Cambridge IGCSE Islamiyat 0493 (https://www.cambridgeinternational.org/programmes-and-qualifications/cambridge-igcse-islamiyat-0493/) and Yaqeen Curriculum (https://yaqeeninstitute.org/curriculum)","Muslingo-original outline. Quran quotations may use attributed verbatim Tanzil text. Translations, hadith editions, curricula and commentaries need item-level rights clearance; benchmark sources confer no copying right.","Planned, not publication-approved: named Islamic reviewer and source packet required; fiqh/aqidah-sensitive claims remain blocked until scope and valid differences are declared.","Рекомендуется: сценка без изображения пророков","Qualified Islamic educator for source classification and referral; fiqh/aqidah/hadith specialist where applicable; safeguarding professional for youth modules"
"FND-006","Foundations/Academy","Learning and source literacy","6","Учиться и проверять религиозную информацию: Типичная ошибка мышления","Распознать распространённое смешение источников или чрезмерное обобщение в теме «Учиться и проверять религиозную информацию».","Intermediate 1","FND-005","Quran 16:43; 49:6; Cambridge IGCSE Islamiyat syllabus as assessment benchmark only; curriculum design benchmarks only: Cambridge IGCSE Islamiyat 0493 (https://www.cambridgeinternational.org/programmes-and-qualifications/cambridge-igcse-islamiyat-0493/) and Yaqeen Curriculum (https://yaqeeninstitute.org/curriculum)","Muslingo-original outline. Quran quotations may use attributed verbatim Tanzil text. Translations, hadith editions, curricula and commentaries need item-level rights clearance; benchmark sources confer no copying right.","Planned, not publication-approved: named Islamic reviewer and source packet required; fiqh/aqidah-sensitive claims remain blocked until scope and valid differences are declared.","Опционально","Qualified Islamic educator for source classification and referral; fiqh/aqidah/hadith specialist where applicable; safeguarding professional for youth modules"
"FND-007","Foundations/Academy","Learning and source literacy","7","Учиться и проверять религиозную информацию: Различия и направление к специалисту","Отметить, где по теме «Учиться и проверять религиозную информацию» возможны действительные различия, и сформулировать вопрос специалисту без самовольного решения.","Intermediate 1","FND-006","Quran 16:43; 49:6; Cambridge IGCSE Islamiyat syllabus as assessment benchmark only; curriculum design benchmarks only: Cambridge IGCSE Islamiyat 0493 (https://www.cambridgeinternational.org/programmes-and-qualifications/cambridge-igcse-islamiyat-0493/) and Yaqeen Curriculum (https://yaqeeninstitute.org/curriculum)","Muslingo-original outline. Quran quotations may use attributed verbatim Tanzil text. Translations, hadith editions, curricula and commentaries need item-level rights clearance; benchmark sources confer no copying right.","Planned, not publication-approved: named Islamic reviewer and source packet required; fiqh/aqidah-sensitive claims remain blocked until scope and valid differences are declared.","Рекомендуется: два корректных reviewer perspectives","Qualified Islamic educator for source classification and referral; fiqh/aqidah/hadith specialist where applicable; safeguarding professional for youth modules"
"FND-008","Foundations/Academy","Learning and source literacy","8","Учиться и проверять религиозную информацию: Личная практика без публичной оценки","Составить приватное небольшое действие или план по теме «Учиться и проверять религиозную информацию» без рейтинга религиозности и публикации личных данных.","Intermediate 1","FND-007","Quran 16:43; 49:6; Cambridge IGCSE Islamiyat syllabus as assessment benchmark only; curriculum design benchmarks only: Cambridge IGCSE Islamiyat 0493 (https://www.cambridgeinternational.org/programmes-and-qualifications/cambridge-igcse-islamiyat-0493/) and Yaqeen Curriculum (https://yaqeeninstitute.org/curriculum)","Muslingo-original outline. Quran quotations may use attributed verbatim Tanzil text. Translations, hadith editions, curricula and commentaries need item-level rights clearance; benchmark sources confer no copying right.","Planned, not publication-approved: named Islamic reviewer and source packet required; fiqh/aqidah-sensitive claims remain blocked until scope and valid differences are declared.","Не требуется","Qualified Islamic educator for source classification and referral; fiqh/aqidah/hadith specialist where applicable; safeguarding professional for youth modules"
"FND-009","Foundations/Academy","Learning and source literacy","9","Учиться и проверять религиозную информацию: Отложенное извлечение","Через интервал восстановить ключевые понятия и источниковые границы темы «Учиться и проверять религиозную информацию» без подсказки.","Intermediate 2","предыдущий модуль и интервал 48 часов","Quran 16:43; 49:6; Cambridge IGCSE Islamiyat syllabus as assessment benchmark only; curriculum design benchmarks only: Cambridge IGCSE Islamiyat 0493 (https://www.cambridgeinternational.org/programmes-and-qualifications/cambridge-igcse-islamiyat-0493/) and Yaqeen Curriculum (https://yaqeeninstitute.org/curriculum)","Muslingo-original outline. Quran quotations may use attributed verbatim Tanzil text. Translations, hadith editions, curricula and commentaries need item-level rights clearance; benchmark sources confer no copying right.","Planned, not publication-approved: named Islamic reviewer and source packet required; fiqh/aqidah-sensitive claims remain blocked until scope and valid differences are declared.","Не требуется","Qualified Islamic educator for source classification and referral; fiqh/aqidah/hadith specialist where applicable; safeguarding professional for youth modules"
"FND-010","Foundations/Academy","Learning and source literacy","10","Учиться и проверять религиозную информацию: Итоговое объяснение с источниками","Дать краткое, нейтральное и цитируемое объяснение темы «Учиться и проверять религиозную информацию», явно указав неизвестное и маршрут эскалации.","Intermediate 2","FND-009","Quran 16:43; 49:6; Cambridge IGCSE Islamiyat syllabus as assessment benchmark only; curriculum design benchmarks only: Cambridge IGCSE Islamiyat 0493 (https://www.cambridgeinternational.org/programmes-and-qualifications/cambridge-igcse-islamiyat-0493/) and Yaqeen Curriculum (https://yaqeeninstitute.org/curriculum)","Muslingo-original outline. Quran quotations may use attributed verbatim Tanzil text. Translations, hadith editions, curricula and commentaries need item-level rights clearance; benchmark sources confer no copying right.","Planned, not publication-approved: named Islamic reviewer and source packet required; fiqh/aqidah-sensitive claims remain blocked until scope and valid differences are declared.","Рекомендуется: разбор эксперта","Qualified Islamic educator for source classification and referral; fiqh/aqidah/hadith specialist where applicable; safeguarding professional for youth modules"
"FND-011","Foundations/Academy","Quran and Sunnah literacy","11","Различать Коран, Сунну, тафсир, фикх и мнение: Ориентация и границы","Объяснить, что включает тема «Различать Коран, Сунну, тафсир, фикх и мнение», чего модуль не решает и когда нужен квалифицированный специалист.","Beginner 1","Не требуется","Quran 4:59; 16:44; hadith-method handbook not yet selected; curriculum design benchmarks only: Cambridge IGCSE Islamiyat 0493 (https://www.cambridgeinternational.org/programmes-and-qualifications/cambridge-igcse-islamiyat-0493/) and Yaqeen Curriculum (https://yaqeeninstitute.org/curriculum)","Muslingo-original outline. Quran quotations may use attributed verbatim Tanzil text. Translations, hadith editions, curricula and commentaries need item-level rights clearance; benchmark sources confer no copying right.","Planned, not publication-approved: named Islamic reviewer and source packet required; fiqh/aqidah-sensitive claims remain blocked until scope and valid differences are declared.","Рекомендуется: короткое введение","Qualified Islamic educator for source type and citation limits; fiqh/aqidah/hadith specialist where applicable; safeguarding professional for youth modules"
"FND-012","Foundations/Academy","Quran and Sunnah literacy","12","Различать Коран, Сунну, тафсир, фикх и мнение: Карта источников","Сопоставить ключевые типы источников для темы «Различать Коран, Сунну, тафсир, фикх и мнение» и не выдавать учебный обзор за фетву.","Beginner 1","FND-011","Quran 4:59; 16:44; hadith-method handbook not yet selected; curriculum design benchmarks only: Cambridge IGCSE Islamiyat 0493 (https://www.cambridgeinternational.org/programmes-and-qualifications/cambridge-igcse-islamiyat-0493/) and Yaqeen Curriculum (https://yaqeeninstitute.org/curriculum)","Muslingo-original outline. Quran quotations may use attributed verbatim Tanzil text. Translations, hadith editions, curricula and commentaries need item-level rights clearance; benchmark sources confer no copying right.","Planned, not publication-approved: named Islamic reviewer and source packet required; fiqh/aqidah-sensitive claims remain blocked until scope and valid differences are declared.","Не требуется","Qualified Islamic educator for source type and citation limits; fiqh/aqidah/hadith specialist where applicable; safeguarding professional for youth modules"
"FND-013","Foundations/Academy","Quran and Sunnah literacy","13","Различать Коран, Сунну, тафсир, фикх и мнение: Ключевая лексика","Корректно использовать базовые термины темы «Различать Коран, Сунну, тафсир, фикх и мнение» и отмечать слова, требующие перевода/пояснения.","Beginner 1","FND-012","Quran 4:59; 16:44; hadith-method handbook not yet selected; curriculum design benchmarks only: Cambridge IGCSE Islamiyat 0493 (https://www.cambridgeinternational.org/programmes-and-qualifications/cambridge-igcse-islamiyat-0493/) and Yaqeen Curriculum (https://yaqeeninstitute.org/curriculum)","Muslingo-original outline. Quran quotations may use attributed verbatim Tanzil text. Translations, hadith editions, curricula and commentaries need item-level rights clearance; benchmark sources confer no copying right.","Planned, not publication-approved: named Islamic reviewer and source packet required; fiqh/aqidah-sensitive claims remain blocked until scope and valid differences are declared.","Опционально: терминологическая анимация","Qualified Islamic educator for source type and citation limits; fiqh/aqidah/hadith specialist where applicable; safeguarding professional for youth modules"
"FND-014","Foundations/Academy","Quran and Sunnah literacy","14","Различать Коран, Сунну, тафсир, фикх и мнение: Направляемое чтение доказательств","Находить указанные аяты или источник по локатору для темы «Различать Коран, Сунну, тафсир, фикх и мнение», отделяя цитату от редакционного объяснения.","Beginner 2","FND-013","Quran 4:59; 16:44; hadith-method handbook not yet selected; curriculum design benchmarks only: Cambridge IGCSE Islamiyat 0493 (https://www.cambridgeinternational.org/programmes-and-qualifications/cambridge-igcse-islamiyat-0493/) and Yaqeen Curriculum (https://yaqeeninstitute.org/curriculum)","Muslingo-original outline. Quran quotations may use attributed verbatim Tanzil text. Translations, hadith editions, curricula and commentaries need item-level rights clearance; benchmark sources confer no copying right.","Planned, not publication-approved: named Islamic reviewer and source packet required; fiqh/aqidah-sensitive claims remain blocked until scope and valid differences are declared.","Рекомендуется: source walkthrough","Qualified Islamic educator for source type and citation limits; fiqh/aqidah/hadith specialist where applicable; safeguarding professional for youth modules"
"FND-015","Foundations/Academy","Quran and Sunnah literacy","15","Различать Коран, Сунну, тафсир, фикх и мнение: Сценарий применения","Разобрать безопасный бытовой сценарий по теме «Различать Коран, Сунну, тафсир, фикх и мнение» с несколькими правдоподобными вариантами и объяснением границ.","Intermediate 1","FND-014","Quran 4:59; 16:44; hadith-method handbook not yet selected; curriculum design benchmarks only: Cambridge IGCSE Islamiyat 0493 (https://www.cambridgeinternational.org/programmes-and-qualifications/cambridge-igcse-islamiyat-0493/) and Yaqeen Curriculum (https://yaqeeninstitute.org/curriculum)","Muslingo-original outline. Quran quotations may use attributed verbatim Tanzil text. Translations, hadith editions, curricula and commentaries need item-level rights clearance; benchmark sources confer no copying right.","Planned, not publication-approved: named Islamic reviewer and source packet required; fiqh/aqidah-sensitive claims remain blocked until scope and valid differences are declared.","Рекомендуется: сценка без изображения пророков","Qualified Islamic educator for source type and citation limits; fiqh/aqidah/hadith specialist where applicable; safeguarding professional for youth modules"
"FND-016","Foundations/Academy","Quran and Sunnah literacy","16","Различать Коран, Сунну, тафсир, фикх и мнение: Типичная ошибка мышления","Распознать распространённое смешение источников или чрезмерное обобщение в теме «Различать Коран, Сунну, тафсир, фикх и мнение».","Intermediate 1","FND-015","Quran 4:59; 16:44; hadith-method handbook not yet selected; curriculum design benchmarks only: Cambridge IGCSE Islamiyat 0493 (https://www.cambridgeinternational.org/programmes-and-qualifications/cambridge-igcse-islamiyat-0493/) and Yaqeen Curriculum (https://yaqeeninstitute.org/curriculum)","Muslingo-original outline. Quran quotations may use attributed verbatim Tanzil text. Translations, hadith editions, curricula and commentaries need item-level rights clearance; benchmark sources confer no copying right.","Planned, not publication-approved: named Islamic reviewer and source packet required; fiqh/aqidah-sensitive claims remain blocked until scope and valid differences are declared.","Опционально","Qualified Islamic educator for source type and citation limits; fiqh/aqidah/hadith specialist where applicable; safeguarding professional for youth modules"
"FND-017","Foundations/Academy","Quran and Sunnah literacy","17","Различать Коран, Сунну, тафсир, фикх и мнение: Различия и направление к специалисту","Отметить, где по теме «Различать Коран, Сунну, тафсир, фикх и мнение» возможны действительные различия, и сформулировать вопрос специалисту без самовольного решения.","Intermediate 1","FND-016","Quran 4:59; 16:44; hadith-method handbook not yet selected; curriculum design benchmarks only: Cambridge IGCSE Islamiyat 0493 (https://www.cambridgeinternational.org/programmes-and-qualifications/cambridge-igcse-islamiyat-0493/) and Yaqeen Curriculum (https://yaqeeninstitute.org/curriculum)","Muslingo-original outline. Quran quotations may use attributed verbatim Tanzil text. Translations, hadith editions, curricula and commentaries need item-level rights clearance; benchmark sources confer no copying right.","Planned, not publication-approved: named Islamic reviewer and source packet required; fiqh/aqidah-sensitive claims remain blocked until scope and valid differences are declared.","Рекомендуется: два корректных reviewer perspectives","Qualified Islamic educator for source type and citation limits; fiqh/aqidah/hadith specialist where applicable; safeguarding professional for youth modules"
"FND-018","Foundations/Academy","Quran and Sunnah literacy","18","Различать Коран, Сунну, тафсир, фикх и мнение: Личная практика без публичной оценки","Составить приватное небольшое действие или план по теме «Различать Коран, Сунну, тафсир, фикх и мнение» без рейтинга религиозности и публикации личных данных.","Intermediate 1","FND-017","Quran 4:59; 16:44; hadith-method handbook not yet selected; curriculum design benchmarks only: Cambridge IGCSE Islamiyat 0493 (https://www.cambridgeinternational.org/programmes-and-qualifications/cambridge-igcse-islamiyat-0493/) and Yaqeen Curriculum (https://yaqeeninstitute.org/curriculum)","Muslingo-original outline. Quran quotations may use attributed verbatim Tanzil text. Translations, hadith editions, curricula and commentaries need item-level rights clearance; benchmark sources confer no copying right.","Planned, not publication-approved: named Islamic reviewer and source packet required; fiqh/aqidah-sensitive claims remain blocked until scope and valid differences are declared.","Не требуется","Qualified Islamic educator for source type and citation limits; fiqh/aqidah/hadith specialist where applicable; safeguarding professional for youth modules"
"FND-019","Foundations/Academy","Quran and Sunnah literacy","19","Различать Коран, Сунну, тафсир, фикх и мнение: Отложенное извлечение","Через интервал восстановить ключевые понятия и источниковые границы темы «Различать Коран, Сунну, тафсир, фикх и мнение» без подсказки.","Intermediate 2","предыдущий модуль и интервал 48 часов","Quran 4:59; 16:44; hadith-method handbook not yet selected; curriculum design benchmarks only: Cambridge IGCSE Islamiyat 0493 (https://www.cambridgeinternational.org/programmes-and-qualifications/cambridge-igcse-islamiyat-0493/) and Yaqeen Curriculum (https://yaqeeninstitute.org/curriculum)","Muslingo-original outline. Quran quotations may use attributed verbatim Tanzil text. Translations, hadith editions, curricula and commentaries need item-level rights clearance; benchmark sources confer no copying right.","Planned, not publication-approved: named Islamic reviewer and source packet required; fiqh/aqidah-sensitive claims remain blocked until scope and valid differences are declared.","Не требуется","Qualified Islamic educator for source type and citation limits; fiqh/aqidah/hadith specialist where applicable; safeguarding professional for youth modules"
"FND-020","Foundations/Academy","Quran and Sunnah literacy","20","Различать Коран, Сунну, тафсир, фикх и мнение: Итоговое объяснение с источниками","Дать краткое, нейтральное и цитируемое объяснение темы «Различать Коран, Сунну, тафсир, фикх и мнение», явно указав неизвестное и маршрут эскалации.","Intermediate 2","FND-019","Quran 4:59; 16:44; hadith-method handbook not yet selected; curriculum design benchmarks only: Cambridge IGCSE Islamiyat 0493 (https://www.cambridgeinternational.org/programmes-and-qualifications/cambridge-igcse-islamiyat-0493/) and Yaqeen Curriculum (https://yaqeeninstitute.org/curriculum)","Muslingo-original outline. Quran quotations may use attributed verbatim Tanzil text. Translations, hadith editions, curricula and commentaries need item-level rights clearance; benchmark sources confer no copying right.","Planned, not publication-approved: named Islamic reviewer and source packet required; fiqh/aqidah-sensitive claims remain blocked until scope and valid differences are declared.","Рекомендуется: разбор эксперта","Qualified Islamic educator for source type and citation limits; fiqh/aqidah/hadith specialist where applicable; safeguarding professional for youth modules"
"FND-021","Foundations/Academy","Islam, iman and ihsan","21","Понимать базовую учебную рамку без оценки личности: Ориентация и границы","Объяснить, что включает тема «Понимать базовую учебную рамку без оценки личности», чего модуль не решает и когда нужен квалифицированный специалист.","Beginner 1","Не требуется","Quran 2:177; Sahih Muslim, Kitab al-Iman, Hadith Jibril (edition/number to be fixed); curriculum design benchmarks only: Cambridge IGCSE Islamiyat 0493 (https://www.cambridgeinternational.org/programmes-and-qualifications/cambridge-igcse-islamiyat-0493/) and Yaqeen Curriculum (https://yaqeeninstitute.org/curriculum)","Muslingo-original outline. Quran quotations may use attributed verbatim Tanzil text. Translations, hadith editions, curricula and commentaries need item-level rights clearance; benchmark sources confer no copying right.","Planned, not publication-approved: named Islamic reviewer and source packet required; fiqh/aqidah-sensitive claims remain blocked until scope and valid differences are declared.","Рекомендуется: короткое введение","Qualified Islamic educator for concept relationships; fiqh/aqidah/hadith specialist where applicable; safeguarding professional for youth modules"
"FND-022","Foundations/Academy","Islam, iman and ihsan","22","Понимать базовую учебную рамку без оценки личности: Карта источников","Сопоставить ключевые типы источников для темы «Понимать базовую учебную рамку без оценки личности» и не выдавать учебный обзор за фетву.","Beginner 1","FND-021","Quran 2:177; Sahih Muslim, Kitab al-Iman, Hadith Jibril (edition/number to be fixed); curriculum design benchmarks only: Cambridge IGCSE Islamiyat 0493 (https://www.cambridgeinternational.org/programmes-and-qualifications/cambridge-igcse-islamiyat-0493/) and Yaqeen Curriculum (https://yaqeeninstitute.org/curriculum)","Muslingo-original outline. Quran quotations may use attributed verbatim Tanzil text. Translations, hadith editions, curricula and commentaries need item-level rights clearance; benchmark sources confer no copying right.","Planned, not publication-approved: named Islamic reviewer and source packet required; fiqh/aqidah-sensitive claims remain blocked until scope and valid differences are declared.","Не требуется","Qualified Islamic educator for concept relationships; fiqh/aqidah/hadith specialist where applicable; safeguarding professional for youth modules"
"FND-023","Foundations/Academy","Islam, iman and ihsan","23","Понимать базовую учебную рамку без оценки личности: Ключевая лексика","Корректно использовать базовые термины темы «Понимать базовую учебную рамку без оценки личности» и отмечать слова, требующие перевода/пояснения.","Beginner 1","FND-022","Quran 2:177; Sahih Muslim, Kitab al-Iman, Hadith Jibril (edition/number to be fixed); curriculum design benchmarks only: Cambridge IGCSE Islamiyat 0493 (https://www.cambridgeinternational.org/programmes-and-qualifications/cambridge-igcse-islamiyat-0493/) and Yaqeen Curriculum (https://yaqeeninstitute.org/curriculum)","Muslingo-original outline. Quran quotations may use attributed verbatim Tanzil text. Translations, hadith editions, curricula and commentaries need item-level rights clearance; benchmark sources confer no copying right.","Planned, not publication-approved: named Islamic reviewer and source packet required; fiqh/aqidah-sensitive claims remain blocked until scope and valid differences are declared.","Опционально: терминологическая анимация","Qualified Islamic educator for concept relationships; fiqh/aqidah/hadith specialist where applicable; safeguarding professional for youth modules"
"FND-024","Foundations/Academy","Islam, iman and ihsan","24","Понимать базовую учебную рамку без оценки личности: Направляемое чтение доказательств","Находить указанные аяты или источник по локатору для темы «Понимать базовую учебную рамку без оценки личности», отделяя цитату от редакционного объяснения.","Beginner 2","FND-023","Quran 2:177; Sahih Muslim, Kitab al-Iman, Hadith Jibril (edition/number to be fixed); curriculum design benchmarks only: Cambridge IGCSE Islamiyat 0493 (https://www.cambridgeinternational.org/programmes-and-qualifications/cambridge-igcse-islamiyat-0493/) and Yaqeen Curriculum (https://yaqeeninstitute.org/curriculum)","Muslingo-original outline. Quran quotations may use attributed verbatim Tanzil text. Translations, hadith editions, curricula and commentaries need item-level rights clearance; benchmark sources confer no copying right.","Planned, not publication-approved: named Islamic reviewer and source packet required; fiqh/aqidah-sensitive claims remain blocked until scope and valid differences are declared.","Рекомендуется: source walkthrough","Qualified Islamic educator for concept relationships; fiqh/aqidah/hadith specialist where applicable; safeguarding professional for youth modules"
"FND-025","Foundations/Academy","Islam, iman and ihsan","25","Понимать базовую учебную рамку без оценки личности: Сценарий применения","Разобрать безопасный бытовой сценарий по теме «Понимать базовую учебную рамку без оценки личности» с несколькими правдоподобными вариантами и объяснением границ.","Intermediate 1","FND-024","Quran 2:177; Sahih Muslim, Kitab al-Iman, Hadith Jibril (edition/number to be fixed); curriculum design benchmarks only: Cambridge IGCSE Islamiyat 0493 (https://www.cambridgeinternational.org/programmes-and-qualifications/cambridge-igcse-islamiyat-0493/) and Yaqeen Curriculum (https://yaqeeninstitute.org/curriculum)","Muslingo-original outline. Quran quotations may use attributed verbatim Tanzil text. Translations, hadith editions, curricula and commentaries need item-level rights clearance; benchmark sources confer no copying right.","Planned, not publication-approved: named Islamic reviewer and source packet required; fiqh/aqidah-sensitive claims remain blocked until scope and valid differences are declared.","Рекомендуется: сценка без изображения пророков","Qualified Islamic educator for concept relationships; fiqh/aqidah/hadith specialist where applicable; safeguarding professional for youth modules"
"FND-026","Foundations/Academy","Islam, iman and ihsan","26","Понимать базовую учебную рамку без оценки личности: Типичная ошибка мышления","Распознать распространённое смешение источников или чрезмерное обобщение в теме «Понимать базовую учебную рамку без оценки личности».","Intermediate 1","FND-025","Quran 2:177; Sahih Muslim, Kitab al-Iman, Hadith Jibril (edition/number to be fixed); curriculum design benchmarks only: Cambridge IGCSE Islamiyat 0493 (https://www.cambridgeinternational.org/programmes-and-qualifications/cambridge-igcse-islamiyat-0493/) and Yaqeen Curriculum (https://yaqeeninstitute.org/curriculum)","Muslingo-original outline. Quran quotations may use attributed verbatim Tanzil text. Translations, hadith editions, curricula and commentaries need item-level rights clearance; benchmark sources confer no copying right.","Planned, not publication-approved: named Islamic reviewer and source packet required; fiqh/aqidah-sensitive claims remain blocked until scope and valid differences are declared.","Опционально","Qualified Islamic educator for concept relationships; fiqh/aqidah/hadith specialist where applicable; safeguarding professional for youth modules"
"FND-027","Foundations/Academy","Islam, iman and ihsan","27","Понимать базовую учебную рамку без оценки личности: Различия и направление к специалисту","Отметить, где по теме «Понимать базовую учебную рамку без оценки личности» возможны действительные различия, и сформулировать вопрос специалисту без самовольного решения.","Intermediate 1","FND-026","Quran 2:177; Sahih Muslim, Kitab al-Iman, Hadith Jibril (edition/number to be fixed); curriculum design benchmarks only: Cambridge IGCSE Islamiyat 0493 (https://www.cambridgeinternational.org/programmes-and-qualifications/cambridge-igcse-islamiyat-0493/) and Yaqeen Curriculum (https://yaqeeninstitute.org/curriculum)","Muslingo-original outline. Quran quotations may use attributed verbatim Tanzil text. Translations, hadith editions, curricula and commentaries need item-level rights clearance; benchmark sources confer no copying right.","Planned, not publication-approved: named Islamic reviewer and source packet required; fiqh/aqidah-sensitive claims remain blocked until scope and valid differences are declared.","Рекомендуется: два корректных reviewer perspectives","Qualified Islamic educator for concept relationships; fiqh/aqidah/hadith specialist where applicable; safeguarding professional for youth modules"
"FND-028","Foundations/Academy","Islam, iman and ihsan","28","Понимать базовую учебную рамку без оценки личности: Личная практика без публичной оценки","Составить приватное небольшое действие или план по теме «Понимать базовую учебную рамку без оценки личности» без рейтинга религиозности и публикации личных данных.","Intermediate 1","FND-027","Quran 2:177; Sahih Muslim, Kitab al-Iman, Hadith Jibril (edition/number to be fixed); curriculum design benchmarks only: Cambridge IGCSE Islamiyat 0493 (https://www.cambridgeinternational.org/programmes-and-qualifications/cambridge-igcse-islamiyat-0493/) and Yaqeen Curriculum (https://yaqeeninstitute.org/curriculum)","Muslingo-original outline. Quran quotations may use attributed verbatim Tanzil text. Translations, hadith editions, curricula and commentaries need item-level rights clearance; benchmark sources confer no copying right.","Planned, not publication-approved: named Islamic reviewer and source packet required; fiqh/aqidah-sensitive claims remain blocked until scope and valid differences are declared.","Не требуется","Qualified Islamic educator for concept relationships; fiqh/aqidah/hadith specialist where applicable; safeguarding professional for youth modules"
"FND-029","Foundations/Academy","Islam, iman and ihsan","29","Понимать базовую учебную рамку без оценки личности: Отложенное извлечение","Через интервал восстановить ключевые понятия и источниковые границы темы «Понимать базовую учебную рамку без оценки личности» без подсказки.","Intermediate 2","предыдущий модуль и интервал 48 часов","Quran 2:177; Sahih Muslim, Kitab al-Iman, Hadith Jibril (edition/number to be fixed); curriculum design benchmarks only: Cambridge IGCSE Islamiyat 0493 (https://www.cambridgeinternational.org/programmes-and-qualifications/cambridge-igcse-islamiyat-0493/) and Yaqeen Curriculum (https://yaqeeninstitute.org/curriculum)","Muslingo-original outline. Quran quotations may use attributed verbatim Tanzil text. Translations, hadith editions, curricula and commentaries need item-level rights clearance; benchmark sources confer no copying right.","Planned, not publication-approved: named Islamic reviewer and source packet required; fiqh/aqidah-sensitive claims remain blocked until scope and valid differences are declared.","Не требуется","Qualified Islamic educator for concept relationships; fiqh/aqidah/hadith specialist where applicable; safeguarding professional for youth modules"
"FND-030","Foundations/Academy","Islam, iman and ihsan","30","Понимать базовую учебную рамку без оценки личности: Итоговое объяснение с источниками","Дать краткое, нейтральное и цитируемое объяснение темы «Понимать базовую учебную рамку без оценки личности», явно указав неизвестное и маршрут эскалации.","Intermediate 2","FND-029","Quran 2:177; Sahih Muslim, Kitab al-Iman, Hadith Jibril (edition/number to be fixed); curriculum design benchmarks only: Cambridge IGCSE Islamiyat 0493 (https://www.cambridgeinternational.org/programmes-and-qualifications/cambridge-igcse-islamiyat-0493/) and Yaqeen Curriculum (https://yaqeeninstitute.org/curriculum)","Muslingo-original outline. Quran quotations may use attributed verbatim Tanzil text. Translations, hadith editions, curricula and commentaries need item-level rights clearance; benchmark sources confer no copying right.","Planned, not publication-approved: named Islamic reviewer and source packet required; fiqh/aqidah-sensitive claims remain blocked until scope and valid differences are declared.","Рекомендуется: разбор эксперта","Qualified Islamic educator for concept relationships; fiqh/aqidah/hadith specialist where applicable; safeguarding professional for youth modules"
"FND-031","Foundations/Academy","Belief foundations","31","Изучать шесть основ имана с обозначением богословской области: Ориентация и границы","Объяснить, что включает тема «Изучать шесть основ имана с обозначением богословской области», чего модуль не решает и когда нужен квалифицированный специалист.","Beginner 1","Не требуется","Quran 2:285; 4:136; aqidah commentary not yet selected; curriculum design benchmarks only: Cambridge IGCSE Islamiyat 0493 (https://www.cambridgeinternational.org/programmes-and-qualifications/cambridge-igcse-islamiyat-0493/) and Yaqeen Curriculum (https://yaqeeninstitute.org/curriculum)","Muslingo-original outline. Quran quotations may use attributed verbatim Tanzil text. Translations, hadith editions, curricula and commentaries need item-level rights clearance; benchmark sources confer no copying right.","Planned, not publication-approved: named Islamic reviewer and source packet required; fiqh/aqidah-sensitive claims remain blocked until scope and valid differences are declared.","Рекомендуется: короткое введение","Qualified Islamic educator for belief vocabulary and boundaries; fiqh/aqidah/hadith specialist where applicable; safeguarding professional for youth modules"
"FND-032","Foundations/Academy","Belief foundations","32","Изучать шесть основ имана с обозначением богословской области: Карта источников","Сопоставить ключевые типы источников для темы «Изучать шесть основ имана с обозначением богословской области» и не выдавать учебный обзор за фетву.","Beginner 1","FND-031","Quran 2:285; 4:136; aqidah commentary not yet selected; curriculum design benchmarks only: Cambridge IGCSE Islamiyat 0493 (https://www.cambridgeinternational.org/programmes-and-qualifications/cambridge-igcse-islamiyat-0493/) and Yaqeen Curriculum (https://yaqeeninstitute.org/curriculum)","Muslingo-original outline. Quran quotations may use attributed verbatim Tanzil text. Translations, hadith editions, curricula and commentaries need item-level rights clearance; benchmark sources confer no copying right.","Planned, not publication-approved: named Islamic reviewer and source packet required; fiqh/aqidah-sensitive claims remain blocked until scope and valid differences are declared.","Не требуется","Qualified Islamic educator for belief vocabulary and boundaries; fiqh/aqidah/hadith specialist where applicable; safeguarding professional for youth modules"
"FND-033","Foundations/Academy","Belief foundations","33","Изучать шесть основ имана с обозначением богословской области: Ключевая лексика","Корректно использовать базовые термины темы «Изучать шесть основ имана с обозначением богословской области» и отмечать слова, требующие перевода/пояснения.","Beginner 1","FND-032","Quran 2:285; 4:136; aqidah commentary not yet selected; curriculum design benchmarks only: Cambridge IGCSE Islamiyat 0493 (https://www.cambridgeinternational.org/programmes-and-qualifications/cambridge-igcse-islamiyat-0493/) and Yaqeen Curriculum (https://yaqeeninstitute.org/curriculum)","Muslingo-original outline. Quran quotations may use attributed verbatim Tanzil text. Translations, hadith editions, curricula and commentaries need item-level rights clearance; benchmark sources confer no copying right.","Planned, not publication-approved: named Islamic reviewer and source packet required; fiqh/aqidah-sensitive claims remain blocked until scope and valid differences are declared.","Опционально: терминологическая анимация","Qualified Islamic educator for belief vocabulary and boundaries; fiqh/aqidah/hadith specialist where applicable; safeguarding professional for youth modules"
"FND-034","Foundations/Academy","Belief foundations","34","Изучать шесть основ имана с обозначением богословской области: Направляемое чтение доказательств","Находить указанные аяты или источник по локатору для темы «Изучать шесть основ имана с обозначением богословской области», отделяя цитату от редакционного объяснения.","Beginner 2","FND-033","Quran 2:285; 4:136; aqidah commentary not yet selected; curriculum design benchmarks only: Cambridge IGCSE Islamiyat 0493 (https://www.cambridgeinternational.org/programmes-and-qualifications/cambridge-igcse-islamiyat-0493/) and Yaqeen Curriculum (https://yaqeeninstitute.org/curriculum)","Muslingo-original outline. Quran quotations may use attributed verbatim Tanzil text. Translations, hadith editions, curricula and commentaries need item-level rights clearance; benchmark sources confer no copying right.","Planned, not publication-approved: named Islamic reviewer and source packet required; fiqh/aqidah-sensitive claims remain blocked until scope and valid differences are declared.","Рекомендуется: source walkthrough","Qualified Islamic educator for belief vocabulary and boundaries; fiqh/aqidah/hadith specialist where applicable; safeguarding professional for youth modules"
"FND-035","Foundations/Academy","Belief foundations","35","Изучать шесть основ имана с обозначением богословской области: Сценарий применения","Разобрать безопасный бытовой сценарий по теме «Изучать шесть основ имана с обозначением богословской области» с несколькими правдоподобными вариантами и объяснением границ.","Intermediate 1","FND-034","Quran 2:285; 4:136; aqidah commentary not yet selected; curriculum design benchmarks only: Cambridge IGCSE Islamiyat 0493 (https://www.cambridgeinternational.org/programmes-and-qualifications/cambridge-igcse-islamiyat-0493/) and Yaqeen Curriculum (https://yaqeeninstitute.org/curriculum)","Muslingo-original outline. Quran quotations may use attributed verbatim Tanzil text. Translations, hadith editions, curricula and commentaries need item-level rights clearance; benchmark sources confer no copying right.","Planned, not publication-approved: named Islamic reviewer and source packet required; fiqh/aqidah-sensitive claims remain blocked until scope and valid differences are declared.","Рекомендуется: сценка без изображения пророков","Qualified Islamic educator for belief vocabulary and boundaries; fiqh/aqidah/hadith specialist where applicable; safeguarding professional for youth modules"
"FND-036","Foundations/Academy","Belief foundations","36","Изучать шесть основ имана с обозначением богословской области: Типичная ошибка мышления","Распознать распространённое смешение источников или чрезмерное обобщение в теме «Изучать шесть основ имана с обозначением богословской области».","Intermediate 1","FND-035","Quran 2:285; 4:136; aqidah commentary not yet selected; curriculum design benchmarks only: Cambridge IGCSE Islamiyat 0493 (https://www.cambridgeinternational.org/programmes-and-qualifications/cambridge-igcse-islamiyat-0493/) and Yaqeen Curriculum (https://yaqeeninstitute.org/curriculum)","Muslingo-original outline. Quran quotations may use attributed verbatim Tanzil text. Translations, hadith editions, curricula and commentaries need item-level rights clearance; benchmark sources confer no copying right.","Planned, not publication-approved: named Islamic reviewer and source packet required; fiqh/aqidah-sensitive claims remain blocked until scope and valid differences are declared.","Опционально","Qualified Islamic educator for belief vocabulary and boundaries; fiqh/aqidah/hadith specialist where applicable; safeguarding professional for youth modules"
"FND-037","Foundations/Academy","Belief foundations","37","Изучать шесть основ имана с обозначением богословской области: Различия и направление к специалисту","Отметить, где по теме «Изучать шесть основ имана с обозначением богословской области» возможны действительные различия, и сформулировать вопрос специалисту без самовольного решения.","Intermediate 1","FND-036","Quran 2:285; 4:136; aqidah commentary not yet selected; curriculum design benchmarks only: Cambridge IGCSE Islamiyat 0493 (https://www.cambridgeinternational.org/programmes-and-qualifications/cambridge-igcse-islamiyat-0493/) and Yaqeen Curriculum (https://yaqeeninstitute.org/curriculum)","Muslingo-original outline. Quran quotations may use attributed verbatim Tanzil text. Translations, hadith editions, curricula and commentaries need item-level rights clearance; benchmark sources confer no copying right.","Planned, not publication-approved: named Islamic reviewer and source packet required; fiqh/aqidah-sensitive claims remain blocked until scope and valid differences are declared.","Рекомендуется: два корректных reviewer perspectives","Qualified Islamic educator for belief vocabulary and boundaries; fiqh/aqidah/hadith specialist where applicable; safeguarding professional for youth modules"
"FND-038","Foundations/Academy","Belief foundations","38","Изучать шесть основ имана с обозначением богословской области: Личная практика без публичной оценки","Составить приватное небольшое действие или план по теме «Изучать шесть основ имана с обозначением богословской области» без рейтинга религиозности и публикации личных данных.","Intermediate 1","FND-037","Quran 2:285; 4:136; aqidah commentary not yet selected; curriculum design benchmarks only: Cambridge IGCSE Islamiyat 0493 (https://www.cambridgeinternational.org/programmes-and-qualifications/cambridge-igcse-islamiyat-0493/) and Yaqeen Curriculum (https://yaqeeninstitute.org/curriculum)","Muslingo-original outline. Quran quotations may use attributed verbatim Tanzil text. Translations, hadith editions, curricula and commentaries need item-level rights clearance; benchmark sources confer no copying right.","Planned, not publication-approved: named Islamic reviewer and source packet required; fiqh/aqidah-sensitive claims remain blocked until scope and valid differences are declared.","Не требуется","Qualified Islamic educator for belief vocabulary and boundaries; fiqh/aqidah/hadith specialist where applicable; safeguarding professional for youth modules"
"FND-039","Foundations/Academy","Belief foundations","39","Изучать шесть основ имана с обозначением богословской области: Отложенное извлечение","Через интервал восстановить ключевые понятия и источниковые границы темы «Изучать шесть основ имана с обозначением богословской области» без подсказки.","Intermediate 2","предыдущий модуль и интервал 48 часов","Quran 2:285; 4:136; aqidah commentary not yet selected; curriculum design benchmarks only: Cambridge IGCSE Islamiyat 0493 (https://www.cambridgeinternational.org/programmes-and-qualifications/cambridge-igcse-islamiyat-0493/) and Yaqeen Curriculum (https://yaqeeninstitute.org/curriculum)","Muslingo-original outline. Quran quotations may use attributed verbatim Tanzil text. Translations, hadith editions, curricula and commentaries need item-level rights clearance; benchmark sources confer no copying right.","Planned, not publication-approved: named Islamic reviewer and source packet required; fiqh/aqidah-sensitive claims remain blocked until scope and valid differences are declared.","Не требуется","Qualified Islamic educator for belief vocabulary and boundaries; fiqh/aqidah/hadith specialist where applicable; safeguarding professional for youth modules"
"FND-040","Foundations/Academy","Belief foundations","40","Изучать шесть основ имана с обозначением богословской области: Итоговое объяснение с источниками","Дать краткое, нейтральное и цитируемое объяснение темы «Изучать шесть основ имана с обозначением богословской области», явно указав неизвестное и маршрут эскалации.","Intermediate 2","FND-039","Quran 2:285; 4:136; aqidah commentary not yet selected; curriculum design benchmarks only: Cambridge IGCSE Islamiyat 0493 (https://www.cambridgeinternational.org/programmes-and-qualifications/cambridge-igcse-islamiyat-0493/) and Yaqeen Curriculum (https://yaqeeninstitute.org/curriculum)","Muslingo-original outline. Quran quotations may use attributed verbatim Tanzil text. Translations, hadith editions, curricula and commentaries need item-level rights clearance; benchmark sources confer no copying right.","Planned, not publication-approved: named Islamic reviewer and source packet required; fiqh/aqidah-sensitive claims remain blocked until scope and valid differences are declared.","Рекомендуется: разбор эксперта","Qualified Islamic educator for belief vocabulary and boundaries; fiqh/aqidah/hadith specialist where applicable; safeguarding professional for youth modules"
"FND-041","Foundations/Academy","Five pillars","41","Связывать пять столпов с последовательным обучением: Ориентация и границы","Объяснить, что включает тема «Связывать пять столпов с последовательным обучением», чего модуль не решает и когда нужен квалифицированный специалист.","Beginner 1","Не требуется","Quran 2:43; 2:183; 3:97; Sahih al-Bukhari, Book of Faith, Islam built on five (edition locator pending); curriculum design benchmarks only: Cambridge IGCSE Islamiyat 0493 (https://www.cambridgeinternational.org/programmes-and-qualifications/cambridge-igcse-islamiyat-0493/) and Yaqeen Curriculum (https://yaqeeninstitute.org/curriculum)","Muslingo-original outline. Quran quotations may use attributed verbatim Tanzil text. Translations, hadith editions, curricula and commentaries need item-level rights clearance; benchmark sources confer no copying right.","Planned, not publication-approved: named Islamic reviewer and source packet required; fiqh/aqidah-sensitive claims remain blocked until scope and valid differences are declared.","Рекомендуется: короткое введение","Qualified Islamic educator for pillar purpose and sequence; fiqh/aqidah/hadith specialist where applicable; safeguarding professional for youth modules"
"FND-042","Foundations/Academy","Five pillars","42","Связывать пять столпов с последовательным обучением: Карта источников","Сопоставить ключевые типы источников для темы «Связывать пять столпов с последовательным обучением» и не выдавать учебный обзор за фетву.","Beginner 1","FND-041","Quran 2:43; 2:183; 3:97; Sahih al-Bukhari, Book of Faith, Islam built on five (edition locator pending); curriculum design benchmarks only: Cambridge IGCSE Islamiyat 0493 (https://www.cambridgeinternational.org/programmes-and-qualifications/cambridge-igcse-islamiyat-0493/) and Yaqeen Curriculum (https://yaqeeninstitute.org/curriculum)","Muslingo-original outline. Quran quotations may use attributed verbatim Tanzil text. Translations, hadith editions, curricula and commentaries need item-level rights clearance; benchmark sources confer no copying right.","Planned, not publication-approved: named Islamic reviewer and source packet required; fiqh/aqidah-sensitive claims remain blocked until scope and valid differences are declared.","Не требуется","Qualified Islamic educator for pillar purpose and sequence; fiqh/aqidah/hadith specialist where applicable; safeguarding professional for youth modules"
"FND-043","Foundations/Academy","Five pillars","43","Связывать пять столпов с последовательным обучением: Ключевая лексика","Корректно использовать базовые термины темы «Связывать пять столпов с последовательным обучением» и отмечать слова, требующие перевода/пояснения.","Beginner 1","FND-042","Quran 2:43; 2:183; 3:97; Sahih al-Bukhari, Book of Faith, Islam built on five (edition locator pending); curriculum design benchmarks only: Cambridge IGCSE Islamiyat 0493 (https://www.cambridgeinternational.org/programmes-and-qualifications/cambridge-igcse-islamiyat-0493/) and Yaqeen Curriculum (https://yaqeeninstitute.org/curriculum)","Muslingo-original outline. Quran quotations may use attributed verbatim Tanzil text. Translations, hadith editions, curricula and commentaries need item-level rights clearance; benchmark sources confer no copying right.","Planned, not publication-approved: named Islamic reviewer and source packet required; fiqh/aqidah-sensitive claims remain blocked until scope and valid differences are declared.","Опционально: терминологическая анимация","Qualified Islamic educator for pillar purpose and sequence; fiqh/aqidah/hadith specialist where applicable; safeguarding professional for youth modules"
"FND-044","Foundations/Academy","Five pillars","44","Связывать пять столпов с последовательным обучением: Направляемое чтение доказательств","Находить указанные аяты или источник по локатору для темы «Связывать пять столпов с последовательным обучением», отделяя цитату от редакционного объяснения.","Beginner 2","FND-043","Quran 2:43; 2:183; 3:97; Sahih al-Bukhari, Book of Faith, Islam built on five (edition locator pending); curriculum design benchmarks only: Cambridge IGCSE Islamiyat 0493 (https://www.cambridgeinternational.org/programmes-and-qualifications/cambridge-igcse-islamiyat-0493/) and Yaqeen Curriculum (https://yaqeeninstitute.org/curriculum)","Muslingo-original outline. Quran quotations may use attributed verbatim Tanzil text. Translations, hadith editions, curricula and commentaries need item-level rights clearance; benchmark sources confer no copying right.","Planned, not publication-approved: named Islamic reviewer and source packet required; fiqh/aqidah-sensitive claims remain blocked until scope and valid differences are declared.","Рекомендуется: source walkthrough","Qualified Islamic educator for pillar purpose and sequence; fiqh/aqidah/hadith specialist where applicable; safeguarding professional for youth modules"
"FND-045","Foundations/Academy","Five pillars","45","Связывать пять столпов с последовательным обучением: Сценарий применения","Разобрать безопасный бытовой сценарий по теме «Связывать пять столпов с последовательным обучением» с несколькими правдоподобными вариантами и объяснением границ.","Intermediate 1","FND-044","Quran 2:43; 2:183; 3:97; Sahih al-Bukhari, Book of Faith, Islam built on five (edition locator pending); curriculum design benchmarks only: Cambridge IGCSE Islamiyat 0493 (https://www.cambridgeinternational.org/programmes-and-qualifications/cambridge-igcse-islamiyat-0493/) and Yaqeen Curriculum (https://yaqeeninstitute.org/curriculum)","Muslingo-original outline. Quran quotations may use attributed verbatim Tanzil text. Translations, hadith editions, curricula and commentaries need item-level rights clearance; benchmark sources confer no copying right.","Planned, not publication-approved: named Islamic reviewer and source packet required; fiqh/aqidah-sensitive claims remain blocked until scope and valid differences are declared.","Рекомендуется: сценка без изображения пророков","Qualified Islamic educator for pillar purpose and sequence; fiqh/aqidah/hadith specialist where applicable; safeguarding professional for youth modules"
"FND-046","Foundations/Academy","Five pillars","46","Связывать пять столпов с последовательным обучением: Типичная ошибка мышления","Распознать распространённое смешение источников или чрезмерное обобщение в теме «Связывать пять столпов с последовательным обучением».","Intermediate 1","FND-045","Quran 2:43; 2:183; 3:97; Sahih al-Bukhari, Book of Faith, Islam built on five (edition locator pending); curriculum design benchmarks only: Cambridge IGCSE Islamiyat 0493 (https://www.cambridgeinternational.org/programmes-and-qualifications/cambridge-igcse-islamiyat-0493/) and Yaqeen Curriculum (https://yaqeeninstitute.org/curriculum)","Muslingo-original outline. Quran quotations may use attributed verbatim Tanzil text. Translations, hadith editions, curricula and commentaries need item-level rights clearance; benchmark sources confer no copying right.","Planned, not publication-approved: named Islamic reviewer and source packet required; fiqh/aqidah-sensitive claims remain blocked until scope and valid differences are declared.","Опционально","Qualified Islamic educator for pillar purpose and sequence; fiqh/aqidah/hadith specialist where applicable; safeguarding professional for youth modules"
"FND-047","Foundations/Academy","Five pillars","47","Связывать пять столпов с последовательным обучением: Различия и направление к специалисту","Отметить, где по теме «Связывать пять столпов с последовательным обучением» возможны действительные различия, и сформулировать вопрос специалисту без самовольного решения.","Intermediate 1","FND-046","Quran 2:43; 2:183; 3:97; Sahih al-Bukhari, Book of Faith, Islam built on five (edition locator pending); curriculum design benchmarks only: Cambridge IGCSE Islamiyat 0493 (https://www.cambridgeinternational.org/programmes-and-qualifications/cambridge-igcse-islamiyat-0493/) and Yaqeen Curriculum (https://yaqeeninstitute.org/curriculum)","Muslingo-original outline. Quran quotations may use attributed verbatim Tanzil text. Translations, hadith editions, curricula and commentaries need item-level rights clearance; benchmark sources confer no copying right.","Planned, not publication-approved: named Islamic reviewer and source packet required; fiqh/aqidah-sensitive claims remain blocked until scope and valid differences are declared.","Рекомендуется: два корректных reviewer perspectives","Qualified Islamic educator for pillar purpose and sequence; fiqh/aqidah/hadith specialist where applicable; safeguarding professional for youth modules"
"FND-048","Foundations/Academy","Five pillars","48","Связывать пять столпов с последовательным обучением: Личная практика без публичной оценки","Составить приватное небольшое действие или план по теме «Связывать пять столпов с последовательным обучением» без рейтинга религиозности и публикации личных данных.","Intermediate 1","FND-047","Quran 2:43; 2:183; 3:97; Sahih al-Bukhari, Book of Faith, Islam built on five (edition locator pending); curriculum design benchmarks only: Cambridge IGCSE Islamiyat 0493 (https://www.cambridgeinternational.org/programmes-and-qualifications/cambridge-igcse-islamiyat-0493/) and Yaqeen Curriculum (https://yaqeeninstitute.org/curriculum)","Muslingo-original outline. Quran quotations may use attributed verbatim Tanzil text. Translations, hadith editions, curricula and commentaries need item-level rights clearance; benchmark sources confer no copying right.","Planned, not publication-approved: named Islamic reviewer and source packet required; fiqh/aqidah-sensitive claims remain blocked until scope and valid differences are declared.","Не требуется","Qualified Islamic educator for pillar purpose and sequence; fiqh/aqidah/hadith specialist where applicable; safeguarding professional for youth modules"
"FND-049","Foundations/Academy","Five pillars","49","Связывать пять столпов с последовательным обучением: Отложенное извлечение","Через интервал восстановить ключевые понятия и источниковые границы темы «Связывать пять столпов с последовательным обучением» без подсказки.","Intermediate 2","предыдущий модуль и интервал 48 часов","Quran 2:43; 2:183; 3:97; Sahih al-Bukhari, Book of Faith, Islam built on five (edition locator pending); curriculum design benchmarks only: Cambridge IGCSE Islamiyat 0493 (https://www.cambridgeinternational.org/programmes-and-qualifications/cambridge-igcse-islamiyat-0493/) and Yaqeen Curriculum (https://yaqeeninstitute.org/curriculum)","Muslingo-original outline. Quran quotations may use attributed verbatim Tanzil text. Translations, hadith editions, curricula and commentaries need item-level rights clearance; benchmark sources confer no copying right.","Planned, not publication-approved: named Islamic reviewer and source packet required; fiqh/aqidah-sensitive claims remain blocked until scope and valid differences are declared.","Не требуется","Qualified Islamic educator for pillar purpose and sequence; fiqh/aqidah/hadith specialist where applicable; safeguarding professional for youth modules"
"FND-050","Foundations/Academy","Five pillars","50","Связывать пять столпов с последовательным обучением: Итоговое объяснение с источниками","Дать краткое, нейтральное и цитируемое объяснение темы «Связывать пять столпов с последовательным обучением», явно указав неизвестное и маршрут эскалации.","Intermediate 2","FND-049","Quran 2:43; 2:183; 3:97; Sahih al-Bukhari, Book of Faith, Islam built on five (edition locator pending); curriculum design benchmarks only: Cambridge IGCSE Islamiyat 0493 (https://www.cambridgeinternational.org/programmes-and-qualifications/cambridge-igcse-islamiyat-0493/) and Yaqeen Curriculum (https://yaqeeninstitute.org/curriculum)","Muslingo-original outline. Quran quotations may use attributed verbatim Tanzil text. Translations, hadith editions, curricula and commentaries need item-level rights clearance; benchmark sources confer no copying right.","Planned, not publication-approved: named Islamic reviewer and source packet required; fiqh/aqidah-sensitive claims remain blocked until scope and valid differences are declared.","Рекомендуется: разбор эксперта","Qualified Islamic educator for pillar purpose and sequence; fiqh/aqidah/hadith specialist where applicable; safeguarding professional for youth modules"
"FND-051","Foundations/Academy","Purification","51","Понимать назначение и учебную последовательность очищения: Ориентация и границы","Объяснить, что включает тема «Понимать назначение и учебную последовательность очищения», чего модуль не решает и когда нужен квалифицированный специалист.","Beginner 1","Не требуется","Quran 5:6; declared fiqh-track manual not yet selected; curriculum design benchmarks only: Cambridge IGCSE Islamiyat 0493 (https://www.cambridgeinternational.org/programmes-and-qualifications/cambridge-igcse-islamiyat-0493/) and Yaqeen Curriculum (https://yaqeeninstitute.org/curriculum)","Muslingo-original outline. Quran quotations may use attributed verbatim Tanzil text. Translations, hadith editions, curricula and commentaries need item-level rights clearance; benchmark sources confer no copying right.","Planned, not publication-approved: named Islamic reviewer and source packet required; fiqh/aqidah-sensitive claims remain blocked until scope and valid differences are declared.","Рекомендуется: короткое введение","Qualified Islamic educator for practice readiness, not personal ruling; fiqh/aqidah/hadith specialist where applicable; safeguarding professional for youth modules"
"FND-052","Foundations/Academy","Purification","52","Понимать назначение и учебную последовательность очищения: Карта источников","Сопоставить ключевые типы источников для темы «Понимать назначение и учебную последовательность очищения» и не выдавать учебный обзор за фетву.","Beginner 1","FND-051","Quran 5:6; declared fiqh-track manual not yet selected; curriculum design benchmarks only: Cambridge IGCSE Islamiyat 0493 (https://www.cambridgeinternational.org/programmes-and-qualifications/cambridge-igcse-islamiyat-0493/) and Yaqeen Curriculum (https://yaqeeninstitute.org/curriculum)","Muslingo-original outline. Quran quotations may use attributed verbatim Tanzil text. Translations, hadith editions, curricula and commentaries need item-level rights clearance; benchmark sources confer no copying right.","Planned, not publication-approved: named Islamic reviewer and source packet required; fiqh/aqidah-sensitive claims remain blocked until scope and valid differences are declared.","Не требуется","Qualified Islamic educator for practice readiness, not personal ruling; fiqh/aqidah/hadith specialist where applicable; safeguarding professional for youth modules"
"FND-053","Foundations/Academy","Purification","53","Понимать назначение и учебную последовательность очищения: Ключевая лексика","Корректно использовать базовые термины темы «Понимать назначение и учебную последовательность очищения» и отмечать слова, требующие перевода/пояснения.","Beginner 1","FND-052","Quran 5:6; declared fiqh-track manual not yet selected; curriculum design benchmarks only: Cambridge IGCSE Islamiyat 0493 (https://www.cambridgeinternational.org/programmes-and-qualifications/cambridge-igcse-islamiyat-0493/) and Yaqeen Curriculum (https://yaqeeninstitute.org/curriculum)","Muslingo-original outline. Quran quotations may use attributed verbatim Tanzil text. Translations, hadith editions, curricula and commentaries need item-level rights clearance; benchmark sources confer no copying right.","Planned, not publication-approved: named Islamic reviewer and source packet required; fiqh/aqidah-sensitive claims remain blocked until scope and valid differences are declared.","Опционально: терминологическая анимация","Qualified Islamic educator for practice readiness, not personal ruling; fiqh/aqidah/hadith specialist where applicable; safeguarding professional for youth modules"
"FND-054","Foundations/Academy","Purification","54","Понимать назначение и учебную последовательность очищения: Направляемое чтение доказательств","Находить указанные аяты или источник по локатору для темы «Понимать назначение и учебную последовательность очищения», отделяя цитату от редакционного объяснения.","Beginner 2","FND-053","Quran 5:6; declared fiqh-track manual not yet selected; curriculum design benchmarks only: Cambridge IGCSE Islamiyat 0493 (https://www.cambridgeinternational.org/programmes-and-qualifications/cambridge-igcse-islamiyat-0493/) and Yaqeen Curriculum (https://yaqeeninstitute.org/curriculum)","Muslingo-original outline. Quran quotations may use attributed verbatim Tanzil text. Translations, hadith editions, curricula and commentaries need item-level rights clearance; benchmark sources confer no copying right.","Planned, not publication-approved: named Islamic reviewer and source packet required; fiqh/aqidah-sensitive claims remain blocked until scope and valid differences are declared.","Рекомендуется: source walkthrough","Qualified Islamic educator for practice readiness, not personal ruling; fiqh/aqidah/hadith specialist where applicable; safeguarding professional for youth modules"
"FND-055","Foundations/Academy","Purification","55","Понимать назначение и учебную последовательность очищения: Сценарий применения","Разобрать безопасный бытовой сценарий по теме «Понимать назначение и учебную последовательность очищения» с несколькими правдоподобными вариантами и объяснением границ.","Intermediate 1","FND-054","Quran 5:6; declared fiqh-track manual not yet selected; curriculum design benchmarks only: Cambridge IGCSE Islamiyat 0493 (https://www.cambridgeinternational.org/programmes-and-qualifications/cambridge-igcse-islamiyat-0493/) and Yaqeen Curriculum (https://yaqeeninstitute.org/curriculum)","Muslingo-original outline. Quran quotations may use attributed verbatim Tanzil text. Translations, hadith editions, curricula and commentaries need item-level rights clearance; benchmark sources confer no copying right.","Planned, not publication-approved: named Islamic reviewer and source packet required; fiqh/aqidah-sensitive claims remain blocked until scope and valid differences are declared.","Рекомендуется: сценка без изображения пророков","Qualified Islamic educator for practice readiness, not personal ruling; fiqh/aqidah/hadith specialist where applicable; safeguarding professional for youth modules"
"FND-056","Foundations/Academy","Purification","56","Понимать назначение и учебную последовательность очищения: Типичная ошибка мышления","Распознать распространённое смешение источников или чрезмерное обобщение в теме «Понимать назначение и учебную последовательность очищения».","Intermediate 1","FND-055","Quran 5:6; declared fiqh-track manual not yet selected; curriculum design benchmarks only: Cambridge IGCSE Islamiyat 0493 (https://www.cambridgeinternational.org/programmes-and-qualifications/cambridge-igcse-islamiyat-0493/) and Yaqeen Curriculum (https://yaqeeninstitute.org/curriculum)","Muslingo-original outline. Quran quotations may use attributed verbatim Tanzil text. Translations, hadith editions, curricula and commentaries need item-level rights clearance; benchmark sources confer no copying right.","Planned, not publication-approved: named Islamic reviewer and source packet required; fiqh/aqidah-sensitive claims remain blocked until scope and valid differences are declared.","Опционально","Qualified Islamic educator for practice readiness, not personal ruling; fiqh/aqidah/hadith specialist where applicable; safeguarding professional for youth modules"
"FND-057","Foundations/Academy","Purification","57","Понимать назначение и учебную последовательность очищения: Различия и направление к специалисту","Отметить, где по теме «Понимать назначение и учебную последовательность очищения» возможны действительные различия, и сформулировать вопрос специалисту без самовольного решения.","Intermediate 1","FND-056","Quran 5:6; declared fiqh-track manual not yet selected; curriculum design benchmarks only: Cambridge IGCSE Islamiyat 0493 (https://www.cambridgeinternational.org/programmes-and-qualifications/cambridge-igcse-islamiyat-0493/) and Yaqeen Curriculum (https://yaqeeninstitute.org/curriculum)","Muslingo-original outline. Quran quotations may use attributed verbatim Tanzil text. Translations, hadith editions, curricula and commentaries need item-level rights clearance; benchmark sources confer no copying right.","Planned, not publication-approved: named Islamic reviewer and source packet required; fiqh/aqidah-sensitive claims remain blocked until scope and valid differences are declared.","Рекомендуется: два корректных reviewer perspectives","Qualified Islamic educator for practice readiness, not personal ruling; fiqh/aqidah/hadith specialist where applicable; safeguarding professional for youth modules"
"FND-058","Foundations/Academy","Purification","58","Понимать назначение и учебную последовательность очищения: Личная практика без публичной оценки","Составить приватное небольшое действие или план по теме «Понимать назначение и учебную последовательность очищения» без рейтинга религиозности и публикации личных данных.","Intermediate 1","FND-057","Quran 5:6; declared fiqh-track manual not yet selected; curriculum design benchmarks only: Cambridge IGCSE Islamiyat 0493 (https://www.cambridgeinternational.org/programmes-and-qualifications/cambridge-igcse-islamiyat-0493/) and Yaqeen Curriculum (https://yaqeeninstitute.org/curriculum)","Muslingo-original outline. Quran quotations may use attributed verbatim Tanzil text. Translations, hadith editions, curricula and commentaries need item-level rights clearance; benchmark sources confer no copying right.","Planned, not publication-approved: named Islamic reviewer and source packet required; fiqh/aqidah-sensitive claims remain blocked until scope and valid differences are declared.","Не требуется","Qualified Islamic educator for practice readiness, not personal ruling; fiqh/aqidah/hadith specialist where applicable; safeguarding professional for youth modules"
"FND-059","Foundations/Academy","Purification","59","Понимать назначение и учебную последовательность очищения: Отложенное извлечение","Через интервал восстановить ключевые понятия и источниковые границы темы «Понимать назначение и учебную последовательность очищения» без подсказки.","Intermediate 2","предыдущий модуль и интервал 48 часов","Quran 5:6; declared fiqh-track manual not yet selected; curriculum design benchmarks only: Cambridge IGCSE Islamiyat 0493 (https://www.cambridgeinternational.org/programmes-and-qualifications/cambridge-igcse-islamiyat-0493/) and Yaqeen Curriculum (https://yaqeeninstitute.org/curriculum)","Muslingo-original outline. Quran quotations may use attributed verbatim Tanzil text. Translations, hadith editions, curricula and commentaries need item-level rights clearance; benchmark sources confer no copying right.","Planned, not publication-approved: named Islamic reviewer and source packet required; fiqh/aqidah-sensitive claims remain blocked until scope and valid differences are declared.","Не требуется","Qualified Islamic educator for practice readiness, not personal ruling; fiqh/aqidah/hadith specialist where applicable; safeguarding professional for youth modules"
"FND-060","Foundations/Academy","Purification","60","Понимать назначение и учебную последовательность очищения: Итоговое объяснение с источниками","Дать краткое, нейтральное и цитируемое объяснение темы «Понимать назначение и учебную последовательность очищения», явно указав неизвестное и маршрут эскалации.","Intermediate 2","FND-059","Quran 5:6; declared fiqh-track manual not yet selected; curriculum design benchmarks only: Cambridge IGCSE Islamiyat 0493 (https://www.cambridgeinternational.org/programmes-and-qualifications/cambridge-igcse-islamiyat-0493/) and Yaqeen Curriculum (https://yaqeeninstitute.org/curriculum)","Muslingo-original outline. Quran quotations may use attributed verbatim Tanzil text. Translations, hadith editions, curricula and commentaries need item-level rights clearance; benchmark sources confer no copying right.","Planned, not publication-approved: named Islamic reviewer and source packet required; fiqh/aqidah-sensitive claims remain blocked until scope and valid differences are declared.","Рекомендуется: разбор эксперта","Qualified Islamic educator for practice readiness, not personal ruling; fiqh/aqidah/hadith specialist where applicable; safeguarding professional for youth modules"
"FND-061","Foundations/Academy","Prayer","61","Понимать место молитвы, prerequisites and learning sequence: Ориентация и границы","Объяснить, что включает тема «Понимать место молитвы, prerequisites and learning sequence», чего модуль не решает и когда нужен квалифицированный специалист.","Beginner 1","Не требуется","Quran 2:43; 4:103; declared fiqh-track manual not yet selected; curriculum design benchmarks only: Cambridge IGCSE Islamiyat 0493 (https://www.cambridgeinternational.org/programmes-and-qualifications/cambridge-igcse-islamiyat-0493/) and Yaqeen Curriculum (https://yaqeeninstitute.org/curriculum)","Muslingo-original outline. Quran quotations may use attributed verbatim Tanzil text. Translations, hadith editions, curricula and commentaries need item-level rights clearance; benchmark sources confer no copying right.","Planned, not publication-approved: named Islamic reviewer and source packet required; fiqh/aqidah-sensitive claims remain blocked until scope and valid differences are declared.","Рекомендуется: короткое введение","Qualified Islamic educator for prayer learning, not fatwa; fiqh/aqidah/hadith specialist where applicable; safeguarding professional for youth modules"
"FND-062","Foundations/Academy","Prayer","62","Понимать место молитвы, prerequisites and learning sequence: Карта источников","Сопоставить ключевые типы источников для темы «Понимать место молитвы, prerequisites and learning sequence» и не выдавать учебный обзор за фетву.","Beginner 1","FND-061","Quran 2:43; 4:103; declared fiqh-track manual not yet selected; curriculum design benchmarks only: Cambridge IGCSE Islamiyat 0493 (https://www.cambridgeinternational.org/programmes-and-qualifications/cambridge-igcse-islamiyat-0493/) and Yaqeen Curriculum (https://yaqeeninstitute.org/curriculum)","Muslingo-original outline. Quran quotations may use attributed verbatim Tanzil text. Translations, hadith editions, curricula and commentaries need item-level rights clearance; benchmark sources confer no copying right.","Planned, not publication-approved: named Islamic reviewer and source packet required; fiqh/aqidah-sensitive claims remain blocked until scope and valid differences are declared.","Не требуется","Qualified Islamic educator for prayer learning, not fatwa; fiqh/aqidah/hadith specialist where applicable; safeguarding professional for youth modules"
"FND-063","Foundations/Academy","Prayer","63","Понимать место молитвы, prerequisites and learning sequence: Ключевая лексика","Корректно использовать базовые термины темы «Понимать место молитвы, prerequisites and learning sequence» и отмечать слова, требующие перевода/пояснения.","Beginner 1","FND-062","Quran 2:43; 4:103; declared fiqh-track manual not yet selected; curriculum design benchmarks only: Cambridge IGCSE Islamiyat 0493 (https://www.cambridgeinternational.org/programmes-and-qualifications/cambridge-igcse-islamiyat-0493/) and Yaqeen Curriculum (https://yaqeeninstitute.org/curriculum)","Muslingo-original outline. Quran quotations may use attributed verbatim Tanzil text. Translations, hadith editions, curricula and commentaries need item-level rights clearance; benchmark sources confer no copying right.","Planned, not publication-approved: named Islamic reviewer and source packet required; fiqh/aqidah-sensitive claims remain blocked until scope and valid differences are declared.","Опционально: терминологическая анимация","Qualified Islamic educator for prayer learning, not fatwa; fiqh/aqidah/hadith specialist where applicable; safeguarding professional for youth modules"
"FND-064","Foundations/Academy","Prayer","64","Понимать место молитвы, prerequisites and learning sequence: Направляемое чтение доказательств","Находить указанные аяты или источник по локатору для темы «Понимать место молитвы, prerequisites and learning sequence», отделяя цитату от редакционного объяснения.","Beginner 2","FND-063","Quran 2:43; 4:103; declared fiqh-track manual not yet selected; curriculum design benchmarks only: Cambridge IGCSE Islamiyat 0493 (https://www.cambridgeinternational.org/programmes-and-qualifications/cambridge-igcse-islamiyat-0493/) and Yaqeen Curriculum (https://yaqeeninstitute.org/curriculum)","Muslingo-original outline. Quran quotations may use attributed verbatim Tanzil text. Translations, hadith editions, curricula and commentaries need item-level rights clearance; benchmark sources confer no copying right.","Planned, not publication-approved: named Islamic reviewer and source packet required; fiqh/aqidah-sensitive claims remain blocked until scope and valid differences are declared.","Рекомендуется: source walkthrough","Qualified Islamic educator for prayer learning, not fatwa; fiqh/aqidah/hadith specialist where applicable; safeguarding professional for youth modules"
"FND-065","Foundations/Academy","Prayer","65","Понимать место молитвы, prerequisites and learning sequence: Сценарий применения","Разобрать безопасный бытовой сценарий по теме «Понимать место молитвы, prerequisites and learning sequence» с несколькими правдоподобными вариантами и объяснением границ.","Intermediate 1","FND-064","Quran 2:43; 4:103; declared fiqh-track manual not yet selected; curriculum design benchmarks only: Cambridge IGCSE Islamiyat 0493 (https://www.cambridgeinternational.org/programmes-and-qualifications/cambridge-igcse-islamiyat-0493/) and Yaqeen Curriculum (https://yaqeeninstitute.org/curriculum)","Muslingo-original outline. Quran quotations may use attributed verbatim Tanzil text. Translations, hadith editions, curricula and commentaries need item-level rights clearance; benchmark sources confer no copying right.","Planned, not publication-approved: named Islamic reviewer and source packet required; fiqh/aqidah-sensitive claims remain blocked until scope and valid differences are declared.","Рекомендуется: сценка без изображения пророков","Qualified Islamic educator for prayer learning, not fatwa; fiqh/aqidah/hadith specialist where applicable; safeguarding professional for youth modules"
"FND-066","Foundations/Academy","Prayer","66","Понимать место молитвы, prerequisites and learning sequence: Типичная ошибка мышления","Распознать распространённое смешение источников или чрезмерное обобщение в теме «Понимать место молитвы, prerequisites and learning sequence».","Intermediate 1","FND-065","Quran 2:43; 4:103; declared fiqh-track manual not yet selected; curriculum design benchmarks only: Cambridge IGCSE Islamiyat 0493 (https://www.cambridgeinternational.org/programmes-and-qualifications/cambridge-igcse-islamiyat-0493/) and Yaqeen Curriculum (https://yaqeeninstitute.org/curriculum)","Muslingo-original outline. Quran quotations may use attributed verbatim Tanzil text. Translations, hadith editions, curricula and commentaries need item-level rights clearance; benchmark sources confer no copying right.","Planned, not publication-approved: named Islamic reviewer and source packet required; fiqh/aqidah-sensitive claims remain blocked until scope and valid differences are declared.","Опционально","Qualified Islamic educator for prayer learning, not fatwa; fiqh/aqidah/hadith specialist where applicable; safeguarding professional for youth modules"
"FND-067","Foundations/Academy","Prayer","67","Понимать место молитвы, prerequisites and learning sequence: Различия и направление к специалисту","Отметить, где по теме «Понимать место молитвы, prerequisites and learning sequence» возможны действительные различия, и сформулировать вопрос специалисту без самовольного решения.","Intermediate 1","FND-066","Quran 2:43; 4:103; declared fiqh-track manual not yet selected; curriculum design benchmarks only: Cambridge IGCSE Islamiyat 0493 (https://www.cambridgeinternational.org/programmes-and-qualifications/cambridge-igcse-islamiyat-0493/) and Yaqeen Curriculum (https://yaqeeninstitute.org/curriculum)","Muslingo-original outline. Quran quotations may use attributed verbatim Tanzil text. Translations, hadith editions, curricula and commentaries need item-level rights clearance; benchmark sources confer no copying right.","Planned, not publication-approved: named Islamic reviewer and source packet required; fiqh/aqidah-sensitive claims remain blocked until scope and valid differences are declared.","Рекомендуется: два корректных reviewer perspectives","Qualified Islamic educator for prayer learning, not fatwa; fiqh/aqidah/hadith specialist where applicable; safeguarding professional for youth modules"
"FND-068","Foundations/Academy","Prayer","68","Понимать место молитвы, prerequisites and learning sequence: Личная практика без публичной оценки","Составить приватное небольшое действие или план по теме «Понимать место молитвы, prerequisites and learning sequence» без рейтинга религиозности и публикации личных данных.","Intermediate 1","FND-067","Quran 2:43; 4:103; declared fiqh-track manual not yet selected; curriculum design benchmarks only: Cambridge IGCSE Islamiyat 0493 (https://www.cambridgeinternational.org/programmes-and-qualifications/cambridge-igcse-islamiyat-0493/) and Yaqeen Curriculum (https://yaqeeninstitute.org/curriculum)","Muslingo-original outline. Quran quotations may use attributed verbatim Tanzil text. Translations, hadith editions, curricula and commentaries need item-level rights clearance; benchmark sources confer no copying right.","Planned, not publication-approved: named Islamic reviewer and source packet required; fiqh/aqidah-sensitive claims remain blocked until scope and valid differences are declared.","Не требуется","Qualified Islamic educator for prayer learning, not fatwa; fiqh/aqidah/hadith specialist where applicable; safeguarding professional for youth modules"
"FND-069","Foundations/Academy","Prayer","69","Понимать место молитвы, prerequisites and learning sequence: Отложенное извлечение","Через интервал восстановить ключевые понятия и источниковые границы темы «Понимать место молитвы, prerequisites and learning sequence» без подсказки.","Intermediate 2","предыдущий модуль и интервал 48 часов","Quran 2:43; 4:103; declared fiqh-track manual not yet selected; curriculum design benchmarks only: Cambridge IGCSE Islamiyat 0493 (https://www.cambridgeinternational.org/programmes-and-qualifications/cambridge-igcse-islamiyat-0493/) and Yaqeen Curriculum (https://yaqeeninstitute.org/curriculum)","Muslingo-original outline. Quran quotations may use attributed verbatim Tanzil text. Translations, hadith editions, curricula and commentaries need item-level rights clearance; benchmark sources confer no copying right.","Planned, not publication-approved: named Islamic reviewer and source packet required; fiqh/aqidah-sensitive claims remain blocked until scope and valid differences are declared.","Не требуется","Qualified Islamic educator for prayer learning, not fatwa; fiqh/aqidah/hadith specialist where applicable; safeguarding professional for youth modules"
"FND-070","Foundations/Academy","Prayer","70","Понимать место молитвы, prerequisites and learning sequence: Итоговое объяснение с источниками","Дать краткое, нейтральное и цитируемое объяснение темы «Понимать место молитвы, prerequisites and learning sequence», явно указав неизвестное и маршрут эскалации.","Intermediate 2","FND-069","Quran 2:43; 4:103; declared fiqh-track manual not yet selected; curriculum design benchmarks only: Cambridge IGCSE Islamiyat 0493 (https://www.cambridgeinternational.org/programmes-and-qualifications/cambridge-igcse-islamiyat-0493/) and Yaqeen Curriculum (https://yaqeeninstitute.org/curriculum)","Muslingo-original outline. Quran quotations may use attributed verbatim Tanzil text. Translations, hadith editions, curricula and commentaries need item-level rights clearance; benchmark sources confer no copying right.","Planned, not publication-approved: named Islamic reviewer and source packet required; fiqh/aqidah-sensitive claims remain blocked until scope and valid differences are declared.","Рекомендуется: разбор эксперта","Qualified Islamic educator for prayer learning, not fatwa; fiqh/aqidah/hadith specialist where applicable; safeguarding professional for youth modules"
"FND-071","Foundations/Academy","Fasting and Ramadan","71","Понимать цели, рамки и безопасную маршрутизацию вопросов поста: Ориентация и границы","Объяснить, что включает тема «Понимать цели, рамки и безопасную маршрутизацию вопросов поста», чего модуль не решает и когда нужен квалифицированный специалист.","Beginner 1","Не требуется","Quran 2:183-187; declared fiqh-track manual not yet selected; curriculum design benchmarks only: Cambridge IGCSE Islamiyat 0493 (https://www.cambridgeinternational.org/programmes-and-qualifications/cambridge-igcse-islamiyat-0493/) and Yaqeen Curriculum (https://yaqeeninstitute.org/curriculum)","Muslingo-original outline. Quran quotations may use attributed verbatim Tanzil text. Translations, hadith editions, curricula and commentaries need item-level rights clearance; benchmark sources confer no copying right.","Planned, not publication-approved: named Islamic reviewer and source packet required; fiqh/aqidah-sensitive claims remain blocked until scope and valid differences are declared.","Рекомендуется: короткое введение","Qualified Islamic educator for fasting literacy and referrals; fiqh/aqidah/hadith specialist where applicable; safeguarding professional for youth modules"
"FND-072","Foundations/Academy","Fasting and Ramadan","72","Понимать цели, рамки и безопасную маршрутизацию вопросов поста: Карта источников","Сопоставить ключевые типы источников для темы «Понимать цели, рамки и безопасную маршрутизацию вопросов поста» и не выдавать учебный обзор за фетву.","Beginner 1","FND-071","Quran 2:183-187; declared fiqh-track manual not yet selected; curriculum design benchmarks only: Cambridge IGCSE Islamiyat 0493 (https://www.cambridgeinternational.org/programmes-and-qualifications/cambridge-igcse-islamiyat-0493/) and Yaqeen Curriculum (https://yaqeeninstitute.org/curriculum)","Muslingo-original outline. Quran quotations may use attributed verbatim Tanzil text. Translations, hadith editions, curricula and commentaries need item-level rights clearance; benchmark sources confer no copying right.","Planned, not publication-approved: named Islamic reviewer and source packet required; fiqh/aqidah-sensitive claims remain blocked until scope and valid differences are declared.","Не требуется","Qualified Islamic educator for fasting literacy and referrals; fiqh/aqidah/hadith specialist where applicable; safeguarding professional for youth modules"
"FND-073","Foundations/Academy","Fasting and Ramadan","73","Понимать цели, рамки и безопасную маршрутизацию вопросов поста: Ключевая лексика","Корректно использовать базовые термины темы «Понимать цели, рамки и безопасную маршрутизацию вопросов поста» и отмечать слова, требующие перевода/пояснения.","Beginner 1","FND-072","Quran 2:183-187; declared fiqh-track manual not yet selected; curriculum design benchmarks only: Cambridge IGCSE Islamiyat 0493 (https://www.cambridgeinternational.org/programmes-and-qualifications/cambridge-igcse-islamiyat-0493/) and Yaqeen Curriculum (https://yaqeeninstitute.org/curriculum)","Muslingo-original outline. Quran quotations may use attributed verbatim Tanzil text. Translations, hadith editions, curricula and commentaries need item-level rights clearance; benchmark sources confer no copying right.","Planned, not publication-approved: named Islamic reviewer and source packet required; fiqh/aqidah-sensitive claims remain blocked until scope and valid differences are declared.","Опционально: терминологическая анимация","Qualified Islamic educator for fasting literacy and referrals; fiqh/aqidah/hadith specialist where applicable; safeguarding professional for youth modules"
"FND-074","Foundations/Academy","Fasting and Ramadan","74","Понимать цели, рамки и безопасную маршрутизацию вопросов поста: Направляемое чтение доказательств","Находить указанные аяты или источник по локатору для темы «Понимать цели, рамки и безопасную маршрутизацию вопросов поста», отделяя цитату от редакционного объяснения.","Beginner 2","FND-073","Quran 2:183-187; declared fiqh-track manual not yet selected; curriculum design benchmarks only: Cambridge IGCSE Islamiyat 0493 (https://www.cambridgeinternational.org/programmes-and-qualifications/cambridge-igcse-islamiyat-0493/) and Yaqeen Curriculum (https://yaqeeninstitute.org/curriculum)","Muslingo-original outline. Quran quotations may use attributed verbatim Tanzil text. Translations, hadith editions, curricula and commentaries need item-level rights clearance; benchmark sources confer no copying right.","Planned, not publication-approved: named Islamic reviewer and source packet required; fiqh/aqidah-sensitive claims remain blocked until scope and valid differences are declared.","Рекомендуется: source walkthrough","Qualified Islamic educator for fasting literacy and referrals; fiqh/aqidah/hadith specialist where applicable; safeguarding professional for youth modules"
"FND-075","Foundations/Academy","Fasting and Ramadan","75","Понимать цели, рамки и безопасную маршрутизацию вопросов поста: Сценарий применения","Разобрать безопасный бытовой сценарий по теме «Понимать цели, рамки и безопасную маршрутизацию вопросов поста» с несколькими правдоподобными вариантами и объяснением границ.","Intermediate 1","FND-074","Quran 2:183-187; declared fiqh-track manual not yet selected; curriculum design benchmarks only: Cambridge IGCSE Islamiyat 0493 (https://www.cambridgeinternational.org/programmes-and-qualifications/cambridge-igcse-islamiyat-0493/) and Yaqeen Curriculum (https://yaqeeninstitute.org/curriculum)","Muslingo-original outline. Quran quotations may use attributed verbatim Tanzil text. Translations, hadith editions, curricula and commentaries need item-level rights clearance; benchmark sources confer no copying right.","Planned, not publication-approved: named Islamic reviewer and source packet required; fiqh/aqidah-sensitive claims remain blocked until scope and valid differences are declared.","Рекомендуется: сценка без изображения пророков","Qualified Islamic educator for fasting literacy and referrals; fiqh/aqidah/hadith specialist where applicable; safeguarding professional for youth modules"
"FND-076","Foundations/Academy","Fasting and Ramadan","76","Понимать цели, рамки и безопасную маршрутизацию вопросов поста: Типичная ошибка мышления","Распознать распространённое смешение источников или чрезмерное обобщение в теме «Понимать цели, рамки и безопасную маршрутизацию вопросов поста».","Intermediate 1","FND-075","Quran 2:183-187; declared fiqh-track manual not yet selected; curriculum design benchmarks only: Cambridge IGCSE Islamiyat 0493 (https://www.cambridgeinternational.org/programmes-and-qualifications/cambridge-igcse-islamiyat-0493/) and Yaqeen Curriculum (https://yaqeeninstitute.org/curriculum)","Muslingo-original outline. Quran quotations may use attributed verbatim Tanzil text. Translations, hadith editions, curricula and commentaries need item-level rights clearance; benchmark sources confer no copying right.","Planned, not publication-approved: named Islamic reviewer and source packet required; fiqh/aqidah-sensitive claims remain blocked until scope and valid differences are declared.","Опционально","Qualified Islamic educator for fasting literacy and referrals; fiqh/aqidah/hadith specialist where applicable; safeguarding professional for youth modules"
"FND-077","Foundations/Academy","Fasting and Ramadan","77","Понимать цели, рамки и безопасную маршрутизацию вопросов поста: Различия и направление к специалисту","Отметить, где по теме «Понимать цели, рамки и безопасную маршрутизацию вопросов поста» возможны действительные различия, и сформулировать вопрос специалисту без самовольного решения.","Intermediate 1","FND-076","Quran 2:183-187; declared fiqh-track manual not yet selected; curriculum design benchmarks only: Cambridge IGCSE Islamiyat 0493 (https://www.cambridgeinternational.org/programmes-and-qualifications/cambridge-igcse-islamiyat-0493/) and Yaqeen Curriculum (https://yaqeeninstitute.org/curriculum)","Muslingo-original outline. Quran quotations may use attributed verbatim Tanzil text. Translations, hadith editions, curricula and commentaries need item-level rights clearance; benchmark sources confer no copying right.","Planned, not publication-approved: named Islamic reviewer and source packet required; fiqh/aqidah-sensitive claims remain blocked until scope and valid differences are declared.","Рекомендуется: два корректных reviewer perspectives","Qualified Islamic educator for fasting literacy and referrals; fiqh/aqidah/hadith specialist where applicable; safeguarding professional for youth modules"
"FND-078","Foundations/Academy","Fasting and Ramadan","78","Понимать цели, рамки и безопасную маршрутизацию вопросов поста: Личная практика без публичной оценки","Составить приватное небольшое действие или план по теме «Понимать цели, рамки и безопасную маршрутизацию вопросов поста» без рейтинга религиозности и публикации личных данных.","Intermediate 1","FND-077","Quran 2:183-187; declared fiqh-track manual not yet selected; curriculum design benchmarks only: Cambridge IGCSE Islamiyat 0493 (https://www.cambridgeinternational.org/programmes-and-qualifications/cambridge-igcse-islamiyat-0493/) and Yaqeen Curriculum (https://yaqeeninstitute.org/curriculum)","Muslingo-original outline. Quran quotations may use attributed verbatim Tanzil text. Translations, hadith editions, curricula and commentaries need item-level rights clearance; benchmark sources confer no copying right.","Planned, not publication-approved: named Islamic reviewer and source packet required; fiqh/aqidah-sensitive claims remain blocked until scope and valid differences are declared.","Не требуется","Qualified Islamic educator for fasting literacy and referrals; fiqh/aqidah/hadith specialist where applicable; safeguarding professional for youth modules"
"FND-079","Foundations/Academy","Fasting and Ramadan","79","Понимать цели, рамки и безопасную маршрутизацию вопросов поста: Отложенное извлечение","Через интервал восстановить ключевые понятия и источниковые границы темы «Понимать цели, рамки и безопасную маршрутизацию вопросов поста» без подсказки.","Intermediate 2","предыдущий модуль и интервал 48 часов","Quran 2:183-187; declared fiqh-track manual not yet selected; curriculum design benchmarks only: Cambridge IGCSE Islamiyat 0493 (https://www.cambridgeinternational.org/programmes-and-qualifications/cambridge-igcse-islamiyat-0493/) and Yaqeen Curriculum (https://yaqeeninstitute.org/curriculum)","Muslingo-original outline. Quran quotations may use attributed verbatim Tanzil text. Translations, hadith editions, curricula and commentaries need item-level rights clearance; benchmark sources confer no copying right.","Planned, not publication-approved: named Islamic reviewer and source packet required; fiqh/aqidah-sensitive claims remain blocked until scope and valid differences are declared.","Не требуется","Qualified Islamic educator for fasting literacy and referrals; fiqh/aqidah/hadith specialist where applicable; safeguarding professional for youth modules"
"FND-080","Foundations/Academy","Fasting and Ramadan","80","Понимать цели, рамки и безопасную маршрутизацию вопросов поста: Итоговое объяснение с источниками","Дать краткое, нейтральное и цитируемое объяснение темы «Понимать цели, рамки и безопасную маршрутизацию вопросов поста», явно указав неизвестное и маршрут эскалации.","Intermediate 2","FND-079","Quran 2:183-187; declared fiqh-track manual not yet selected; curriculum design benchmarks only: Cambridge IGCSE Islamiyat 0493 (https://www.cambridgeinternational.org/programmes-and-qualifications/cambridge-igcse-islamiyat-0493/) and Yaqeen Curriculum (https://yaqeeninstitute.org/curriculum)","Muslingo-original outline. Quran quotations may use attributed verbatim Tanzil text. Translations, hadith editions, curricula and commentaries need item-level rights clearance; benchmark sources confer no copying right.","Planned, not publication-approved: named Islamic reviewer and source packet required; fiqh/aqidah-sensitive claims remain blocked until scope and valid differences are declared.","Рекомендуется: разбор эксперта","Qualified Islamic educator for fasting literacy and referrals; fiqh/aqidah/hadith specialist where applicable; safeguarding professional for youth modules"
"FND-081","Foundations/Academy","Zakat and generosity","81","Различать общую этику милосердия и формальные вопросы zakat: Ориентация и границы","Объяснить, что включает тема «Различать общую этику милосердия и формальные вопросы zakat», чего модуль не решает и когда нужен квалифицированный специалист.","Beginner 1","Не требуется","Quran 2:177; 9:60; declared fiqh-track manual not yet selected; curriculum design benchmarks only: Cambridge IGCSE Islamiyat 0493 (https://www.cambridgeinternational.org/programmes-and-qualifications/cambridge-igcse-islamiyat-0493/) and Yaqeen Curriculum (https://yaqeeninstitute.org/curriculum)","Muslingo-original outline. Quran quotations may use attributed verbatim Tanzil text. Translations, hadith editions, curricula and commentaries need item-level rights clearance; benchmark sources confer no copying right.","Planned, not publication-approved: named Islamic reviewer and source packet required; fiqh/aqidah-sensitive claims remain blocked until scope and valid differences are declared.","Рекомендуется: короткое введение","Qualified Islamic educator for ethics versus legal calculation; fiqh/aqidah/hadith specialist where applicable; safeguarding professional for youth modules"
"FND-082","Foundations/Academy","Zakat and generosity","82","Различать общую этику милосердия и формальные вопросы zakat: Карта источников","Сопоставить ключевые типы источников для темы «Различать общую этику милосердия и формальные вопросы zakat» и не выдавать учебный обзор за фетву.","Beginner 1","FND-081","Quran 2:177; 9:60; declared fiqh-track manual not yet selected; curriculum design benchmarks only: Cambridge IGCSE Islamiyat 0493 (https://www.cambridgeinternational.org/programmes-and-qualifications/cambridge-igcse-islamiyat-0493/) and Yaqeen Curriculum (https://yaqeeninstitute.org/curriculum)","Muslingo-original outline. Quran quotations may use attributed verbatim Tanzil text. Translations, hadith editions, curricula and commentaries need item-level rights clearance; benchmark sources confer no copying right.","Planned, not publication-approved: named Islamic reviewer and source packet required; fiqh/aqidah-sensitive claims remain blocked until scope and valid differences are declared.","Не требуется","Qualified Islamic educator for ethics versus legal calculation; fiqh/aqidah/hadith specialist where applicable; safeguarding professional for youth modules"
"FND-083","Foundations/Academy","Zakat and generosity","83","Различать общую этику милосердия и формальные вопросы zakat: Ключевая лексика","Корректно использовать базовые термины темы «Различать общую этику милосердия и формальные вопросы zakat» и отмечать слова, требующие перевода/пояснения.","Beginner 1","FND-082","Quran 2:177; 9:60; declared fiqh-track manual not yet selected; curriculum design benchmarks only: Cambridge IGCSE Islamiyat 0493 (https://www.cambridgeinternational.org/programmes-and-qualifications/cambridge-igcse-islamiyat-0493/) and Yaqeen Curriculum (https://yaqeeninstitute.org/curriculum)","Muslingo-original outline. Quran quotations may use attributed verbatim Tanzil text. Translations, hadith editions, curricula and commentaries need item-level rights clearance; benchmark sources confer no copying right.","Planned, not publication-approved: named Islamic reviewer and source packet required; fiqh/aqidah-sensitive claims remain blocked until scope and valid differences are declared.","Опционально: терминологическая анимация","Qualified Islamic educator for ethics versus legal calculation; fiqh/aqidah/hadith specialist where applicable; safeguarding professional for youth modules"
"FND-084","Foundations/Academy","Zakat and generosity","84","Различать общую этику милосердия и формальные вопросы zakat: Направляемое чтение доказательств","Находить указанные аяты или источник по локатору для темы «Различать общую этику милосердия и формальные вопросы zakat», отделяя цитату от редакционного объяснения.","Beginner 2","FND-083","Quran 2:177; 9:60; declared fiqh-track manual not yet selected; curriculum design benchmarks only: Cambridge IGCSE Islamiyat 0493 (https://www.cambridgeinternational.org/programmes-and-qualifications/cambridge-igcse-islamiyat-0493/) and Yaqeen Curriculum (https://yaqeeninstitute.org/curriculum)","Muslingo-original outline. Quran quotations may use attributed verbatim Tanzil text. Translations, hadith editions, curricula and commentaries need item-level rights clearance; benchmark sources confer no copying right.","Planned, not publication-approved: named Islamic reviewer and source packet required; fiqh/aqidah-sensitive claims remain blocked until scope and valid differences are declared.","Рекомендуется: source walkthrough","Qualified Islamic educator for ethics versus legal calculation; fiqh/aqidah/hadith specialist where applicable; safeguarding professional for youth modules"
"FND-085","Foundations/Academy","Zakat and generosity","85","Различать общую этику милосердия и формальные вопросы zakat: Сценарий применения","Разобрать безопасный бытовой сценарий по теме «Различать общую этику милосердия и формальные вопросы zakat» с несколькими правдоподобными вариантами и объяснением границ.","Intermediate 1","FND-084","Quran 2:177; 9:60; declared fiqh-track manual not yet selected; curriculum design benchmarks only: Cambridge IGCSE Islamiyat 0493 (https://www.cambridgeinternational.org/programmes-and-qualifications/cambridge-igcse-islamiyat-0493/) and Yaqeen Curriculum (https://yaqeeninstitute.org/curriculum)","Muslingo-original outline. Quran quotations may use attributed verbatim Tanzil text. Translations, hadith editions, curricula and commentaries need item-level rights clearance; benchmark sources confer no copying right.","Planned, not publication-approved: named Islamic reviewer and source packet required; fiqh/aqidah-sensitive claims remain blocked until scope and valid differences are declared.","Рекомендуется: сценка без изображения пророков","Qualified Islamic educator for ethics versus legal calculation; fiqh/aqidah/hadith specialist where applicable; safeguarding professional for youth modules"
"FND-086","Foundations/Academy","Zakat and generosity","86","Различать общую этику милосердия и формальные вопросы zakat: Типичная ошибка мышления","Распознать распространённое смешение источников или чрезмерное обобщение в теме «Различать общую этику милосердия и формальные вопросы zakat».","Intermediate 1","FND-085","Quran 2:177; 9:60; declared fiqh-track manual not yet selected; curriculum design benchmarks only: Cambridge IGCSE Islamiyat 0493 (https://www.cambridgeinternational.org/programmes-and-qualifications/cambridge-igcse-islamiyat-0493/) and Yaqeen Curriculum (https://yaqeeninstitute.org/curriculum)","Muslingo-original outline. Quran quotations may use attributed verbatim Tanzil text. Translations, hadith editions, curricula and commentaries need item-level rights clearance; benchmark sources confer no copying right.","Planned, not publication-approved: named Islamic reviewer and source packet required; fiqh/aqidah-sensitive claims remain blocked until scope and valid differences are declared.","Опционально","Qualified Islamic educator for ethics versus legal calculation; fiqh/aqidah/hadith specialist where applicable; safeguarding professional for youth modules"
"FND-087","Foundations/Academy","Zakat and generosity","87","Различать общую этику милосердия и формальные вопросы zakat: Различия и направление к специалисту","Отметить, где по теме «Различать общую этику милосердия и формальные вопросы zakat» возможны действительные различия, и сформулировать вопрос специалисту без самовольного решения.","Intermediate 1","FND-086","Quran 2:177; 9:60; declared fiqh-track manual not yet selected; curriculum design benchmarks only: Cambridge IGCSE Islamiyat 0493 (https://www.cambridgeinternational.org/programmes-and-qualifications/cambridge-igcse-islamiyat-0493/) and Yaqeen Curriculum (https://yaqeeninstitute.org/curriculum)","Muslingo-original outline. Quran quotations may use attributed verbatim Tanzil text. Translations, hadith editions, curricula and commentaries need item-level rights clearance; benchmark sources confer no copying right.","Planned, not publication-approved: named Islamic reviewer and source packet required; fiqh/aqidah-sensitive claims remain blocked until scope and valid differences are declared.","Рекомендуется: два корректных reviewer perspectives","Qualified Islamic educator for ethics versus legal calculation; fiqh/aqidah/hadith specialist where applicable; safeguarding professional for youth modules"
"FND-088","Foundations/Academy","Zakat and generosity","88","Различать общую этику милосердия и формальные вопросы zakat: Личная практика без публичной оценки","Составить приватное небольшое действие или план по теме «Различать общую этику милосердия и формальные вопросы zakat» без рейтинга религиозности и публикации личных данных.","Intermediate 1","FND-087","Quran 2:177; 9:60; declared fiqh-track manual not yet selected; curriculum design benchmarks only: Cambridge IGCSE Islamiyat 0493 (https://www.cambridgeinternational.org/programmes-and-qualifications/cambridge-igcse-islamiyat-0493/) and Yaqeen Curriculum (https://yaqeeninstitute.org/curriculum)","Muslingo-original outline. Quran quotations may use attributed verbatim Tanzil text. Translations, hadith editions, curricula and commentaries need item-level rights clearance; benchmark sources confer no copying right.","Planned, not publication-approved: named Islamic reviewer and source packet required; fiqh/aqidah-sensitive claims remain blocked until scope and valid differences are declared.","Не требуется","Qualified Islamic educator for ethics versus legal calculation; fiqh/aqidah/hadith specialist where applicable; safeguarding professional for youth modules"
"FND-089","Foundations/Academy","Zakat and generosity","89","Различать общую этику милосердия и формальные вопросы zakat: Отложенное извлечение","Через интервал восстановить ключевые понятия и источниковые границы темы «Различать общую этику милосердия и формальные вопросы zakat» без подсказки.","Intermediate 2","предыдущий модуль и интервал 48 часов","Quran 2:177; 9:60; declared fiqh-track manual not yet selected; curriculum design benchmarks only: Cambridge IGCSE Islamiyat 0493 (https://www.cambridgeinternational.org/programmes-and-qualifications/cambridge-igcse-islamiyat-0493/) and Yaqeen Curriculum (https://yaqeeninstitute.org/curriculum)","Muslingo-original outline. Quran quotations may use attributed verbatim Tanzil text. Translations, hadith editions, curricula and commentaries need item-level rights clearance; benchmark sources confer no copying right.","Planned, not publication-approved: named Islamic reviewer and source packet required; fiqh/aqidah-sensitive claims remain blocked until scope and valid differences are declared.","Не требуется","Qualified Islamic educator for ethics versus legal calculation; fiqh/aqidah/hadith specialist where applicable; safeguarding professional for youth modules"
"FND-090","Foundations/Academy","Zakat and generosity","90","Различать общую этику милосердия и формальные вопросы zakat: Итоговое объяснение с источниками","Дать краткое, нейтральное и цитируемое объяснение темы «Различать общую этику милосердия и формальные вопросы zakat», явно указав неизвестное и маршрут эскалации.","Intermediate 2","FND-089","Quran 2:177; 9:60; declared fiqh-track manual not yet selected; curriculum design benchmarks only: Cambridge IGCSE Islamiyat 0493 (https://www.cambridgeinternational.org/programmes-and-qualifications/cambridge-igcse-islamiyat-0493/) and Yaqeen Curriculum (https://yaqeeninstitute.org/curriculum)","Muslingo-original outline. Quran quotations may use attributed verbatim Tanzil text. Translations, hadith editions, curricula and commentaries need item-level rights clearance; benchmark sources confer no copying right.","Planned, not publication-approved: named Islamic reviewer and source packet required; fiqh/aqidah-sensitive claims remain blocked until scope and valid differences are declared.","Рекомендуется: разбор эксперта","Qualified Islamic educator for ethics versus legal calculation; fiqh/aqidah/hadith specialist where applicable; safeguarding professional for youth modules"
"FND-091","Foundations/Academy","Hajj and Umrah","91","Понимать базовую карту паломничества без персональных rulings: Ориентация и границы","Объяснить, что включает тема «Понимать базовую карту паломничества без персональных rulings», чего модуль не решает и когда нужен квалифицированный специалист.","Beginner 1","Не требуется","Quran 2:196-203; 3:97; declared fiqh-track manual not yet selected; curriculum design benchmarks only: Cambridge IGCSE Islamiyat 0493 (https://www.cambridgeinternational.org/programmes-and-qualifications/cambridge-igcse-islamiyat-0493/) and Yaqeen Curriculum (https://yaqeeninstitute.org/curriculum)","Muslingo-original outline. Quran quotations may use attributed verbatim Tanzil text. Translations, hadith editions, curricula and commentaries need item-level rights clearance; benchmark sources confer no copying right.","Planned, not publication-approved: named Islamic reviewer and source packet required; fiqh/aqidah-sensitive claims remain blocked until scope and valid differences are declared.","Рекомендуется: короткое введение","Qualified Islamic educator for sequence and referral; fiqh/aqidah/hadith specialist where applicable; safeguarding professional for youth modules"
"FND-092","Foundations/Academy","Hajj and Umrah","92","Понимать базовую карту паломничества без персональных rulings: Карта источников","Сопоставить ключевые типы источников для темы «Понимать базовую карту паломничества без персональных rulings» и не выдавать учебный обзор за фетву.","Beginner 1","FND-091","Quran 2:196-203; 3:97; declared fiqh-track manual not yet selected; curriculum design benchmarks only: Cambridge IGCSE Islamiyat 0493 (https://www.cambridgeinternational.org/programmes-and-qualifications/cambridge-igcse-islamiyat-0493/) and Yaqeen Curriculum (https://yaqeeninstitute.org/curriculum)","Muslingo-original outline. Quran quotations may use attributed verbatim Tanzil text. Translations, hadith editions, curricula and commentaries need item-level rights clearance; benchmark sources confer no copying right.","Planned, not publication-approved: named Islamic reviewer and source packet required; fiqh/aqidah-sensitive claims remain blocked until scope and valid differences are declared.","Не требуется","Qualified Islamic educator for sequence and referral; fiqh/aqidah/hadith specialist where applicable; safeguarding professional for youth modules"
"FND-093","Foundations/Academy","Hajj and Umrah","93","Понимать базовую карту паломничества без персональных rulings: Ключевая лексика","Корректно использовать базовые термины темы «Понимать базовую карту паломничества без персональных rulings» и отмечать слова, требующие перевода/пояснения.","Beginner 1","FND-092","Quran 2:196-203; 3:97; declared fiqh-track manual not yet selected; curriculum design benchmarks only: Cambridge IGCSE Islamiyat 0493 (https://www.cambridgeinternational.org/programmes-and-qualifications/cambridge-igcse-islamiyat-0493/) and Yaqeen Curriculum (https://yaqeeninstitute.org/curriculum)","Muslingo-original outline. Quran quotations may use attributed verbatim Tanzil text. Translations, hadith editions, curricula and commentaries need item-level rights clearance; benchmark sources confer no copying right.","Planned, not publication-approved: named Islamic reviewer and source packet required; fiqh/aqidah-sensitive claims remain blocked until scope and valid differences are declared.","Опционально: терминологическая анимация","Qualified Islamic educator for sequence and referral; fiqh/aqidah/hadith specialist where applicable; safeguarding professional for youth modules"
"FND-094","Foundations/Academy","Hajj and Umrah","94","Понимать базовую карту паломничества без персональных rulings: Направляемое чтение доказательств","Находить указанные аяты или источник по локатору для темы «Понимать базовую карту паломничества без персональных rulings», отделяя цитату от редакционного объяснения.","Beginner 2","FND-093","Quran 2:196-203; 3:97; declared fiqh-track manual not yet selected; curriculum design benchmarks only: Cambridge IGCSE Islamiyat 0493 (https://www.cambridgeinternational.org/programmes-and-qualifications/cambridge-igcse-islamiyat-0493/) and Yaqeen Curriculum (https://yaqeeninstitute.org/curriculum)","Muslingo-original outline. Quran quotations may use attributed verbatim Tanzil text. Translations, hadith editions, curricula and commentaries need item-level rights clearance; benchmark sources confer no copying right.","Planned, not publication-approved: named Islamic reviewer and source packet required; fiqh/aqidah-sensitive claims remain blocked until scope and valid differences are declared.","Рекомендуется: source walkthrough","Qualified Islamic educator for sequence and referral; fiqh/aqidah/hadith specialist where applicable; safeguarding professional for youth modules"
"FND-095","Foundations/Academy","Hajj and Umrah","95","Понимать базовую карту паломничества без персональных rulings: Сценарий применения","Разобрать безопасный бытовой сценарий по теме «Понимать базовую карту паломничества без персональных rulings» с несколькими правдоподобными вариантами и объяснением границ.","Intermediate 1","FND-094","Quran 2:196-203; 3:97; declared fiqh-track manual not yet selected; curriculum design benchmarks only: Cambridge IGCSE Islamiyat 0493 (https://www.cambridgeinternational.org/programmes-and-qualifications/cambridge-igcse-islamiyat-0493/) and Yaqeen Curriculum (https://yaqeeninstitute.org/curriculum)","Muslingo-original outline. Quran quotations may use attributed verbatim Tanzil text. Translations, hadith editions, curricula and commentaries need item-level rights clearance; benchmark sources confer no copying right.","Planned, not publication-approved: named Islamic reviewer and source packet required; fiqh/aqidah-sensitive claims remain blocked until scope and valid differences are declared.","Рекомендуется: сценка без изображения пророков","Qualified Islamic educator for sequence and referral; fiqh/aqidah/hadith specialist where applicable; safeguarding professional for youth modules"
"FND-096","Foundations/Academy","Hajj and Umrah","96","Понимать базовую карту паломничества без персональных rulings: Типичная ошибка мышления","Распознать распространённое смешение источников или чрезмерное обобщение в теме «Понимать базовую карту паломничества без персональных rulings».","Intermediate 1","FND-095","Quran 2:196-203; 3:97; declared fiqh-track manual not yet selected; curriculum design benchmarks only: Cambridge IGCSE Islamiyat 0493 (https://www.cambridgeinternational.org/programmes-and-qualifications/cambridge-igcse-islamiyat-0493/) and Yaqeen Curriculum (https://yaqeeninstitute.org/curriculum)","Muslingo-original outline. Quran quotations may use attributed verbatim Tanzil text. Translations, hadith editions, curricula and commentaries need item-level rights clearance; benchmark sources confer no copying right.","Planned, not publication-approved: named Islamic reviewer and source packet required; fiqh/aqidah-sensitive claims remain blocked until scope and valid differences are declared.","Опционально","Qualified Islamic educator for sequence and referral; fiqh/aqidah/hadith specialist where applicable; safeguarding professional for youth modules"
"FND-097","Foundations/Academy","Hajj and Umrah","97","Понимать базовую карту паломничества без персональных rulings: Различия и направление к специалисту","Отметить, где по теме «Понимать базовую карту паломничества без персональных rulings» возможны действительные различия, и сформулировать вопрос специалисту без самовольного решения.","Intermediate 1","FND-096","Quran 2:196-203; 3:97; declared fiqh-track manual not yet selected; curriculum design benchmarks only: Cambridge IGCSE Islamiyat 0493 (https://www.cambridgeinternational.org/programmes-and-qualifications/cambridge-igcse-islamiyat-0493/) and Yaqeen Curriculum (https://yaqeeninstitute.org/curriculum)","Muslingo-original outline. Quran quotations may use attributed verbatim Tanzil text. Translations, hadith editions, curricula and commentaries need item-level rights clearance; benchmark sources confer no copying right.","Planned, not publication-approved: named Islamic reviewer and source packet required; fiqh/aqidah-sensitive claims remain blocked until scope and valid differences are declared.","Рекомендуется: два корректных reviewer perspectives","Qualified Islamic educator for sequence and referral; fiqh/aqidah/hadith specialist where applicable; safeguarding professional for youth modules"
"FND-098","Foundations/Academy","Hajj and Umrah","98","Понимать базовую карту паломничества без персональных rulings: Личная практика без публичной оценки","Составить приватное небольшое действие или план по теме «Понимать базовую карту паломничества без персональных rulings» без рейтинга религиозности и публикации личных данных.","Intermediate 1","FND-097","Quran 2:196-203; 3:97; declared fiqh-track manual not yet selected; curriculum design benchmarks only: Cambridge IGCSE Islamiyat 0493 (https://www.cambridgeinternational.org/programmes-and-qualifications/cambridge-igcse-islamiyat-0493/) and Yaqeen Curriculum (https://yaqeeninstitute.org/curriculum)","Muslingo-original outline. Quran quotations may use attributed verbatim Tanzil text. Translations, hadith editions, curricula and commentaries need item-level rights clearance; benchmark sources confer no copying right.","Planned, not publication-approved: named Islamic reviewer and source packet required; fiqh/aqidah-sensitive claims remain blocked until scope and valid differences are declared.","Не требуется","Qualified Islamic educator for sequence and referral; fiqh/aqidah/hadith specialist where applicable; safeguarding professional for youth modules"
"FND-099","Foundations/Academy","Hajj and Umrah","99","Понимать базовую карту паломничества без персональных rulings: Отложенное извлечение","Через интервал восстановить ключевые понятия и источниковые границы темы «Понимать базовую карту паломничества без персональных rulings» без подсказки.","Intermediate 2","предыдущий модуль и интервал 48 часов","Quran 2:196-203; 3:97; declared fiqh-track manual not yet selected; curriculum design benchmarks only: Cambridge IGCSE Islamiyat 0493 (https://www.cambridgeinternational.org/programmes-and-qualifications/cambridge-igcse-islamiyat-0493/) and Yaqeen Curriculum (https://yaqeeninstitute.org/curriculum)","Muslingo-original outline. Quran quotations may use attributed verbatim Tanzil text. Translations, hadith editions, curricula and commentaries need item-level rights clearance; benchmark sources confer no copying right.","Planned, not publication-approved: named Islamic reviewer and source packet required; fiqh/aqidah-sensitive claims remain blocked until scope and valid differences are declared.","Не требуется","Qualified Islamic educator for sequence and referral; fiqh/aqidah/hadith specialist where applicable; safeguarding professional for youth modules"
"FND-100","Foundations/Academy","Hajj and Umrah","100","Понимать базовую карту паломничества без персональных rulings: Итоговое объяснение с источниками","Дать краткое, нейтральное и цитируемое объяснение темы «Понимать базовую карту паломничества без персональных rulings», явно указав неизвестное и маршрут эскалации.","Intermediate 2","FND-099","Quran 2:196-203; 3:97; declared fiqh-track manual not yet selected; curriculum design benchmarks only: Cambridge IGCSE Islamiyat 0493 (https://www.cambridgeinternational.org/programmes-and-qualifications/cambridge-igcse-islamiyat-0493/) and Yaqeen Curriculum (https://yaqeeninstitute.org/curriculum)","Muslingo-original outline. Quran quotations may use attributed verbatim Tanzil text. Translations, hadith editions, curricula and commentaries need item-level rights clearance; benchmark sources confer no copying right.","Planned, not publication-approved: named Islamic reviewer and source packet required; fiqh/aqidah-sensitive claims remain blocked until scope and valid differences are declared.","Рекомендуется: разбор эксперта","Qualified Islamic educator for sequence and referral; fiqh/aqidah/hadith specialist where applicable; safeguarding professional for youth modules"
"FND-101","Foundations/Academy","Seerah: Meccan period","101","Строить проверенную раннюю хронологию без позднего фольклора: Ориентация и границы","Объяснить, что включает тема «Строить проверенную раннюю хронологию без позднего фольклора», чего модуль не решает и когда нужен квалифицированный специалист.","Beginner 1","Не требуется","Quran 96:1-5; 74:1-7; reviewed seerah chronology not yet selected; curriculum design benchmarks only: Cambridge IGCSE Islamiyat 0493 (https://www.cambridgeinternational.org/programmes-and-qualifications/cambridge-igcse-islamiyat-0493/) and Yaqeen Curriculum (https://yaqeeninstitute.org/curriculum)","Muslingo-original outline. Quran quotations may use attributed verbatim Tanzil text. Translations, hadith editions, curricula and commentaries need item-level rights clearance; benchmark sources confer no copying right.","Planned, not publication-approved: named Islamic reviewer and source packet required; fiqh/aqidah-sensitive claims remain blocked until scope and valid differences are declared.","Рекомендуется: короткое введение","Qualified Islamic educator for chronology and source confidence; fiqh/aqidah/hadith specialist where applicable; safeguarding professional for youth modules"
"FND-102","Foundations/Academy","Seerah: Meccan period","102","Строить проверенную раннюю хронологию без позднего фольклора: Карта источников","Сопоставить ключевые типы источников для темы «Строить проверенную раннюю хронологию без позднего фольклора» и не выдавать учебный обзор за фетву.","Beginner 1","FND-101","Quran 96:1-5; 74:1-7; reviewed seerah chronology not yet selected; curriculum design benchmarks only: Cambridge IGCSE Islamiyat 0493 (https://www.cambridgeinternational.org/programmes-and-qualifications/cambridge-igcse-islamiyat-0493/) and Yaqeen Curriculum (https://yaqeeninstitute.org/curriculum)","Muslingo-original outline. Quran quotations may use attributed verbatim Tanzil text. Translations, hadith editions, curricula and commentaries need item-level rights clearance; benchmark sources confer no copying right.","Planned, not publication-approved: named Islamic reviewer and source packet required; fiqh/aqidah-sensitive claims remain blocked until scope and valid differences are declared.","Не требуется","Qualified Islamic educator for chronology and source confidence; fiqh/aqidah/hadith specialist where applicable; safeguarding professional for youth modules"
"FND-103","Foundations/Academy","Seerah: Meccan period","103","Строить проверенную раннюю хронологию без позднего фольклора: Ключевая лексика","Корректно использовать базовые термины темы «Строить проверенную раннюю хронологию без позднего фольклора» и отмечать слова, требующие перевода/пояснения.","Beginner 1","FND-102","Quran 96:1-5; 74:1-7; reviewed seerah chronology not yet selected; curriculum design benchmarks only: Cambridge IGCSE Islamiyat 0493 (https://www.cambridgeinternational.org/programmes-and-qualifications/cambridge-igcse-islamiyat-0493/) and Yaqeen Curriculum (https://yaqeeninstitute.org/curriculum)","Muslingo-original outline. Quran quotations may use attributed verbatim Tanzil text. Translations, hadith editions, curricula and commentaries need item-level rights clearance; benchmark sources confer no copying right.","Planned, not publication-approved: named Islamic reviewer and source packet required; fiqh/aqidah-sensitive claims remain blocked until scope and valid differences are declared.","Опционально: терминологическая анимация","Qualified Islamic educator for chronology and source confidence; fiqh/aqidah/hadith specialist where applicable; safeguarding professional for youth modules"
"FND-104","Foundations/Academy","Seerah: Meccan period","104","Строить проверенную раннюю хронологию без позднего фольклора: Направляемое чтение доказательств","Находить указанные аяты или источник по локатору для темы «Строить проверенную раннюю хронологию без позднего фольклора», отделяя цитату от редакционного объяснения.","Beginner 2","FND-103","Quran 96:1-5; 74:1-7; reviewed seerah chronology not yet selected; curriculum design benchmarks only: Cambridge IGCSE Islamiyat 0493 (https://www.cambridgeinternational.org/programmes-and-qualifications/cambridge-igcse-islamiyat-0493/) and Yaqeen Curriculum (https://yaqeeninstitute.org/curriculum)","Muslingo-original outline. Quran quotations may use attributed verbatim Tanzil text. Translations, hadith editions, curricula and commentaries need item-level rights clearance; benchmark sources confer no copying right.","Planned, not publication-approved: named Islamic reviewer and source packet required; fiqh/aqidah-sensitive claims remain blocked until scope and valid differences are declared.","Рекомендуется: source walkthrough","Qualified Islamic educator for chronology and source confidence; fiqh/aqidah/hadith specialist where applicable; safeguarding professional for youth modules"
"FND-105","Foundations/Academy","Seerah: Meccan period","105","Строить проверенную раннюю хронологию без позднего фольклора: Сценарий применения","Разобрать безопасный бытовой сценарий по теме «Строить проверенную раннюю хронологию без позднего фольклора» с несколькими правдоподобными вариантами и объяснением границ.","Intermediate 1","FND-104","Quran 96:1-5; 74:1-7; reviewed seerah chronology not yet selected; curriculum design benchmarks only: Cambridge IGCSE Islamiyat 0493 (https://www.cambridgeinternational.org/programmes-and-qualifications/cambridge-igcse-islamiyat-0493/) and Yaqeen Curriculum (https://yaqeeninstitute.org/curriculum)","Muslingo-original outline. Quran quotations may use attributed verbatim Tanzil text. Translations, hadith editions, curricula and commentaries need item-level rights clearance; benchmark sources confer no copying right.","Planned, not publication-approved: named Islamic reviewer and source packet required; fiqh/aqidah-sensitive claims remain blocked until scope and valid differences are declared.","Рекомендуется: сценка без изображения пророков","Qualified Islamic educator for chronology and source confidence; fiqh/aqidah/hadith specialist where applicable; safeguarding professional for youth modules"
"FND-106","Foundations/Academy","Seerah: Meccan period","106","Строить проверенную раннюю хронологию без позднего фольклора: Типичная ошибка мышления","Распознать распространённое смешение источников или чрезмерное обобщение в теме «Строить проверенную раннюю хронологию без позднего фольклора».","Intermediate 1","FND-105","Quran 96:1-5; 74:1-7; reviewed seerah chronology not yet selected; curriculum design benchmarks only: Cambridge IGCSE Islamiyat 0493 (https://www.cambridgeinternational.org/programmes-and-qualifications/cambridge-igcse-islamiyat-0493/) and Yaqeen Curriculum (https://yaqeeninstitute.org/curriculum)","Muslingo-original outline. Quran quotations may use attributed verbatim Tanzil text. Translations, hadith editions, curricula and commentaries need item-level rights clearance; benchmark sources confer no copying right.","Planned, not publication-approved: named Islamic reviewer and source packet required; fiqh/aqidah-sensitive claims remain blocked until scope and valid differences are declared.","Опционально","Qualified Islamic educator for chronology and source confidence; fiqh/aqidah/hadith specialist where applicable; safeguarding professional for youth modules"
"FND-107","Foundations/Academy","Seerah: Meccan period","107","Строить проверенную раннюю хронологию без позднего фольклора: Различия и направление к специалисту","Отметить, где по теме «Строить проверенную раннюю хронологию без позднего фольклора» возможны действительные различия, и сформулировать вопрос специалисту без самовольного решения.","Intermediate 1","FND-106","Quran 96:1-5; 74:1-7; reviewed seerah chronology not yet selected; curriculum design benchmarks only: Cambridge IGCSE Islamiyat 0493 (https://www.cambridgeinternational.org/programmes-and-qualifications/cambridge-igcse-islamiyat-0493/) and Yaqeen Curriculum (https://yaqeeninstitute.org/curriculum)","Muslingo-original outline. Quran quotations may use attributed verbatim Tanzil text. Translations, hadith editions, curricula and commentaries need item-level rights clearance; benchmark sources confer no copying right.","Planned, not publication-approved: named Islamic reviewer and source packet required; fiqh/aqidah-sensitive claims remain blocked until scope and valid differences are declared.","Рекомендуется: два корректных reviewer perspectives","Qualified Islamic educator for chronology and source confidence; fiqh/aqidah/hadith specialist where applicable; safeguarding professional for youth modules"
"FND-108","Foundations/Academy","Seerah: Meccan period","108","Строить проверенную раннюю хронологию без позднего фольклора: Личная практика без публичной оценки","Составить приватное небольшое действие или план по теме «Строить проверенную раннюю хронологию без позднего фольклора» без рейтинга религиозности и публикации личных данных.","Intermediate 1","FND-107","Quran 96:1-5; 74:1-7; reviewed seerah chronology not yet selected; curriculum design benchmarks only: Cambridge IGCSE Islamiyat 0493 (https://www.cambridgeinternational.org/programmes-and-qualifications/cambridge-igcse-islamiyat-0493/) and Yaqeen Curriculum (https://yaqeeninstitute.org/curriculum)","Muslingo-original outline. Quran quotations may use attributed verbatim Tanzil text. Translations, hadith editions, curricula and commentaries need item-level rights clearance; benchmark sources confer no copying right.","Planned, not publication-approved: named Islamic reviewer and source packet required; fiqh/aqidah-sensitive claims remain blocked until scope and valid differences are declared.","Не требуется","Qualified Islamic educator for chronology and source confidence; fiqh/aqidah/hadith specialist where applicable; safeguarding professional for youth modules"
"FND-109","Foundations/Academy","Seerah: Meccan period","109","Строить проверенную раннюю хронологию без позднего фольклора: Отложенное извлечение","Через интервал восстановить ключевые понятия и источниковые границы темы «Строить проверенную раннюю хронологию без позднего фольклора» без подсказки.","Intermediate 2","предыдущий модуль и интервал 48 часов","Quran 96:1-5; 74:1-7; reviewed seerah chronology not yet selected; curriculum design benchmarks only: Cambridge IGCSE Islamiyat 0493 (https://www.cambridgeinternational.org/programmes-and-qualifications/cambridge-igcse-islamiyat-0493/) and Yaqeen Curriculum (https://yaqeeninstitute.org/curriculum)","Muslingo-original outline. Quran quotations may use attributed verbatim Tanzil text. Translations, hadith editions, curricula and commentaries need item-level rights clearance; benchmark sources confer no copying right.","Planned, not publication-approved: named Islamic reviewer and source packet required; fiqh/aqidah-sensitive claims remain blocked until scope and valid differences are declared.","Не требуется","Qualified Islamic educator for chronology and source confidence; fiqh/aqidah/hadith specialist where applicable; safeguarding professional for youth modules"
"FND-110","Foundations/Academy","Seerah: Meccan period","110","Строить проверенную раннюю хронологию без позднего фольклора: Итоговое объяснение с источниками","Дать краткое, нейтральное и цитируемое объяснение темы «Строить проверенную раннюю хронологию без позднего фольклора», явно указав неизвестное и маршрут эскалации.","Intermediate 2","FND-109","Quran 96:1-5; 74:1-7; reviewed seerah chronology not yet selected; curriculum design benchmarks only: Cambridge IGCSE Islamiyat 0493 (https://www.cambridgeinternational.org/programmes-and-qualifications/cambridge-igcse-islamiyat-0493/) and Yaqeen Curriculum (https://yaqeeninstitute.org/curriculum)","Muslingo-original outline. Quran quotations may use attributed verbatim Tanzil text. Translations, hadith editions, curricula and commentaries need item-level rights clearance; benchmark sources confer no copying right.","Planned, not publication-approved: named Islamic reviewer and source packet required; fiqh/aqidah-sensitive claims remain blocked until scope and valid differences are declared.","Рекомендуется: разбор эксперта","Qualified Islamic educator for chronology and source confidence; fiqh/aqidah/hadith specialist where applicable; safeguarding professional for youth modules"
"FND-111","Foundations/Academy","Seerah: Medinan period","111","Строить проверенную позднюю хронологию и различать тип источника: Ориентация и границы","Объяснить, что включает тема «Строить проверенную позднюю хронологию и различать тип источника», чего модуль не решает и когда нужен квалифицированный специалист.","Beginner 1","Не требуется","Quran 2:143; Cambridge 0493 syllabus as coverage benchmark; reviewed seerah source pending; curriculum design benchmarks only: Cambridge IGCSE Islamiyat 0493 (https://www.cambridgeinternational.org/programmes-and-qualifications/cambridge-igcse-islamiyat-0493/) and Yaqeen Curriculum (https://yaqeeninstitute.org/curriculum)","Muslingo-original outline. Quran quotations may use attributed verbatim Tanzil text. Translations, hadith editions, curricula and commentaries need item-level rights clearance; benchmark sources confer no copying right.","Planned, not publication-approved: named Islamic reviewer and source packet required; fiqh/aqidah-sensitive claims remain blocked until scope and valid differences are declared.","Рекомендуется: короткое введение","Qualified Islamic educator for chronology and source evaluation; fiqh/aqidah/hadith specialist where applicable; safeguarding professional for youth modules"
"FND-112","Foundations/Academy","Seerah: Medinan period","112","Строить проверенную позднюю хронологию и различать тип источника: Карта источников","Сопоставить ключевые типы источников для темы «Строить проверенную позднюю хронологию и различать тип источника» и не выдавать учебный обзор за фетву.","Beginner 1","FND-111","Quran 2:143; Cambridge 0493 syllabus as coverage benchmark; reviewed seerah source pending; curriculum design benchmarks only: Cambridge IGCSE Islamiyat 0493 (https://www.cambridgeinternational.org/programmes-and-qualifications/cambridge-igcse-islamiyat-0493/) and Yaqeen Curriculum (https://yaqeeninstitute.org/curriculum)","Muslingo-original outline. Quran quotations may use attributed verbatim Tanzil text. Translations, hadith editions, curricula and commentaries need item-level rights clearance; benchmark sources confer no copying right.","Planned, not publication-approved: named Islamic reviewer and source packet required; fiqh/aqidah-sensitive claims remain blocked until scope and valid differences are declared.","Не требуется","Qualified Islamic educator for chronology and source evaluation; fiqh/aqidah/hadith specialist where applicable; safeguarding professional for youth modules"
"FND-113","Foundations/Academy","Seerah: Medinan period","113","Строить проверенную позднюю хронологию и различать тип источника: Ключевая лексика","Корректно использовать базовые термины темы «Строить проверенную позднюю хронологию и различать тип источника» и отмечать слова, требующие перевода/пояснения.","Beginner 1","FND-112","Quran 2:143; Cambridge 0493 syllabus as coverage benchmark; reviewed seerah source pending; curriculum design benchmarks only: Cambridge IGCSE Islamiyat 0493 (https://www.cambridgeinternational.org/programmes-and-qualifications/cambridge-igcse-islamiyat-0493/) and Yaqeen Curriculum (https://yaqeeninstitute.org/curriculum)","Muslingo-original outline. Quran quotations may use attributed verbatim Tanzil text. Translations, hadith editions, curricula and commentaries need item-level rights clearance; benchmark sources confer no copying right.","Planned, not publication-approved: named Islamic reviewer and source packet required; fiqh/aqidah-sensitive claims remain blocked until scope and valid differences are declared.","Опционально: терминологическая анимация","Qualified Islamic educator for chronology and source evaluation; fiqh/aqidah/hadith specialist where applicable; safeguarding professional for youth modules"
"FND-114","Foundations/Academy","Seerah: Medinan period","114","Строить проверенную позднюю хронологию и различать тип источника: Направляемое чтение доказательств","Находить указанные аяты или источник по локатору для темы «Строить проверенную позднюю хронологию и различать тип источника», отделяя цитату от редакционного объяснения.","Beginner 2","FND-113","Quran 2:143; Cambridge 0493 syllabus as coverage benchmark; reviewed seerah source pending; curriculum design benchmarks only: Cambridge IGCSE Islamiyat 0493 (https://www.cambridgeinternational.org/programmes-and-qualifications/cambridge-igcse-islamiyat-0493/) and Yaqeen Curriculum (https://yaqeeninstitute.org/curriculum)","Muslingo-original outline. Quran quotations may use attributed verbatim Tanzil text. Translations, hadith editions, curricula and commentaries need item-level rights clearance; benchmark sources confer no copying right.","Planned, not publication-approved: named Islamic reviewer and source packet required; fiqh/aqidah-sensitive claims remain blocked until scope and valid differences are declared.","Рекомендуется: source walkthrough","Qualified Islamic educator for chronology and source evaluation; fiqh/aqidah/hadith specialist where applicable; safeguarding professional for youth modules"
"FND-115","Foundations/Academy","Seerah: Medinan period","115","Строить проверенную позднюю хронологию и различать тип источника: Сценарий применения","Разобрать безопасный бытовой сценарий по теме «Строить проверенную позднюю хронологию и различать тип источника» с несколькими правдоподобными вариантами и объяснением границ.","Intermediate 1","FND-114","Quran 2:143; Cambridge 0493 syllabus as coverage benchmark; reviewed seerah source pending; curriculum design benchmarks only: Cambridge IGCSE Islamiyat 0493 (https://www.cambridgeinternational.org/programmes-and-qualifications/cambridge-igcse-islamiyat-0493/) and Yaqeen Curriculum (https://yaqeeninstitute.org/curriculum)","Muslingo-original outline. Quran quotations may use attributed verbatim Tanzil text. Translations, hadith editions, curricula and commentaries need item-level rights clearance; benchmark sources confer no copying right.","Planned, not publication-approved: named Islamic reviewer and source packet required; fiqh/aqidah-sensitive claims remain blocked until scope and valid differences are declared.","Рекомендуется: сценка без изображения пророков","Qualified Islamic educator for chronology and source evaluation; fiqh/aqidah/hadith specialist where applicable; safeguarding professional for youth modules"
"FND-116","Foundations/Academy","Seerah: Medinan period","116","Строить проверенную позднюю хронологию и различать тип источника: Типичная ошибка мышления","Распознать распространённое смешение источников или чрезмерное обобщение в теме «Строить проверенную позднюю хронологию и различать тип источника».","Intermediate 1","FND-115","Quran 2:143; Cambridge 0493 syllabus as coverage benchmark; reviewed seerah source pending; curriculum design benchmarks only: Cambridge IGCSE Islamiyat 0493 (https://www.cambridgeinternational.org/programmes-and-qualifications/cambridge-igcse-islamiyat-0493/) and Yaqeen Curriculum (https://yaqeeninstitute.org/curriculum)","Muslingo-original outline. Quran quotations may use attributed verbatim Tanzil text. Translations, hadith editions, curricula and commentaries need item-level rights clearance; benchmark sources confer no copying right.","Planned, not publication-approved: named Islamic reviewer and source packet required; fiqh/aqidah-sensitive claims remain blocked until scope and valid differences are declared.","Опционально","Qualified Islamic educator for chronology and source evaluation; fiqh/aqidah/hadith specialist where applicable; safeguarding professional for youth modules"
"FND-117","Foundations/Academy","Seerah: Medinan period","117","Строить проверенную позднюю хронологию и различать тип источника: Различия и направление к специалисту","Отметить, где по теме «Строить проверенную позднюю хронологию и различать тип источника» возможны действительные различия, и сформулировать вопрос специалисту без самовольного решения.","Intermediate 1","FND-116","Quran 2:143; Cambridge 0493 syllabus as coverage benchmark; reviewed seerah source pending; curriculum design benchmarks only: Cambridge IGCSE Islamiyat 0493 (https://www.cambridgeinternational.org/programmes-and-qualifications/cambridge-igcse-islamiyat-0493/) and Yaqeen Curriculum (https://yaqeeninstitute.org/curriculum)","Muslingo-original outline. Quran quotations may use attributed verbatim Tanzil text. Translations, hadith editions, curricula and commentaries need item-level rights clearance; benchmark sources confer no copying right.","Planned, not publication-approved: named Islamic reviewer and source packet required; fiqh/aqidah-sensitive claims remain blocked until scope and valid differences are declared.","Рекомендуется: два корректных reviewer perspectives","Qualified Islamic educator for chronology and source evaluation; fiqh/aqidah/hadith specialist where applicable; safeguarding professional for youth modules"
"FND-118","Foundations/Academy","Seerah: Medinan period","118","Строить проверенную позднюю хронологию и различать тип источника: Личная практика без публичной оценки","Составить приватное небольшое действие или план по теме «Строить проверенную позднюю хронологию и различать тип источника» без рейтинга религиозности и публикации личных данных.","Intermediate 1","FND-117","Quran 2:143; Cambridge 0493 syllabus as coverage benchmark; reviewed seerah source pending; curriculum design benchmarks only: Cambridge IGCSE Islamiyat 0493 (https://www.cambridgeinternational.org/programmes-and-qualifications/cambridge-igcse-islamiyat-0493/) and Yaqeen Curriculum (https://yaqeeninstitute.org/curriculum)","Muslingo-original outline. Quran quotations may use attributed verbatim Tanzil text. Translations, hadith editions, curricula and commentaries need item-level rights clearance; benchmark sources confer no copying right.","Planned, not publication-approved: named Islamic reviewer and source packet required; fiqh/aqidah-sensitive claims remain blocked until scope and valid differences are declared.","Не требуется","Qualified Islamic educator for chronology and source evaluation; fiqh/aqidah/hadith specialist where applicable; safeguarding professional for youth modules"
"FND-119","Foundations/Academy","Seerah: Medinan period","119","Строить проверенную позднюю хронологию и различать тип источника: Отложенное извлечение","Через интервал восстановить ключевые понятия и источниковые границы темы «Строить проверенную позднюю хронологию и различать тип источника» без подсказки.","Intermediate 2","предыдущий модуль и интервал 48 часов","Quran 2:143; Cambridge 0493 syllabus as coverage benchmark; reviewed seerah source pending; curriculum design benchmarks only: Cambridge IGCSE Islamiyat 0493 (https://www.cambridgeinternational.org/programmes-and-qualifications/cambridge-igcse-islamiyat-0493/) and Yaqeen Curriculum (https://yaqeeninstitute.org/curriculum)","Muslingo-original outline. Quran quotations may use attributed verbatim Tanzil text. Translations, hadith editions, curricula and commentaries need item-level rights clearance; benchmark sources confer no copying right.","Planned, not publication-approved: named Islamic reviewer and source packet required; fiqh/aqidah-sensitive claims remain blocked until scope and valid differences are declared.","Не требуется","Qualified Islamic educator for chronology and source evaluation; fiqh/aqidah/hadith specialist where applicable; safeguarding professional for youth modules"
"FND-120","Foundations/Academy","Seerah: Medinan period","120","Строить проверенную позднюю хронологию и различать тип источника: Итоговое объяснение с источниками","Дать краткое, нейтральное и цитируемое объяснение темы «Строить проверенную позднюю хронологию и различать тип источника», явно указав неизвестное и маршрут эскалации.","Intermediate 2","FND-119","Quran 2:143; Cambridge 0493 syllabus as coverage benchmark; reviewed seerah source pending; curriculum design benchmarks only: Cambridge IGCSE Islamiyat 0493 (https://www.cambridgeinternational.org/programmes-and-qualifications/cambridge-igcse-islamiyat-0493/) and Yaqeen Curriculum (https://yaqeeninstitute.org/curriculum)","Muslingo-original outline. Quran quotations may use attributed verbatim Tanzil text. Translations, hadith editions, curricula and commentaries need item-level rights clearance; benchmark sources confer no copying right.","Planned, not publication-approved: named Islamic reviewer and source packet required; fiqh/aqidah-sensitive claims remain blocked until scope and valid differences are declared.","Рекомендуется: разбор эксперта","Qualified Islamic educator for chronology and source evaluation; fiqh/aqidah/hadith specialist where applicable; safeguarding professional for youth modules"
"FND-121","Foundations/Academy","Prophets in the Quran","121","Изучать коранические рассказы без добавления неподтверждённых деталей: Ориентация и границы","Объяснить, что включает тема «Изучать коранические рассказы без добавления неподтверждённых деталей», чего модуль не решает и когда нужен квалифицированный специалист.","Beginner 1","Не требуется","Quran 12:1-111; 21:48-91; approved tafsir not yet selected; curriculum design benchmarks only: Cambridge IGCSE Islamiyat 0493 (https://www.cambridgeinternational.org/programmes-and-qualifications/cambridge-igcse-islamiyat-0493/) and Yaqeen Curriculum (https://yaqeeninstitute.org/curriculum)","Muslingo-original outline. Quran quotations may use attributed verbatim Tanzil text. Translations, hadith editions, curricula and commentaries need item-level rights clearance; benchmark sources confer no copying right.","Planned, not publication-approved: named Islamic reviewer and source packet required; fiqh/aqidah-sensitive claims remain blocked until scope and valid differences are declared.","Рекомендуется: короткое введение","Qualified Islamic educator for Quran-bounded narrative literacy; fiqh/aqidah/hadith specialist where applicable; safeguarding professional for youth modules"
"FND-122","Foundations/Academy","Prophets in the Quran","122","Изучать коранические рассказы без добавления неподтверждённых деталей: Карта источников","Сопоставить ключевые типы источников для темы «Изучать коранические рассказы без добавления неподтверждённых деталей» и не выдавать учебный обзор за фетву.","Beginner 1","FND-121","Quran 12:1-111; 21:48-91; approved tafsir not yet selected; curriculum design benchmarks only: Cambridge IGCSE Islamiyat 0493 (https://www.cambridgeinternational.org/programmes-and-qualifications/cambridge-igcse-islamiyat-0493/) and Yaqeen Curriculum (https://yaqeeninstitute.org/curriculum)","Muslingo-original outline. Quran quotations may use attributed verbatim Tanzil text. Translations, hadith editions, curricula and commentaries need item-level rights clearance; benchmark sources confer no copying right.","Planned, not publication-approved: named Islamic reviewer and source packet required; fiqh/aqidah-sensitive claims remain blocked until scope and valid differences are declared.","Не требуется","Qualified Islamic educator for Quran-bounded narrative literacy; fiqh/aqidah/hadith specialist where applicable; safeguarding professional for youth modules"
"FND-123","Foundations/Academy","Prophets in the Quran","123","Изучать коранические рассказы без добавления неподтверждённых деталей: Ключевая лексика","Корректно использовать базовые термины темы «Изучать коранические рассказы без добавления неподтверждённых деталей» и отмечать слова, требующие перевода/пояснения.","Beginner 1","FND-122","Quran 12:1-111; 21:48-91; approved tafsir not yet selected; curriculum design benchmarks only: Cambridge IGCSE Islamiyat 0493 (https://www.cambridgeinternational.org/programmes-and-qualifications/cambridge-igcse-islamiyat-0493/) and Yaqeen Curriculum (https://yaqeeninstitute.org/curriculum)","Muslingo-original outline. Quran quotations may use attributed verbatim Tanzil text. Translations, hadith editions, curricula and commentaries need item-level rights clearance; benchmark sources confer no copying right.","Planned, not publication-approved: named Islamic reviewer and source packet required; fiqh/aqidah-sensitive claims remain blocked until scope and valid differences are declared.","Опционально: терминологическая анимация","Qualified Islamic educator for Quran-bounded narrative literacy; fiqh/aqidah/hadith specialist where applicable; safeguarding professional for youth modules"
"FND-124","Foundations/Academy","Prophets in the Quran","124","Изучать коранические рассказы без добавления неподтверждённых деталей: Направляемое чтение доказательств","Находить указанные аяты или источник по локатору для темы «Изучать коранические рассказы без добавления неподтверждённых деталей», отделяя цитату от редакционного объяснения.","Beginner 2","FND-123","Quran 12:1-111; 21:48-91; approved tafsir not yet selected; curriculum design benchmarks only: Cambridge IGCSE Islamiyat 0493 (https://www.cambridgeinternational.org/programmes-and-qualifications/cambridge-igcse-islamiyat-0493/) and Yaqeen Curriculum (https://yaqeeninstitute.org/curriculum)","Muslingo-original outline. Quran quotations may use attributed verbatim Tanzil text. Translations, hadith editions, curricula and commentaries need item-level rights clearance; benchmark sources confer no copying right.","Planned, not publication-approved: named Islamic reviewer and source packet required; fiqh/aqidah-sensitive claims remain blocked until scope and valid differences are declared.","Рекомендуется: source walkthrough","Qualified Islamic educator for Quran-bounded narrative literacy; fiqh/aqidah/hadith specialist where applicable; safeguarding professional for youth modules"
"FND-125","Foundations/Academy","Prophets in the Quran","125","Изучать коранические рассказы без добавления неподтверждённых деталей: Сценарий применения","Разобрать безопасный бытовой сценарий по теме «Изучать коранические рассказы без добавления неподтверждённых деталей» с несколькими правдоподобными вариантами и объяснением границ.","Intermediate 1","FND-124","Quran 12:1-111; 21:48-91; approved tafsir not yet selected; curriculum design benchmarks only: Cambridge IGCSE Islamiyat 0493 (https://www.cambridgeinternational.org/programmes-and-qualifications/cambridge-igcse-islamiyat-0493/) and Yaqeen Curriculum (https://yaqeeninstitute.org/curriculum)","Muslingo-original outline. Quran quotations may use attributed verbatim Tanzil text. Translations, hadith editions, curricula and commentaries need item-level rights clearance; benchmark sources confer no copying right.","Planned, not publication-approved: named Islamic reviewer and source packet required; fiqh/aqidah-sensitive claims remain blocked until scope and valid differences are declared.","Рекомендуется: сценка без изображения пророков","Qualified Islamic educator for Quran-bounded narrative literacy; fiqh/aqidah/hadith specialist where applicable; safeguarding professional for youth modules"
"FND-126","Foundations/Academy","Prophets in the Quran","126","Изучать коранические рассказы без добавления неподтверждённых деталей: Типичная ошибка мышления","Распознать распространённое смешение источников или чрезмерное обобщение в теме «Изучать коранические рассказы без добавления неподтверждённых деталей».","Intermediate 1","FND-125","Quran 12:1-111; 21:48-91; approved tafsir not yet selected; curriculum design benchmarks only: Cambridge IGCSE Islamiyat 0493 (https://www.cambridgeinternational.org/programmes-and-qualifications/cambridge-igcse-islamiyat-0493/) and Yaqeen Curriculum (https://yaqeeninstitute.org/curriculum)","Muslingo-original outline. Quran quotations may use attributed verbatim Tanzil text. Translations, hadith editions, curricula and commentaries need item-level rights clearance; benchmark sources confer no copying right.","Planned, not publication-approved: named Islamic reviewer and source packet required; fiqh/aqidah-sensitive claims remain blocked until scope and valid differences are declared.","Опционально","Qualified Islamic educator for Quran-bounded narrative literacy; fiqh/aqidah/hadith specialist where applicable; safeguarding professional for youth modules"
"FND-127","Foundations/Academy","Prophets in the Quran","127","Изучать коранические рассказы без добавления неподтверждённых деталей: Различия и направление к специалисту","Отметить, где по теме «Изучать коранические рассказы без добавления неподтверждённых деталей» возможны действительные различия, и сформулировать вопрос специалисту без самовольного решения.","Intermediate 1","FND-126","Quran 12:1-111; 21:48-91; approved tafsir not yet selected; curriculum design benchmarks only: Cambridge IGCSE Islamiyat 0493 (https://www.cambridgeinternational.org/programmes-and-qualifications/cambridge-igcse-islamiyat-0493/) and Yaqeen Curriculum (https://yaqeeninstitute.org/curriculum)","Muslingo-original outline. Quran quotations may use attributed verbatim Tanzil text. Translations, hadith editions, curricula and commentaries need item-level rights clearance; benchmark sources confer no copying right.","Planned, not publication-approved: named Islamic reviewer and source packet required; fiqh/aqidah-sensitive claims remain blocked until scope and valid differences are declared.","Рекомендуется: два корректных reviewer perspectives","Qualified Islamic educator for Quran-bounded narrative literacy; fiqh/aqidah/hadith specialist where applicable; safeguarding professional for youth modules"
"FND-128","Foundations/Academy","Prophets in the Quran","128","Изучать коранические рассказы без добавления неподтверждённых деталей: Личная практика без публичной оценки","Составить приватное небольшое действие или план по теме «Изучать коранические рассказы без добавления неподтверждённых деталей» без рейтинга религиозности и публикации личных данных.","Intermediate 1","FND-127","Quran 12:1-111; 21:48-91; approved tafsir not yet selected; curriculum design benchmarks only: Cambridge IGCSE Islamiyat 0493 (https://www.cambridgeinternational.org/programmes-and-qualifications/cambridge-igcse-islamiyat-0493/) and Yaqeen Curriculum (https://yaqeeninstitute.org/curriculum)","Muslingo-original outline. Quran quotations may use attributed verbatim Tanzil text. Translations, hadith editions, curricula and commentaries need item-level rights clearance; benchmark sources confer no copying right.","Planned, not publication-approved: named Islamic reviewer and source packet required; fiqh/aqidah-sensitive claims remain blocked until scope and valid differences are declared.","Не требуется","Qualified Islamic educator for Quran-bounded narrative literacy; fiqh/aqidah/hadith specialist where applicable; safeguarding professional for youth modules"
"FND-129","Foundations/Academy","Prophets in the Quran","129","Изучать коранические рассказы без добавления неподтверждённых деталей: Отложенное извлечение","Через интервал восстановить ключевые понятия и источниковые границы темы «Изучать коранические рассказы без добавления неподтверждённых деталей» без подсказки.","Intermediate 2","предыдущий модуль и интервал 48 часов","Quran 12:1-111; 21:48-91; approved tafsir not yet selected; curriculum design benchmarks only: Cambridge IGCSE Islamiyat 0493 (https://www.cambridgeinternational.org/programmes-and-qualifications/cambridge-igcse-islamiyat-0493/) and Yaqeen Curriculum (https://yaqeeninstitute.org/curriculum)","Muslingo-original outline. Quran quotations may use attributed verbatim Tanzil text. Translations, hadith editions, curricula and commentaries need item-level rights clearance; benchmark sources confer no copying right.","Planned, not publication-approved: named Islamic reviewer and source packet required; fiqh/aqidah-sensitive claims remain blocked until scope and valid differences are declared.","Не требуется","Qualified Islamic educator for Quran-bounded narrative literacy; fiqh/aqidah/hadith specialist where applicable; safeguarding professional for youth modules"
"FND-130","Foundations/Academy","Prophets in the Quran","130","Изучать коранические рассказы без добавления неподтверждённых деталей: Итоговое объяснение с источниками","Дать краткое, нейтральное и цитируемое объяснение темы «Изучать коранические рассказы без добавления неподтверждённых деталей», явно указав неизвестное и маршрут эскалации.","Intermediate 2","FND-129","Quran 12:1-111; 21:48-91; approved tafsir not yet selected; curriculum design benchmarks only: Cambridge IGCSE Islamiyat 0493 (https://www.cambridgeinternational.org/programmes-and-qualifications/cambridge-igcse-islamiyat-0493/) and Yaqeen Curriculum (https://yaqeeninstitute.org/curriculum)","Muslingo-original outline. Quran quotations may use attributed verbatim Tanzil text. Translations, hadith editions, curricula and commentaries need item-level rights clearance; benchmark sources confer no copying right.","Planned, not publication-approved: named Islamic reviewer and source packet required; fiqh/aqidah-sensitive claims remain blocked until scope and valid differences are declared.","Рекомендуется: разбор эксперта","Qualified Islamic educator for Quran-bounded narrative literacy; fiqh/aqidah/hadith specialist where applicable; safeguarding professional for youth modules"
"FND-131","Foundations/Academy","Character and adab","131","Применять проверенные принципы речи, честности, терпения и отношений: Ориентация и границы","Объяснить, что включает тема «Применять проверенные принципы речи, честности, терпения и отношений», чего модуль не решает и когда нужен квалифицированный специалист.","Beginner 1","Не требуется","Quran 17:23-39; 49:11-13; 103:1-3; hadith packet pending; curriculum design benchmarks only: Cambridge IGCSE Islamiyat 0493 (https://www.cambridgeinternational.org/programmes-and-qualifications/cambridge-igcse-islamiyat-0493/) and Yaqeen Curriculum (https://yaqeeninstitute.org/curriculum)","Muslingo-original outline. Quran quotations may use attributed verbatim Tanzil text. Translations, hadith editions, curricula and commentaries need item-level rights clearance; benchmark sources confer no copying right.","Planned, not publication-approved: named Islamic reviewer and source packet required; fiqh/aqidah-sensitive claims remain blocked until scope and valid differences are declared.","Рекомендуется: короткое введение","Qualified Islamic educator for scenario reasoning, not moral scoring; fiqh/aqidah/hadith specialist where applicable; safeguarding professional for youth modules"
"FND-132","Foundations/Academy","Character and adab","132","Применять проверенные принципы речи, честности, терпения и отношений: Карта источников","Сопоставить ключевые типы источников для темы «Применять проверенные принципы речи, честности, терпения и отношений» и не выдавать учебный обзор за фетву.","Beginner 1","FND-131","Quran 17:23-39; 49:11-13; 103:1-3; hadith packet pending; curriculum design benchmarks only: Cambridge IGCSE Islamiyat 0493 (https://www.cambridgeinternational.org/programmes-and-qualifications/cambridge-igcse-islamiyat-0493/) and Yaqeen Curriculum (https://yaqeeninstitute.org/curriculum)","Muslingo-original outline. Quran quotations may use attributed verbatim Tanzil text. Translations, hadith editions, curricula and commentaries need item-level rights clearance; benchmark sources confer no copying right.","Planned, not publication-approved: named Islamic reviewer and source packet required; fiqh/aqidah-sensitive claims remain blocked until scope and valid differences are declared.","Не требуется","Qualified Islamic educator for scenario reasoning, not moral scoring; fiqh/aqidah/hadith specialist where applicable; safeguarding professional for youth modules"
"FND-133","Foundations/Academy","Character and adab","133","Применять проверенные принципы речи, честности, терпения и отношений: Ключевая лексика","Корректно использовать базовые термины темы «Применять проверенные принципы речи, честности, терпения и отношений» и отмечать слова, требующие перевода/пояснения.","Beginner 1","FND-132","Quran 17:23-39; 49:11-13; 103:1-3; hadith packet pending; curriculum design benchmarks only: Cambridge IGCSE Islamiyat 0493 (https://www.cambridgeinternational.org/programmes-and-qualifications/cambridge-igcse-islamiyat-0493/) and Yaqeen Curriculum (https://yaqeeninstitute.org/curriculum)","Muslingo-original outline. Quran quotations may use attributed verbatim Tanzil text. Translations, hadith editions, curricula and commentaries need item-level rights clearance; benchmark sources confer no copying right.","Planned, not publication-approved: named Islamic reviewer and source packet required; fiqh/aqidah-sensitive claims remain blocked until scope and valid differences are declared.","Опционально: терминологическая анимация","Qualified Islamic educator for scenario reasoning, not moral scoring; fiqh/aqidah/hadith specialist where applicable; safeguarding professional for youth modules"
"FND-134","Foundations/Academy","Character and adab","134","Применять проверенные принципы речи, честности, терпения и отношений: Направляемое чтение доказательств","Находить указанные аяты или источник по локатору для темы «Применять проверенные принципы речи, честности, терпения и отношений», отделяя цитату от редакционного объяснения.","Beginner 2","FND-133","Quran 17:23-39; 49:11-13; 103:1-3; hadith packet pending; curriculum design benchmarks only: Cambridge IGCSE Islamiyat 0493 (https://www.cambridgeinternational.org/programmes-and-qualifications/cambridge-igcse-islamiyat-0493/) and Yaqeen Curriculum (https://yaqeeninstitute.org/curriculum)","Muslingo-original outline. Quran quotations may use attributed verbatim Tanzil text. Translations, hadith editions, curricula and commentaries need item-level rights clearance; benchmark sources confer no copying right.","Planned, not publication-approved: named Islamic reviewer and source packet required; fiqh/aqidah-sensitive claims remain blocked until scope and valid differences are declared.","Рекомендуется: source walkthrough","Qualified Islamic educator for scenario reasoning, not moral scoring; fiqh/aqidah/hadith specialist where applicable; safeguarding professional for youth modules"
"FND-135","Foundations/Academy","Character and adab","135","Применять проверенные принципы речи, честности, терпения и отношений: Сценарий применения","Разобрать безопасный бытовой сценарий по теме «Применять проверенные принципы речи, честности, терпения и отношений» с несколькими правдоподобными вариантами и объяснением границ.","Intermediate 1","FND-134","Quran 17:23-39; 49:11-13; 103:1-3; hadith packet pending; curriculum design benchmarks only: Cambridge IGCSE Islamiyat 0493 (https://www.cambridgeinternational.org/programmes-and-qualifications/cambridge-igcse-islamiyat-0493/) and Yaqeen Curriculum (https://yaqeeninstitute.org/curriculum)","Muslingo-original outline. Quran quotations may use attributed verbatim Tanzil text. Translations, hadith editions, curricula and commentaries need item-level rights clearance; benchmark sources confer no copying right.","Planned, not publication-approved: named Islamic reviewer and source packet required; fiqh/aqidah-sensitive claims remain blocked until scope and valid differences are declared.","Рекомендуется: сценка без изображения пророков","Qualified Islamic educator for scenario reasoning, not moral scoring; fiqh/aqidah/hadith specialist where applicable; safeguarding professional for youth modules"
"FND-136","Foundations/Academy","Character and adab","136","Применять проверенные принципы речи, честности, терпения и отношений: Типичная ошибка мышления","Распознать распространённое смешение источников или чрезмерное обобщение в теме «Применять проверенные принципы речи, честности, терпения и отношений».","Intermediate 1","FND-135","Quran 17:23-39; 49:11-13; 103:1-3; hadith packet pending; curriculum design benchmarks only: Cambridge IGCSE Islamiyat 0493 (https://www.cambridgeinternational.org/programmes-and-qualifications/cambridge-igcse-islamiyat-0493/) and Yaqeen Curriculum (https://yaqeeninstitute.org/curriculum)","Muslingo-original outline. Quran quotations may use attributed verbatim Tanzil text. Translations, hadith editions, curricula and commentaries need item-level rights clearance; benchmark sources confer no copying right.","Planned, not publication-approved: named Islamic reviewer and source packet required; fiqh/aqidah-sensitive claims remain blocked until scope and valid differences are declared.","Опционально","Qualified Islamic educator for scenario reasoning, not moral scoring; fiqh/aqidah/hadith specialist where applicable; safeguarding professional for youth modules"
"FND-137","Foundations/Academy","Character and adab","137","Применять проверенные принципы речи, честности, терпения и отношений: Различия и направление к специалисту","Отметить, где по теме «Применять проверенные принципы речи, честности, терпения и отношений» возможны действительные различия, и сформулировать вопрос специалисту без самовольного решения.","Intermediate 1","FND-136","Quran 17:23-39; 49:11-13; 103:1-3; hadith packet pending; curriculum design benchmarks only: Cambridge IGCSE Islamiyat 0493 (https://www.cambridgeinternational.org/programmes-and-qualifications/cambridge-igcse-islamiyat-0493/) and Yaqeen Curriculum (https://yaqeeninstitute.org/curriculum)","Muslingo-original outline. Quran quotations may use attributed verbatim Tanzil text. Translations, hadith editions, curricula and commentaries need item-level rights clearance; benchmark sources confer no copying right.","Planned, not publication-approved: named Islamic reviewer and source packet required; fiqh/aqidah-sensitive claims remain blocked until scope and valid differences are declared.","Рекомендуется: два корректных reviewer perspectives","Qualified Islamic educator for scenario reasoning, not moral scoring; fiqh/aqidah/hadith specialist where applicable; safeguarding professional for youth modules"
"FND-138","Foundations/Academy","Character and adab","138","Применять проверенные принципы речи, честности, терпения и отношений: Личная практика без публичной оценки","Составить приватное небольшое действие или план по теме «Применять проверенные принципы речи, честности, терпения и отношений» без рейтинга религиозности и публикации личных данных.","Intermediate 1","FND-137","Quran 17:23-39; 49:11-13; 103:1-3; hadith packet pending; curriculum design benchmarks only: Cambridge IGCSE Islamiyat 0493 (https://www.cambridgeinternational.org/programmes-and-qualifications/cambridge-igcse-islamiyat-0493/) and Yaqeen Curriculum (https://yaqeeninstitute.org/curriculum)","Muslingo-original outline. Quran quotations may use attributed verbatim Tanzil text. Translations, hadith editions, curricula and commentaries need item-level rights clearance; benchmark sources confer no copying right.","Planned, not publication-approved: named Islamic reviewer and source packet required; fiqh/aqidah-sensitive claims remain blocked until scope and valid differences are declared.","Не требуется","Qualified Islamic educator for scenario reasoning, not moral scoring; fiqh/aqidah/hadith specialist where applicable; safeguarding professional for youth modules"
"FND-139","Foundations/Academy","Character and adab","139","Применять проверенные принципы речи, честности, терпения и отношений: Отложенное извлечение","Через интервал восстановить ключевые понятия и источниковые границы темы «Применять проверенные принципы речи, честности, терпения и отношений» без подсказки.","Intermediate 2","предыдущий модуль и интервал 48 часов","Quran 17:23-39; 49:11-13; 103:1-3; hadith packet pending; curriculum design benchmarks only: Cambridge IGCSE Islamiyat 0493 (https://www.cambridgeinternational.org/programmes-and-qualifications/cambridge-igcse-islamiyat-0493/) and Yaqeen Curriculum (https://yaqeeninstitute.org/curriculum)","Muslingo-original outline. Quran quotations may use attributed verbatim Tanzil text. Translations, hadith editions, curricula and commentaries need item-level rights clearance; benchmark sources confer no copying right.","Planned, not publication-approved: named Islamic reviewer and source packet required; fiqh/aqidah-sensitive claims remain blocked until scope and valid differences are declared.","Не требуется","Qualified Islamic educator for scenario reasoning, not moral scoring; fiqh/aqidah/hadith specialist where applicable; safeguarding professional for youth modules"
"FND-140","Foundations/Academy","Character and adab","140","Применять проверенные принципы речи, честности, терпения и отношений: Итоговое объяснение с источниками","Дать краткое, нейтральное и цитируемое объяснение темы «Применять проверенные принципы речи, честности, терпения и отношений», явно указав неизвестное и маршрут эскалации.","Intermediate 2","FND-139","Quran 17:23-39; 49:11-13; 103:1-3; hadith packet pending; curriculum design benchmarks only: Cambridge IGCSE Islamiyat 0493 (https://www.cambridgeinternational.org/programmes-and-qualifications/cambridge-igcse-islamiyat-0493/) and Yaqeen Curriculum (https://yaqeeninstitute.org/curriculum)","Muslingo-original outline. Quran quotations may use attributed verbatim Tanzil text. Translations, hadith editions, curricula and commentaries need item-level rights clearance; benchmark sources confer no copying right.","Planned, not publication-approved: named Islamic reviewer and source packet required; fiqh/aqidah-sensitive claims remain blocked until scope and valid differences are declared.","Рекомендуется: разбор эксперта","Qualified Islamic educator for scenario reasoning, not moral scoring; fiqh/aqidah/hadith specialist where applicable; safeguarding professional for youth modules"
"FND-141","Foundations/Academy","Dua, dhikr and Quran etiquette","141","Практиковать уважительное обращение и понимать границы рекомендаций: Ориентация и границы","Объяснить, что включает тема «Практиковать уважительное обращение и понимать границы рекомендаций», чего модуль не решает и когда нужен квалифицированный специалист.","Beginner 1","Не требуется","Quran 7:55; 13:28; 73:4; supplication/hadith packet pending; curriculum design benchmarks only: Cambridge IGCSE Islamiyat 0493 (https://www.cambridgeinternational.org/programmes-and-qualifications/cambridge-igcse-islamiyat-0493/) and Yaqeen Curriculum (https://yaqeeninstitute.org/curriculum)","Muslingo-original outline. Quran quotations may use attributed verbatim Tanzil text. Translations, hadith editions, curricula and commentaries need item-level rights clearance; benchmark sources confer no copying right.","Planned, not publication-approved: named Islamic reviewer and source packet required; fiqh/aqidah-sensitive claims remain blocked until scope and valid differences are declared.","Рекомендуется: короткое введение","Qualified Islamic educator for practice and source attribution; fiqh/aqidah/hadith specialist where applicable; safeguarding professional for youth modules"
"FND-142","Foundations/Academy","Dua, dhikr and Quran etiquette","142","Практиковать уважительное обращение и понимать границы рекомендаций: Карта источников","Сопоставить ключевые типы источников для темы «Практиковать уважительное обращение и понимать границы рекомендаций» и не выдавать учебный обзор за фетву.","Beginner 1","FND-141","Quran 7:55; 13:28; 73:4; supplication/hadith packet pending; curriculum design benchmarks only: Cambridge IGCSE Islamiyat 0493 (https://www.cambridgeinternational.org/programmes-and-qualifications/cambridge-igcse-islamiyat-0493/) and Yaqeen Curriculum (https://yaqeeninstitute.org/curriculum)","Muslingo-original outline. Quran quotations may use attributed verbatim Tanzil text. Translations, hadith editions, curricula and commentaries need item-level rights clearance; benchmark sources confer no copying right.","Planned, not publication-approved: named Islamic reviewer and source packet required; fiqh/aqidah-sensitive claims remain blocked until scope and valid differences are declared.","Не требуется","Qualified Islamic educator for practice and source attribution; fiqh/aqidah/hadith specialist where applicable; safeguarding professional for youth modules"
"FND-143","Foundations/Academy","Dua, dhikr and Quran etiquette","143","Практиковать уважительное обращение и понимать границы рекомендаций: Ключевая лексика","Корректно использовать базовые термины темы «Практиковать уважительное обращение и понимать границы рекомендаций» и отмечать слова, требующие перевода/пояснения.","Beginner 1","FND-142","Quran 7:55; 13:28; 73:4; supplication/hadith packet pending; curriculum design benchmarks only: Cambridge IGCSE Islamiyat 0493 (https://www.cambridgeinternational.org/programmes-and-qualifications/cambridge-igcse-islamiyat-0493/) and Yaqeen Curriculum (https://yaqeeninstitute.org/curriculum)","Muslingo-original outline. Quran quotations may use attributed verbatim Tanzil text. Translations, hadith editions, curricula and commentaries need item-level rights clearance; benchmark sources confer no copying right.","Planned, not publication-approved: named Islamic reviewer and source packet required; fiqh/aqidah-sensitive claims remain blocked until scope and valid differences are declared.","Опционально: терминологическая анимация","Qualified Islamic educator for practice and source attribution; fiqh/aqidah/hadith specialist where applicable; safeguarding professional for youth modules"
"FND-144","Foundations/Academy","Dua, dhikr and Quran etiquette","144","Практиковать уважительное обращение и понимать границы рекомендаций: Направляемое чтение доказательств","Находить указанные аяты или источник по локатору для темы «Практиковать уважительное обращение и понимать границы рекомендаций», отделяя цитату от редакционного объяснения.","Beginner 2","FND-143","Quran 7:55; 13:28; 73:4; supplication/hadith packet pending; curriculum design benchmarks only: Cambridge IGCSE Islamiyat 0493 (https://www.cambridgeinternational.org/programmes-and-qualifications/cambridge-igcse-islamiyat-0493/) and Yaqeen Curriculum (https://yaqeeninstitute.org/curriculum)","Muslingo-original outline. Quran quotations may use attributed verbatim Tanzil text. Translations, hadith editions, curricula and commentaries need item-level rights clearance; benchmark sources confer no copying right.","Planned, not publication-approved: named Islamic reviewer and source packet required; fiqh/aqidah-sensitive claims remain blocked until scope and valid differences are declared.","Рекомендуется: source walkthrough","Qualified Islamic educator for practice and source attribution; fiqh/aqidah/hadith specialist where applicable; safeguarding professional for youth modules"
"FND-145","Foundations/Academy","Dua, dhikr and Quran etiquette","145","Практиковать уважительное обращение и понимать границы рекомендаций: Сценарий применения","Разобрать безопасный бытовой сценарий по теме «Практиковать уважительное обращение и понимать границы рекомендаций» с несколькими правдоподобными вариантами и объяснением границ.","Intermediate 1","FND-144","Quran 7:55; 13:28; 73:4; supplication/hadith packet pending; curriculum design benchmarks only: Cambridge IGCSE Islamiyat 0493 (https://www.cambridgeinternational.org/programmes-and-qualifications/cambridge-igcse-islamiyat-0493/) and Yaqeen Curriculum (https://yaqeeninstitute.org/curriculum)","Muslingo-original outline. Quran quotations may use attributed verbatim Tanzil text. Translations, hadith editions, curricula and commentaries need item-level rights clearance; benchmark sources confer no copying right.","Planned, not publication-approved: named Islamic reviewer and source packet required; fiqh/aqidah-sensitive claims remain blocked until scope and valid differences are declared.","Рекомендуется: сценка без изображения пророков","Qualified Islamic educator for practice and source attribution; fiqh/aqidah/hadith specialist where applicable; safeguarding professional for youth modules"
"FND-146","Foundations/Academy","Dua, dhikr and Quran etiquette","146","Практиковать уважительное обращение и понимать границы рекомендаций: Типичная ошибка мышления","Распознать распространённое смешение источников или чрезмерное обобщение в теме «Практиковать уважительное обращение и понимать границы рекомендаций».","Intermediate 1","FND-145","Quran 7:55; 13:28; 73:4; supplication/hadith packet pending; curriculum design benchmarks only: Cambridge IGCSE Islamiyat 0493 (https://www.cambridgeinternational.org/programmes-and-qualifications/cambridge-igcse-islamiyat-0493/) and Yaqeen Curriculum (https://yaqeeninstitute.org/curriculum)","Muslingo-original outline. Quran quotations may use attributed verbatim Tanzil text. Translations, hadith editions, curricula and commentaries need item-level rights clearance; benchmark sources confer no copying right.","Planned, not publication-approved: named Islamic reviewer and source packet required; fiqh/aqidah-sensitive claims remain blocked until scope and valid differences are declared.","Опционально","Qualified Islamic educator for practice and source attribution; fiqh/aqidah/hadith specialist where applicable; safeguarding professional for youth modules"
"FND-147","Foundations/Academy","Dua, dhikr and Quran etiquette","147","Практиковать уважительное обращение и понимать границы рекомендаций: Различия и направление к специалисту","Отметить, где по теме «Практиковать уважительное обращение и понимать границы рекомендаций» возможны действительные различия, и сформулировать вопрос специалисту без самовольного решения.","Intermediate 1","FND-146","Quran 7:55; 13:28; 73:4; supplication/hadith packet pending; curriculum design benchmarks only: Cambridge IGCSE Islamiyat 0493 (https://www.cambridgeinternational.org/programmes-and-qualifications/cambridge-igcse-islamiyat-0493/) and Yaqeen Curriculum (https://yaqeeninstitute.org/curriculum)","Muslingo-original outline. Quran quotations may use attributed verbatim Tanzil text. Translations, hadith editions, curricula and commentaries need item-level rights clearance; benchmark sources confer no copying right.","Planned, not publication-approved: named Islamic reviewer and source packet required; fiqh/aqidah-sensitive claims remain blocked until scope and valid differences are declared.","Рекомендуется: два корректных reviewer perspectives","Qualified Islamic educator for practice and source attribution; fiqh/aqidah/hadith specialist where applicable; safeguarding professional for youth modules"
"FND-148","Foundations/Academy","Dua, dhikr and Quran etiquette","148","Практиковать уважительное обращение и понимать границы рекомендаций: Личная практика без публичной оценки","Составить приватное небольшое действие или план по теме «Практиковать уважительное обращение и понимать границы рекомендаций» без рейтинга религиозности и публикации личных данных.","Intermediate 1","FND-147","Quran 7:55; 13:28; 73:4; supplication/hadith packet pending; curriculum design benchmarks only: Cambridge IGCSE Islamiyat 0493 (https://www.cambridgeinternational.org/programmes-and-qualifications/cambridge-igcse-islamiyat-0493/) and Yaqeen Curriculum (https://yaqeeninstitute.org/curriculum)","Muslingo-original outline. Quran quotations may use attributed verbatim Tanzil text. Translations, hadith editions, curricula and commentaries need item-level rights clearance; benchmark sources confer no copying right.","Planned, not publication-approved: named Islamic reviewer and source packet required; fiqh/aqidah-sensitive claims remain blocked until scope and valid differences are declared.","Не требуется","Qualified Islamic educator for practice and source attribution; fiqh/aqidah/hadith specialist where applicable; safeguarding professional for youth modules"
"FND-149","Foundations/Academy","Dua, dhikr and Quran etiquette","149","Практиковать уважительное обращение и понимать границы рекомендаций: Отложенное извлечение","Через интервал восстановить ключевые понятия и источниковые границы темы «Практиковать уважительное обращение и понимать границы рекомендаций» без подсказки.","Intermediate 2","предыдущий модуль и интервал 48 часов","Quran 7:55; 13:28; 73:4; supplication/hadith packet pending; curriculum design benchmarks only: Cambridge IGCSE Islamiyat 0493 (https://www.cambridgeinternational.org/programmes-and-qualifications/cambridge-igcse-islamiyat-0493/) and Yaqeen Curriculum (https://yaqeeninstitute.org/curriculum)","Muslingo-original outline. Quran quotations may use attributed verbatim Tanzil text. Translations, hadith editions, curricula and commentaries need item-level rights clearance; benchmark sources confer no copying right.","Planned, not publication-approved: named Islamic reviewer and source packet required; fiqh/aqidah-sensitive claims remain blocked until scope and valid differences are declared.","Не требуется","Qualified Islamic educator for practice and source attribution; fiqh/aqidah/hadith specialist where applicable; safeguarding professional for youth modules"
"FND-150","Foundations/Academy","Dua, dhikr and Quran etiquette","150","Практиковать уважительное обращение и понимать границы рекомендаций: Итоговое объяснение с источниками","Дать краткое, нейтральное и цитируемое объяснение темы «Практиковать уважительное обращение и понимать границы рекомендаций», явно указав неизвестное и маршрут эскалации.","Intermediate 2","FND-149","Quran 7:55; 13:28; 73:4; supplication/hadith packet pending; curriculum design benchmarks only: Cambridge IGCSE Islamiyat 0493 (https://www.cambridgeinternational.org/programmes-and-qualifications/cambridge-igcse-islamiyat-0493/) and Yaqeen Curriculum (https://yaqeeninstitute.org/curriculum)","Muslingo-original outline. Quran quotations may use attributed verbatim Tanzil text. Translations, hadith editions, curricula and commentaries need item-level rights clearance; benchmark sources confer no copying right.","Planned, not publication-approved: named Islamic reviewer and source packet required; fiqh/aqidah-sensitive claims remain blocked until scope and valid differences are declared.","Рекомендуется: разбор эксперта","Qualified Islamic educator for practice and source attribution; fiqh/aqidah/hadith specialist where applicable; safeguarding professional for youth modules"
"FND-151","Foundations/Academy","Family, neighbour and community","151","Рассуждать о правах и ответственности без персональной юридической консультации: Ориентация и границы","Объяснить, что включает тема «Рассуждать о правах и ответственности без персональной юридической консультации», чего модуль не решает и когда нужен квалифицированный специалист.","Beginner 1","Не требуется","Quran 4:36; 49:10-13; safeguarding and fiqh packets pending; curriculum design benchmarks only: Cambridge IGCSE Islamiyat 0493 (https://www.cambridgeinternational.org/programmes-and-qualifications/cambridge-igcse-islamiyat-0493/) and Yaqeen Curriculum (https://yaqeeninstitute.org/curriculum)","Muslingo-original outline. Quran quotations may use attributed verbatim Tanzil text. Translations, hadith editions, curricula and commentaries need item-level rights clearance; benchmark sources confer no copying right.","Planned, not publication-approved: named Islamic reviewer and source packet required; fiqh/aqidah-sensitive claims remain blocked until scope and valid differences are declared.","Рекомендуется: короткое введение","Qualified Islamic educator for community scenarios and referral; fiqh/aqidah/hadith specialist where applicable; safeguarding professional for youth modules"
"FND-152","Foundations/Academy","Family, neighbour and community","152","Рассуждать о правах и ответственности без персональной юридической консультации: Карта источников","Сопоставить ключевые типы источников для темы «Рассуждать о правах и ответственности без персональной юридической консультации» и не выдавать учебный обзор за фетву.","Beginner 1","FND-151","Quran 4:36; 49:10-13; safeguarding and fiqh packets pending; curriculum design benchmarks only: Cambridge IGCSE Islamiyat 0493 (https://www.cambridgeinternational.org/programmes-and-qualifications/cambridge-igcse-islamiyat-0493/) and Yaqeen Curriculum (https://yaqeeninstitute.org/curriculum)","Muslingo-original outline. Quran quotations may use attributed verbatim Tanzil text. Translations, hadith editions, curricula and commentaries need item-level rights clearance; benchmark sources confer no copying right.","Planned, not publication-approved: named Islamic reviewer and source packet required; fiqh/aqidah-sensitive claims remain blocked until scope and valid differences are declared.","Не требуется","Qualified Islamic educator for community scenarios and referral; fiqh/aqidah/hadith specialist where applicable; safeguarding professional for youth modules"
"FND-153","Foundations/Academy","Family, neighbour and community","153","Рассуждать о правах и ответственности без персональной юридической консультации: Ключевая лексика","Корректно использовать базовые термины темы «Рассуждать о правах и ответственности без персональной юридической консультации» и отмечать слова, требующие перевода/пояснения.","Beginner 1","FND-152","Quran 4:36; 49:10-13; safeguarding and fiqh packets pending; curriculum design benchmarks only: Cambridge IGCSE Islamiyat 0493 (https://www.cambridgeinternational.org/programmes-and-qualifications/cambridge-igcse-islamiyat-0493/) and Yaqeen Curriculum (https://yaqeeninstitute.org/curriculum)","Muslingo-original outline. Quran quotations may use attributed verbatim Tanzil text. Translations, hadith editions, curricula and commentaries need item-level rights clearance; benchmark sources confer no copying right.","Planned, not publication-approved: named Islamic reviewer and source packet required; fiqh/aqidah-sensitive claims remain blocked until scope and valid differences are declared.","Опционально: терминологическая анимация","Qualified Islamic educator for community scenarios and referral; fiqh/aqidah/hadith specialist where applicable; safeguarding professional for youth modules"
"FND-154","Foundations/Academy","Family, neighbour and community","154","Рассуждать о правах и ответственности без персональной юридической консультации: Направляемое чтение доказательств","Находить указанные аяты или источник по локатору для темы «Рассуждать о правах и ответственности без персональной юридической консультации», отделяя цитату от редакционного объяснения.","Beginner 2","FND-153","Quran 4:36; 49:10-13; safeguarding and fiqh packets pending; curriculum design benchmarks only: Cambridge IGCSE Islamiyat 0493 (https://www.cambridgeinternational.org/programmes-and-qualifications/cambridge-igcse-islamiyat-0493/) and Yaqeen Curriculum (https://yaqeeninstitute.org/curriculum)","Muslingo-original outline. Quran quotations may use attributed verbatim Tanzil text. Translations, hadith editions, curricula and commentaries need item-level rights clearance; benchmark sources confer no copying right.","Planned, not publication-approved: named Islamic reviewer and source packet required; fiqh/aqidah-sensitive claims remain blocked until scope and valid differences are declared.","Рекомендуется: source walkthrough","Qualified Islamic educator for community scenarios and referral; fiqh/aqidah/hadith specialist where applicable; safeguarding professional for youth modules"
"FND-155","Foundations/Academy","Family, neighbour and community","155","Рассуждать о правах и ответственности без персональной юридической консультации: Сценарий применения","Разобрать безопасный бытовой сценарий по теме «Рассуждать о правах и ответственности без персональной юридической консультации» с несколькими правдоподобными вариантами и объяснением границ.","Intermediate 1","FND-154","Quran 4:36; 49:10-13; safeguarding and fiqh packets pending; curriculum design benchmarks only: Cambridge IGCSE Islamiyat 0493 (https://www.cambridgeinternational.org/programmes-and-qualifications/cambridge-igcse-islamiyat-0493/) and Yaqeen Curriculum (https://yaqeeninstitute.org/curriculum)","Muslingo-original outline. Quran quotations may use attributed verbatim Tanzil text. Translations, hadith editions, curricula and commentaries need item-level rights clearance; benchmark sources confer no copying right.","Planned, not publication-approved: named Islamic reviewer and source packet required; fiqh/aqidah-sensitive claims remain blocked until scope and valid differences are declared.","Рекомендуется: сценка без изображения пророков","Qualified Islamic educator for community scenarios and referral; fiqh/aqidah/hadith specialist where applicable; safeguarding professional for youth modules"
"FND-156","Foundations/Academy","Family, neighbour and community","156","Рассуждать о правах и ответственности без персональной юридической консультации: Типичная ошибка мышления","Распознать распространённое смешение источников или чрезмерное обобщение в теме «Рассуждать о правах и ответственности без персональной юридической консультации».","Intermediate 1","FND-155","Quran 4:36; 49:10-13; safeguarding and fiqh packets pending; curriculum design benchmarks only: Cambridge IGCSE Islamiyat 0493 (https://www.cambridgeinternational.org/programmes-and-qualifications/cambridge-igcse-islamiyat-0493/) and Yaqeen Curriculum (https://yaqeeninstitute.org/curriculum)","Muslingo-original outline. Quran quotations may use attributed verbatim Tanzil text. Translations, hadith editions, curricula and commentaries need item-level rights clearance; benchmark sources confer no copying right.","Planned, not publication-approved: named Islamic reviewer and source packet required; fiqh/aqidah-sensitive claims remain blocked until scope and valid differences are declared.","Опционально","Qualified Islamic educator for community scenarios and referral; fiqh/aqidah/hadith specialist where applicable; safeguarding professional for youth modules"
"FND-157","Foundations/Academy","Family, neighbour and community","157","Рассуждать о правах и ответственности без персональной юридической консультации: Различия и направление к специалисту","Отметить, где по теме «Рассуждать о правах и ответственности без персональной юридической консультации» возможны действительные различия, и сформулировать вопрос специалисту без самовольного решения.","Intermediate 1","FND-156","Quran 4:36; 49:10-13; safeguarding and fiqh packets pending; curriculum design benchmarks only: Cambridge IGCSE Islamiyat 0493 (https://www.cambridgeinternational.org/programmes-and-qualifications/cambridge-igcse-islamiyat-0493/) and Yaqeen Curriculum (https://yaqeeninstitute.org/curriculum)","Muslingo-original outline. Quran quotations may use attributed verbatim Tanzil text. Translations, hadith editions, curricula and commentaries need item-level rights clearance; benchmark sources confer no copying right.","Planned, not publication-approved: named Islamic reviewer and source packet required; fiqh/aqidah-sensitive claims remain blocked until scope and valid differences are declared.","Рекомендуется: два корректных reviewer perspectives","Qualified Islamic educator for community scenarios and referral; fiqh/aqidah/hadith specialist where applicable; safeguarding professional for youth modules"
"FND-158","Foundations/Academy","Family, neighbour and community","158","Рассуждать о правах и ответственности без персональной юридической консультации: Личная практика без публичной оценки","Составить приватное небольшое действие или план по теме «Рассуждать о правах и ответственности без персональной юридической консультации» без рейтинга религиозности и публикации личных данных.","Intermediate 1","FND-157","Quran 4:36; 49:10-13; safeguarding and fiqh packets pending; curriculum design benchmarks only: Cambridge IGCSE Islamiyat 0493 (https://www.cambridgeinternational.org/programmes-and-qualifications/cambridge-igcse-islamiyat-0493/) and Yaqeen Curriculum (https://yaqeeninstitute.org/curriculum)","Muslingo-original outline. Quran quotations may use attributed verbatim Tanzil text. Translations, hadith editions, curricula and commentaries need item-level rights clearance; benchmark sources confer no copying right.","Planned, not publication-approved: named Islamic reviewer and source packet required; fiqh/aqidah-sensitive claims remain blocked until scope and valid differences are declared.","Не требуется","Qualified Islamic educator for community scenarios and referral; fiqh/aqidah/hadith specialist where applicable; safeguarding professional for youth modules"
"FND-159","Foundations/Academy","Family, neighbour and community","159","Рассуждать о правах и ответственности без персональной юридической консультации: Отложенное извлечение","Через интервал восстановить ключевые понятия и источниковые границы темы «Рассуждать о правах и ответственности без персональной юридической консультации» без подсказки.","Intermediate 2","предыдущий модуль и интервал 48 часов","Quran 4:36; 49:10-13; safeguarding and fiqh packets pending; curriculum design benchmarks only: Cambridge IGCSE Islamiyat 0493 (https://www.cambridgeinternational.org/programmes-and-qualifications/cambridge-igcse-islamiyat-0493/) and Yaqeen Curriculum (https://yaqeeninstitute.org/curriculum)","Muslingo-original outline. Quran quotations may use attributed verbatim Tanzil text. Translations, hadith editions, curricula and commentaries need item-level rights clearance; benchmark sources confer no copying right.","Planned, not publication-approved: named Islamic reviewer and source packet required; fiqh/aqidah-sensitive claims remain blocked until scope and valid differences are declared.","Не требуется","Qualified Islamic educator for community scenarios and referral; fiqh/aqidah/hadith specialist where applicable; safeguarding professional for youth modules"
"FND-160","Foundations/Academy","Family, neighbour and community","160","Рассуждать о правах и ответственности без персональной юридической консультации: Итоговое объяснение с источниками","Дать краткое, нейтральное и цитируемое объяснение темы «Рассуждать о правах и ответственности без персональной юридической консультации», явно указав неизвестное и маршрут эскалации.","Intermediate 2","FND-159","Quran 4:36; 49:10-13; safeguarding and fiqh packets pending; curriculum design benchmarks only: Cambridge IGCSE Islamiyat 0493 (https://www.cambridgeinternational.org/programmes-and-qualifications/cambridge-igcse-islamiyat-0493/) and Yaqeen Curriculum (https://yaqeeninstitute.org/curriculum)","Muslingo-original outline. Quran quotations may use attributed verbatim Tanzil text. Translations, hadith editions, curricula and commentaries need item-level rights clearance; benchmark sources confer no copying right.","Planned, not publication-approved: named Islamic reviewer and source packet required; fiqh/aqidah-sensitive claims remain blocked until scope and valid differences are declared.","Рекомендуется: разбор эксперта","Qualified Islamic educator for community scenarios and referral; fiqh/aqidah/hadith specialist where applicable; safeguarding professional for youth modules"
"FND-161","Foundations/Academy","Youth, wellbeing and new-Muslim path","161","Следовать не перегружающему пути и направлять медицинские/кризисные вопросы специалистам: Ориентация и границы","Объяснить, что включает тема «Следовать не перегружающему пути и направлять медицинские/кризисные вопросы специалистам», чего модуль не решает и когда нужен квалифицированный специалист.","Beginner 1","Не требуется","Quran 2:286; 39:53; 94:5-6; safeguarding and clinical referral policy pending; curriculum design benchmarks only: Cambridge IGCSE Islamiyat 0493 (https://www.cambridgeinternational.org/programmes-and-qualifications/cambridge-igcse-islamiyat-0493/) and Yaqeen Curriculum (https://yaqeeninstitute.org/curriculum)","Muslingo-original outline. Quran quotations may use attributed verbatim Tanzil text. Translations, hadith editions, curricula and commentaries need item-level rights clearance; benchmark sources confer no copying right.","Planned, not publication-approved: named Islamic reviewer and source packet required; fiqh/aqidah-sensitive claims remain blocked until scope and valid differences are declared.","Рекомендуется: короткое введение","Qualified Islamic educator for safe pacing and help-seeking; fiqh/aqidah/hadith specialist where applicable; safeguarding professional for youth modules"
"FND-162","Foundations/Academy","Youth, wellbeing and new-Muslim path","162","Следовать не перегружающему пути и направлять медицинские/кризисные вопросы специалистам: Карта источников","Сопоставить ключевые типы источников для темы «Следовать не перегружающему пути и направлять медицинские/кризисные вопросы специалистам» и не выдавать учебный обзор за фетву.","Beginner 1","FND-161","Quran 2:286; 39:53; 94:5-6; safeguarding and clinical referral policy pending; curriculum design benchmarks only: Cambridge IGCSE Islamiyat 0493 (https://www.cambridgeinternational.org/programmes-and-qualifications/cambridge-igcse-islamiyat-0493/) and Yaqeen Curriculum (https://yaqeeninstitute.org/curriculum)","Muslingo-original outline. Quran quotations may use attributed verbatim Tanzil text. Translations, hadith editions, curricula and commentaries need item-level rights clearance; benchmark sources confer no copying right.","Planned, not publication-approved: named Islamic reviewer and source packet required; fiqh/aqidah-sensitive claims remain blocked until scope and valid differences are declared.","Не требуется","Qualified Islamic educator for safe pacing and help-seeking; fiqh/aqidah/hadith specialist where applicable; safeguarding professional for youth modules"
"FND-163","Foundations/Academy","Youth, wellbeing and new-Muslim path","163","Следовать не перегружающему пути и направлять медицинские/кризисные вопросы специалистам: Ключевая лексика","Корректно использовать базовые термины темы «Следовать не перегружающему пути и направлять медицинские/кризисные вопросы специалистам» и отмечать слова, требующие перевода/пояснения.","Beginner 1","FND-162","Quran 2:286; 39:53; 94:5-6; safeguarding and clinical referral policy pending; curriculum design benchmarks only: Cambridge IGCSE Islamiyat 0493 (https://www.cambridgeinternational.org/programmes-and-qualifications/cambridge-igcse-islamiyat-0493/) and Yaqeen Curriculum (https://yaqeeninstitute.org/curriculum)","Muslingo-original outline. Quran quotations may use attributed verbatim Tanzil text. Translations, hadith editions, curricula and commentaries need item-level rights clearance; benchmark sources confer no copying right.","Planned, not publication-approved: named Islamic reviewer and source packet required; fiqh/aqidah-sensitive claims remain blocked until scope and valid differences are declared.","Опционально: терминологическая анимация","Qualified Islamic educator for safe pacing and help-seeking; fiqh/aqidah/hadith specialist where applicable; safeguarding professional for youth modules"
"FND-164","Foundations/Academy","Youth, wellbeing and new-Muslim path","164","Следовать не перегружающему пути и направлять медицинские/кризисные вопросы специалистам: Направляемое чтение доказательств","Находить указанные аяты или источник по локатору для темы «Следовать не перегружающему пути и направлять медицинские/кризисные вопросы специалистам», отделяя цитату от редакционного объяснения.","Beginner 2","FND-163","Quran 2:286; 39:53; 94:5-6; safeguarding and clinical referral policy pending; curriculum design benchmarks only: Cambridge IGCSE Islamiyat 0493 (https://www.cambridgeinternational.org/programmes-and-qualifications/cambridge-igcse-islamiyat-0493/) and Yaqeen Curriculum (https://yaqeeninstitute.org/curriculum)","Muslingo-original outline. Quran quotations may use attributed verbatim Tanzil text. Translations, hadith editions, curricula and commentaries need item-level rights clearance; benchmark sources confer no copying right.","Planned, not publication-approved: named Islamic reviewer and source packet required; fiqh/aqidah-sensitive claims remain blocked until scope and valid differences are declared.","Рекомендуется: source walkthrough","Qualified Islamic educator for safe pacing and help-seeking; fiqh/aqidah/hadith specialist where applicable; safeguarding professional for youth modules"
"FND-165","Foundations/Academy","Youth, wellbeing and new-Muslim path","165","Следовать не перегружающему пути и направлять медицинские/кризисные вопросы специалистам: Сценарий применения","Разобрать безопасный бытовой сценарий по теме «Следовать не перегружающему пути и направлять медицинские/кризисные вопросы специалистам» с несколькими правдоподобными вариантами и объяснением границ.","Intermediate 1","FND-164","Quran 2:286; 39:53; 94:5-6; safeguarding and clinical referral policy pending; curriculum design benchmarks only: Cambridge IGCSE Islamiyat 0493 (https://www.cambridgeinternational.org/programmes-and-qualifications/cambridge-igcse-islamiyat-0493/) and Yaqeen Curriculum (https://yaqeeninstitute.org/curriculum)","Muslingo-original outline. Quran quotations may use attributed verbatim Tanzil text. Translations, hadith editions, curricula and commentaries need item-level rights clearance; benchmark sources confer no copying right.","Planned, not publication-approved: named Islamic reviewer and source packet required; fiqh/aqidah-sensitive claims remain blocked until scope and valid differences are declared.","Рекомендуется: сценка без изображения пророков","Qualified Islamic educator for safe pacing and help-seeking; fiqh/aqidah/hadith specialist where applicable; safeguarding professional for youth modules"
"FND-166","Foundations/Academy","Youth, wellbeing and new-Muslim path","166","Следовать не перегружающему пути и направлять медицинские/кризисные вопросы специалистам: Типичная ошибка мышления","Распознать распространённое смешение источников или чрезмерное обобщение в теме «Следовать не перегружающему пути и направлять медицинские/кризисные вопросы специалистам».","Intermediate 1","FND-165","Quran 2:286; 39:53; 94:5-6; safeguarding and clinical referral policy pending; curriculum design benchmarks only: Cambridge IGCSE Islamiyat 0493 (https://www.cambridgeinternational.org/programmes-and-qualifications/cambridge-igcse-islamiyat-0493/) and Yaqeen Curriculum (https://yaqeeninstitute.org/curriculum)","Muslingo-original outline. Quran quotations may use attributed verbatim Tanzil text. Translations, hadith editions, curricula and commentaries need item-level rights clearance; benchmark sources confer no copying right.","Planned, not publication-approved: named Islamic reviewer and source packet required; fiqh/aqidah-sensitive claims remain blocked until scope and valid differences are declared.","Опционально","Qualified Islamic educator for safe pacing and help-seeking; fiqh/aqidah/hadith specialist where applicable; safeguarding professional for youth modules"
"FND-167","Foundations/Academy","Youth, wellbeing and new-Muslim path","167","Следовать не перегружающему пути и направлять медицинские/кризисные вопросы специалистам: Различия и направление к специалисту","Отметить, где по теме «Следовать не перегружающему пути и направлять медицинские/кризисные вопросы специалистам» возможны действительные различия, и сформулировать вопрос специалисту без самовольного решения.","Intermediate 1","FND-166","Quran 2:286; 39:53; 94:5-6; safeguarding and clinical referral policy pending; curriculum design benchmarks only: Cambridge IGCSE Islamiyat 0493 (https://www.cambridgeinternational.org/programmes-and-qualifications/cambridge-igcse-islamiyat-0493/) and Yaqeen Curriculum (https://yaqeeninstitute.org/curriculum)","Muslingo-original outline. Quran quotations may use attributed verbatim Tanzil text. Translations, hadith editions, curricula and commentaries need item-level rights clearance; benchmark sources confer no copying right.","Planned, not publication-approved: named Islamic reviewer and source packet required; fiqh/aqidah-sensitive claims remain blocked until scope and valid differences are declared.","Рекомендуется: два корректных reviewer perspectives","Qualified Islamic educator for safe pacing and help-seeking; fiqh/aqidah/hadith specialist where applicable; safeguarding professional for youth modules"
"FND-168","Foundations/Academy","Youth, wellbeing and new-Muslim path","168","Следовать не перегружающему пути и направлять медицинские/кризисные вопросы специалистам: Личная практика без публичной оценки","Составить приватное небольшое действие или план по теме «Следовать не перегружающему пути и направлять медицинские/кризисные вопросы специалистам» без рейтинга религиозности и публикации личных данных.","Intermediate 1","FND-167","Quran 2:286; 39:53; 94:5-6; safeguarding and clinical referral policy pending; curriculum design benchmarks only: Cambridge IGCSE Islamiyat 0493 (https://www.cambridgeinternational.org/programmes-and-qualifications/cambridge-igcse-islamiyat-0493/) and Yaqeen Curriculum (https://yaqeeninstitute.org/curriculum)","Muslingo-original outline. Quran quotations may use attributed verbatim Tanzil text. Translations, hadith editions, curricula and commentaries need item-level rights clearance; benchmark sources confer no copying right.","Planned, not publication-approved: named Islamic reviewer and source packet required; fiqh/aqidah-sensitive claims remain blocked until scope and valid differences are declared.","Не требуется","Qualified Islamic educator for safe pacing and help-seeking; fiqh/aqidah/hadith specialist where applicable; safeguarding professional for youth modules"
"FND-169","Foundations/Academy","Youth, wellbeing and new-Muslim path","169","Следовать не перегружающему пути и направлять медицинские/кризисные вопросы специалистам: Отложенное извлечение","Через интервал восстановить ключевые понятия и источниковые границы темы «Следовать не перегружающему пути и направлять медицинские/кризисные вопросы специалистам» без подсказки.","Intermediate 2","предыдущий модуль и интервал 48 часов","Quran 2:286; 39:53; 94:5-6; safeguarding and clinical referral policy pending; curriculum design benchmarks only: Cambridge IGCSE Islamiyat 0493 (https://www.cambridgeinternational.org/programmes-and-qualifications/cambridge-igcse-islamiyat-0493/) and Yaqeen Curriculum (https://yaqeeninstitute.org/curriculum)","Muslingo-original outline. Quran quotations may use attributed verbatim Tanzil text. Translations, hadith editions, curricula and commentaries need item-level rights clearance; benchmark sources confer no copying right.","Planned, not publication-approved: named Islamic reviewer and source packet required; fiqh/aqidah-sensitive claims remain blocked until scope and valid differences are declared.","Не требуется","Qualified Islamic educator for safe pacing and help-seeking; fiqh/aqidah/hadith specialist where applicable; safeguarding professional for youth modules"
"FND-170","Foundations/Academy","Youth, wellbeing and new-Muslim path","170","Следовать не перегружающему пути и направлять медицинские/кризисные вопросы специалистам: Итоговое объяснение с источниками","Дать краткое, нейтральное и цитируемое объяснение темы «Следовать не перегружающему пути и направлять медицинские/кризисные вопросы специалистам», явно указав неизвестное и маршрут эскалации.","Intermediate 2","FND-169","Quran 2:286; 39:53; 94:5-6; safeguarding and clinical referral policy pending; curriculum design benchmarks only: Cambridge IGCSE Islamiyat 0493 (https://www.cambridgeinternational.org/programmes-and-qualifications/cambridge-igcse-islamiyat-0493/) and Yaqeen Curriculum (https://yaqeeninstitute.org/curriculum)","Muslingo-original outline. Quran quotations may use attributed verbatim Tanzil text. Translations, hadith editions, curricula and commentaries need item-level rights clearance; benchmark sources confer no copying right.","Planned, not publication-approved: named Islamic reviewer and source packet required; fiqh/aqidah-sensitive claims remain blocked until scope and valid differences are declared.","Рекомендуется: разбор эксперта","Qualified Islamic educator for safe pacing and help-seeking; fiqh/aqidah/hadith specialist where applicable; safeguarding professional for youth modules"
"FND-171","Foundations/Academy","Digital ethics and citizenship","171","Проверять информацию, уважать приватность и распознавать цифровой вред: Ориентация и границы","Объяснить, что включает тема «Проверять информацию, уважать приватность и распознавать цифровой вред», чего модуль не решает и когда нужен квалифицированный специалист.","Beginner 1","Не требуется","Quran 17:36; 24:27; 49:6,12; IIFA Resolution 244 (6/25); curriculum design benchmarks only: Cambridge IGCSE Islamiyat 0493 (https://www.cambridgeinternational.org/programmes-and-qualifications/cambridge-igcse-islamiyat-0493/) and Yaqeen Curriculum (https://yaqeeninstitute.org/curriculum)","Muslingo-original outline. Quran quotations may use attributed verbatim Tanzil text. Translations, hadith editions, curricula and commentaries need item-level rights clearance; benchmark sources confer no copying right.","Planned, not publication-approved: named Islamic reviewer and source packet required; fiqh/aqidah-sensitive claims remain blocked until scope and valid differences are declared.","Рекомендуется: короткое введение","Qualified Islamic educator for digital conduct and safety; fiqh/aqidah/hadith specialist where applicable; safeguarding professional for youth modules"
"FND-172","Foundations/Academy","Digital ethics and citizenship","172","Проверять информацию, уважать приватность и распознавать цифровой вред: Карта источников","Сопоставить ключевые типы источников для темы «Проверять информацию, уважать приватность и распознавать цифровой вред» и не выдавать учебный обзор за фетву.","Beginner 1","FND-171","Quran 17:36; 24:27; 49:6,12; IIFA Resolution 244 (6/25); curriculum design benchmarks only: Cambridge IGCSE Islamiyat 0493 (https://www.cambridgeinternational.org/programmes-and-qualifications/cambridge-igcse-islamiyat-0493/) and Yaqeen Curriculum (https://yaqeeninstitute.org/curriculum)","Muslingo-original outline. Quran quotations may use attributed verbatim Tanzil text. Translations, hadith editions, curricula and commentaries need item-level rights clearance; benchmark sources confer no copying right.","Planned, not publication-approved: named Islamic reviewer and source packet required; fiqh/aqidah-sensitive claims remain blocked until scope and valid differences are declared.","Не требуется","Qualified Islamic educator for digital conduct and safety; fiqh/aqidah/hadith specialist where applicable; safeguarding professional for youth modules"
"FND-173","Foundations/Academy","Digital ethics and citizenship","173","Проверять информацию, уважать приватность и распознавать цифровой вред: Ключевая лексика","Корректно использовать базовые термины темы «Проверять информацию, уважать приватность и распознавать цифровой вред» и отмечать слова, требующие перевода/пояснения.","Beginner 1","FND-172","Quran 17:36; 24:27; 49:6,12; IIFA Resolution 244 (6/25); curriculum design benchmarks only: Cambridge IGCSE Islamiyat 0493 (https://www.cambridgeinternational.org/programmes-and-qualifications/cambridge-igcse-islamiyat-0493/) and Yaqeen Curriculum (https://yaqeeninstitute.org/curriculum)","Muslingo-original outline. Quran quotations may use attributed verbatim Tanzil text. Translations, hadith editions, curricula and commentaries need item-level rights clearance; benchmark sources confer no copying right.","Planned, not publication-approved: named Islamic reviewer and source packet required; fiqh/aqidah-sensitive claims remain blocked until scope and valid differences are declared.","Опционально: терминологическая анимация","Qualified Islamic educator for digital conduct and safety; fiqh/aqidah/hadith specialist where applicable; safeguarding professional for youth modules"
"FND-174","Foundations/Academy","Digital ethics and citizenship","174","Проверять информацию, уважать приватность и распознавать цифровой вред: Направляемое чтение доказательств","Находить указанные аяты или источник по локатору для темы «Проверять информацию, уважать приватность и распознавать цифровой вред», отделяя цитату от редакционного объяснения.","Beginner 2","FND-173","Quran 17:36; 24:27; 49:6,12; IIFA Resolution 244 (6/25); curriculum design benchmarks only: Cambridge IGCSE Islamiyat 0493 (https://www.cambridgeinternational.org/programmes-and-qualifications/cambridge-igcse-islamiyat-0493/) and Yaqeen Curriculum (https://yaqeeninstitute.org/curriculum)","Muslingo-original outline. Quran quotations may use attributed verbatim Tanzil text. Translations, hadith editions, curricula and commentaries need item-level rights clearance; benchmark sources confer no copying right.","Planned, not publication-approved: named Islamic reviewer and source packet required; fiqh/aqidah-sensitive claims remain blocked until scope and valid differences are declared.","Рекомендуется: source walkthrough","Qualified Islamic educator for digital conduct and safety; fiqh/aqidah/hadith specialist where applicable; safeguarding professional for youth modules"
"FND-175","Foundations/Academy","Digital ethics and citizenship","175","Проверять информацию, уважать приватность и распознавать цифровой вред: Сценарий применения","Разобрать безопасный бытовой сценарий по теме «Проверять информацию, уважать приватность и распознавать цифровой вред» с несколькими правдоподобными вариантами и объяснением границ.","Intermediate 1","FND-174","Quran 17:36; 24:27; 49:6,12; IIFA Resolution 244 (6/25); curriculum design benchmarks only: Cambridge IGCSE Islamiyat 0493 (https://www.cambridgeinternational.org/programmes-and-qualifications/cambridge-igcse-islamiyat-0493/) and Yaqeen Curriculum (https://yaqeeninstitute.org/curriculum)","Muslingo-original outline. Quran quotations may use attributed verbatim Tanzil text. Translations, hadith editions, curricula and commentaries need item-level rights clearance; benchmark sources confer no copying right.","Planned, not publication-approved: named Islamic reviewer and source packet required; fiqh/aqidah-sensitive claims remain blocked until scope and valid differences are declared.","Рекомендуется: сценка без изображения пророков","Qualified Islamic educator for digital conduct and safety; fiqh/aqidah/hadith specialist where applicable; safeguarding professional for youth modules"
"FND-176","Foundations/Academy","Digital ethics and citizenship","176","Проверять информацию, уважать приватность и распознавать цифровой вред: Типичная ошибка мышления","Распознать распространённое смешение источников или чрезмерное обобщение в теме «Проверять информацию, уважать приватность и распознавать цифровой вред».","Intermediate 1","FND-175","Quran 17:36; 24:27; 49:6,12; IIFA Resolution 244 (6/25); curriculum design benchmarks only: Cambridge IGCSE Islamiyat 0493 (https://www.cambridgeinternational.org/programmes-and-qualifications/cambridge-igcse-islamiyat-0493/) and Yaqeen Curriculum (https://yaqeeninstitute.org/curriculum)","Muslingo-original outline. Quran quotations may use attributed verbatim Tanzil text. Translations, hadith editions, curricula and commentaries need item-level rights clearance; benchmark sources confer no copying right.","Planned, not publication-approved: named Islamic reviewer and source packet required; fiqh/aqidah-sensitive claims remain blocked until scope and valid differences are declared.","Опционально","Qualified Islamic educator for digital conduct and safety; fiqh/aqidah/hadith specialist where applicable; safeguarding professional for youth modules"
"FND-177","Foundations/Academy","Digital ethics and citizenship","177","Проверять информацию, уважать приватность и распознавать цифровой вред: Различия и направление к специалисту","Отметить, где по теме «Проверять информацию, уважать приватность и распознавать цифровой вред» возможны действительные различия, и сформулировать вопрос специалисту без самовольного решения.","Intermediate 1","FND-176","Quran 17:36; 24:27; 49:6,12; IIFA Resolution 244 (6/25); curriculum design benchmarks only: Cambridge IGCSE Islamiyat 0493 (https://www.cambridgeinternational.org/programmes-and-qualifications/cambridge-igcse-islamiyat-0493/) and Yaqeen Curriculum (https://yaqeeninstitute.org/curriculum)","Muslingo-original outline. Quran quotations may use attributed verbatim Tanzil text. Translations, hadith editions, curricula and commentaries need item-level rights clearance; benchmark sources confer no copying right.","Planned, not publication-approved: named Islamic reviewer and source packet required; fiqh/aqidah-sensitive claims remain blocked until scope and valid differences are declared.","Рекомендуется: два корректных reviewer perspectives","Qualified Islamic educator for digital conduct and safety; fiqh/aqidah/hadith specialist where applicable; safeguarding professional for youth modules"
"FND-178","Foundations/Academy","Digital ethics and citizenship","178","Проверять информацию, уважать приватность и распознавать цифровой вред: Личная практика без публичной оценки","Составить приватное небольшое действие или план по теме «Проверять информацию, уважать приватность и распознавать цифровой вред» без рейтинга религиозности и публикации личных данных.","Intermediate 1","FND-177","Quran 17:36; 24:27; 49:6,12; IIFA Resolution 244 (6/25); curriculum design benchmarks only: Cambridge IGCSE Islamiyat 0493 (https://www.cambridgeinternational.org/programmes-and-qualifications/cambridge-igcse-islamiyat-0493/) and Yaqeen Curriculum (https://yaqeeninstitute.org/curriculum)","Muslingo-original outline. Quran quotations may use attributed verbatim Tanzil text. Translations, hadith editions, curricula and commentaries need item-level rights clearance; benchmark sources confer no copying right.","Planned, not publication-approved: named Islamic reviewer and source packet required; fiqh/aqidah-sensitive claims remain blocked until scope and valid differences are declared.","Не требуется","Qualified Islamic educator for digital conduct and safety; fiqh/aqidah/hadith specialist where applicable; safeguarding professional for youth modules"
"FND-179","Foundations/Academy","Digital ethics and citizenship","179","Проверять информацию, уважать приватность и распознавать цифровой вред: Отложенное извлечение","Через интервал восстановить ключевые понятия и источниковые границы темы «Проверять информацию, уважать приватность и распознавать цифровой вред» без подсказки.","Intermediate 2","предыдущий модуль и интервал 48 часов","Quran 17:36; 24:27; 49:6,12; IIFA Resolution 244 (6/25); curriculum design benchmarks only: Cambridge IGCSE Islamiyat 0493 (https://www.cambridgeinternational.org/programmes-and-qualifications/cambridge-igcse-islamiyat-0493/) and Yaqeen Curriculum (https://yaqeeninstitute.org/curriculum)","Muslingo-original outline. Quran quotations may use attributed verbatim Tanzil text. Translations, hadith editions, curricula and commentaries need item-level rights clearance; benchmark sources confer no copying right.","Planned, not publication-approved: named Islamic reviewer and source packet required; fiqh/aqidah-sensitive claims remain blocked until scope and valid differences are declared.","Не требуется","Qualified Islamic educator for digital conduct and safety; fiqh/aqidah/hadith specialist where applicable; safeguarding professional for youth modules"
"FND-180","Foundations/Academy","Digital ethics and citizenship","180","Проверять информацию, уважать приватность и распознавать цифровой вред: Итоговое объяснение с источниками","Дать краткое, нейтральное и цитируемое объяснение темы «Проверять информацию, уважать приватность и распознавать цифровой вред», явно указав неизвестное и маршрут эскалации.","Intermediate 2","FND-179","Quran 17:36; 24:27; 49:6,12; IIFA Resolution 244 (6/25); curriculum design benchmarks only: Cambridge IGCSE Islamiyat 0493 (https://www.cambridgeinternational.org/programmes-and-qualifications/cambridge-igcse-islamiyat-0493/) and Yaqeen Curriculum (https://yaqeeninstitute.org/curriculum)","Muslingo-original outline. Quran quotations may use attributed verbatim Tanzil text. Translations, hadith editions, curricula and commentaries need item-level rights clearance; benchmark sources confer no copying right.","Planned, not publication-approved: named Islamic reviewer and source packet required; fiqh/aqidah-sensitive claims remain blocked until scope and valid differences are declared.","Рекомендуется: разбор эксперта","Qualified Islamic educator for digital conduct and safety; fiqh/aqidah/hadith specialist where applicable; safeguarding professional for youth modules"
