canonical_product_id,product,canonical_url,source_type,accessed_at,http_status,source_file
elevate,Elevate,https://elevateapp.com/,product,2026-09-11,200,tool/build_competitor_landscape.mjs | docs/research/competitors/edtech-growth-mechanics-2026-09-11.csv
elevate,Elevate,https://support.elevateapp.com/hc/en-us/articles/4402922583067-What-is-Elevate,documentation,2026-09-11,403,tool/build_competitor_landscape.mjs | docs/research/competitors/edtech-growth-mechanics-2026-09-11.csv
elevate,Elevate,https://support.elevateapp.com/hc/en-us/articles/4402925042715-What-is-a-streak,documentation,2026-09-11,403,tool/build_competitor_landscape.mjs | docs/research/competitors/edtech-growth-mechanics-2026-09-11.csv
elevate,Elevate,https://get.elevateapp.com/,product,2026-09-11,200,tool/build_competitor_landscape.mjs | docs/research/competitors/edtech-growth-mechanics-2026-09-11.csv
ayatika,Ayatika,https://play.google.com/store/apps/details?id=fr.ayatika.app,app_store,2026-09-11,200,docs/research/competitors/direct-quran-ai-competitors-2026-09-11.csv
ayatika,Ayatika,https://ayatika.fr,product,2026-09-11,200,docs/research/competitors/direct-quran-ai-competitors-2026-09-11.csv
zad-academy,Zad Academy,https://zad-academy.com/en,product,2026-09-11,200,docs/research/agents/product-pedagogy-expansion-2026-09-11.csv | docs/research/competitors/islamic-gamified-learning-2026-09-11.csv
zad-academy,Zad Academy,https://zad-academy.com/en/curriculum,product,2026-09-11,200,docs/research/agents/product-pedagogy-expansion-2026-09-11.csv | docs/research/competitors/islamic-gamified-learning-2026-09-11.csv
zad-academy,Zad Academy,https://support.zad-academy.com/en/275805-Exams,documentation,2026-09-11,200,docs/research/agents/product-pedagogy-expansion-2026-09-11.csv | docs/research/competitors/islamic-gamified-learning-2026-09-11.csv
noor,NOOR,https://noor.vip/,product,2026-09-11,200,tool/build_competitor_landscape.mjs
loora,Loora,https://www.loora.com/,product,2026-09-11,200,docs/research/competitors/edtech-growth-mechanics-2026-09-11.csv
loora,Loora,https://www.loora.com/support/billing-and-subscription/pricing-plans,documentation,2026-09-11,200,docs/research/competitors/edtech-growth-mechanics-2026-09-11.csv
loora,Loora,https://www.loora.com/use-cases/intermediate-english,product,2026-09-11,200,docs/research/competitors/edtech-growth-mechanics-2026-09-11.csv
praktika,Praktika,https://praktika.ai/,product,2026-09-11,200,docs/research/competitors/edtech-growth-mechanics-2026-09-11.csv
huffaz,Huffaz,https://www.huffaz.id/,product,2026-09-11,network_error,docs/research/competitors/direct-quran-ai-competitors-2026-09-11.csv
elsa-speak,ELSA Speak,https://elsaspeak.com/en,product,2026-09-11,200,docs/research/competitors/edtech-growth-mechanics-2026-09-11.csv
elsa-speak,ELSA Speak,https://elsaspeak.com/en/elsa-subscription,pricing,2026-09-11,200,docs/research/competitors/edtech-growth-mechanics-2026-09-11.csv
elsa-speak,ELSA Speak,https://elsaspeak.com/en/enterprise/business,product,2026-09-11,200,docs/research/competitors/edtech-growth-mechanics-2026-09-11.csv
speak,Speak,https://www.speak.com/,product,2026-09-11,200,docs/research/competitors/edtech-growth-mechanics-2026-09-11.csv
speak,Speak,https://help.speak.com/en/articles/5358417-what-s-the-difference-between-premium-and-premium-plus,documentation,2026-09-11,200,docs/research/competitors/edtech-growth-mechanics-2026-09-11.csv
speak,Speak,https://app.speak.com/us-en/gift,product,2026-09-11,200,docs/research/competitors/edtech-growth-mechanics-2026-09-11.csv
deendropz,DeenDropz,https://apps.apple.com/my/app/deendropz/id6759574013,app_store,2026-09-11,200,docs/research/competitors/islamic-gamified-learning-2026-09-11.csv
quran-by-islam-org,Quran+ by Islam.org,https://apps.apple.com/us/app/quran-by-islam-org/id1621850736,app_store,2026-09-11,200,docs/research/competitors/islamic-superapps-2026-09-11.csv
quran-by-islam-org,Quran+ by Islam.org,https://www.islamicity.org/,product,2026-09-11,403,docs/research/competitors/islamic-superapps-2026-09-11.csv
athan-pro,Athan Pro,https://apps.apple.com/us/app/athan-pro-muslim-prayer-times/id743843090,app_store,2026-09-11,200,docs/research/competitors/islamic-superapps-2026-09-11.csv
al-islam-islamic-pillars,Al-Islam: Islamic Pillars,https://apps.apple.com/us/app/al-islam-islamic-pillars/id6449729655,app_store,2026-09-11,200,docs/research/competitors/islamic-superapps-2026-09-11.csv
amau-academy,AMAU Academy,https://www.amauacademy.com/,product,2026-09-11,200,docs/research/agents/product-pedagogy-expansion-2026-09-11.csv | docs/research/competitors/islamic-gamified-learning-2026-09-11.csv | docs/research/competitors/competitive-growth-switching-2026-09-11.csv
amau-academy,AMAU Academy,https://helpdesk.amauacademy.com/articles/getting-started-with-amau/what-is-amau-academy/,documentation,2026-09-11,200,docs/research/agents/product-pedagogy-expansion-2026-09-11.csv | docs/research/competitors/islamic-gamified-learning-2026-09-11.csv | docs/research/competitors/competitive-growth-switching-2026-09-11.csv
amau-academy,AMAU Academy,https://www.amauacademy.com/pages/plans,pricing,2026-09-11,200,docs/research/agents/product-pedagogy-expansion-2026-09-11.csv | docs/research/competitors/islamic-gamified-learning-2026-09-11.csv | docs/research/competitors/competitive-growth-switching-2026-09-11.csv
amau-academy,AMAU Academy,https://helpdesk.amauacademy.com/articles/gift-sharing-and-family-use/refer-and-win/,documentation,2026-09-11,200,docs/research/agents/product-pedagogy-expansion-2026-09-11.csv | docs/research/competitors/islamic-gamified-learning-2026-09-11.csv | docs/research/competitors/competitive-growth-switching-2026-09-11.csv
alifbee-kids,AlifBee Kids,https://alifbeekids.com/ar,product,2026-09-11,200,docs/research/competitors/kids-family-new-muslim-2026-09-11.csv
alifbee-kids,AlifBee Kids,https://help.alifbee.com/hc/en-us/articles/10239530428573--What-is-AlifBee-Kids,documentation,2026-09-11,403,docs/research/competitors/kids-family-new-muslim-2026-09-11.csv
alifbee-kids,AlifBee Kids,https://help.alifbee.com/hc/en-us/articles/10213436606621--AlifBee-Kids-Sections,documentation,2026-09-11,403,docs/research/competitors/kids-family-new-muslim-2026-09-11.csv
alifbee-kids,AlifBee Kids,https://help.alifbee.com/hc/en-us/articles/10239728344477--Is-AlifBee-Kids-free,documentation,2026-09-11,403,docs/research/competitors/kids-family-new-muslim-2026-09-11.csv
madinah-arabic,Madinah Arabic,https://madinaharabic.com/free-content/reading,product,2026-09-11,200,tool/build_competitor_landscape.mjs
arabic101,Arabic101,https://arabic101.org/,product,2026-09-11,200,docs/research/agents/product-pedagogy-expansion-2026-09-11.csv | docs/research/competitors/competitive-growth-switching-2026-09-11.csv
arabic101,Arabic101,https://academy.arabic101.org/courses/,product,2026-09-11,200,docs/research/agents/product-pedagogy-expansion-2026-09-11.csv | docs/research/competitors/competitive-growth-switching-2026-09-11.csv
arabic101,Arabic101,https://academy.arabic101.org/tiersplans3/,pricing,2026-09-11,200,docs/research/agents/product-pedagogy-expansion-2026-09-11.csv | docs/research/competitors/competitive-growth-switching-2026-09-11.csv
arabic101,Arabic101,https://arabic101.org/aca/getting-started/,product,2026-09-11,200,docs/research/agents/product-pedagogy-expansion-2026-09-11.csv | docs/research/competitors/competitive-growth-switching-2026-09-11.csv
arabic101,Arabic101,https://arabic101.org/aca/faq-teaching/,documentation,2026-09-11,200,docs/research/agents/product-pedagogy-expansion-2026-09-11.csv | docs/research/competitors/competitive-growth-switching-2026-09-11.csv
pimsleur,Pimsleur,https://www.pimsleur.com/,product,2026-09-11,200,docs/research/agents/product-pedagogy-expansion-2026-09-11.csv | docs/research/competitors/edtech-growth-mechanics-2026-09-11.csv | docs/research/competitors/competitor-pricing-packaging-2026-09-11.csv | docs/research/competitors/competitor-review-painpoints-2026-09-11.csv
pimsleur,Pimsleur,https://www.pimsleur.com/pimsleur-faq/,documentation,2026-09-11,200,docs/research/agents/product-pedagogy-expansion-2026-09-11.csv | docs/research/competitors/edtech-growth-mechanics-2026-09-11.csv | docs/research/competitors/competitor-pricing-packaging-2026-09-11.csv | docs/research/competitors/competitor-review-painpoints-2026-09-11.csv
pimsleur,Pimsleur,https://www.pimsleur.com/learn-french/subscription-audio/,pricing,2026-09-11,200,docs/research/agents/product-pedagogy-expansion-2026-09-11.csv | docs/research/competitors/edtech-growth-mechanics-2026-09-11.csv | docs/research/competitors/competitor-pricing-packaging-2026-09-11.csv | docs/research/competitors/competitor-review-painpoints-2026-09-11.csv
pimsleur,Pimsleur,https://www.pimsleur.com/learn-arabic-modern-standard,product,2026-09-11,200,docs/research/agents/product-pedagogy-expansion-2026-09-11.csv | docs/research/competitors/edtech-growth-mechanics-2026-09-11.csv | docs/research/competitors/competitor-pricing-packaging-2026-09-11.csv | docs/research/competitors/competitor-review-painpoints-2026-09-11.csv
hifz-jatra,Hifz Jatra,https://play.google.com/store/apps/details?id=com.ummahfirstlabs.hifzjatra,app_store,2026-09-11,200,docs/research/competitors/direct-quran-ai-competitors-2026-09-11.csv
hifz-jatra,Hifz Jatra,https://hifzjatra.top,product,2026-09-11,200,docs/research/competitors/direct-quran-ai-competitors-2026-09-11.csv
irshad,Irshad,https://apps.apple.com/us/app/irshad-islamic-learning/id6761447206,app_store,2026-09-11,200,docs/research/competitors/islamic-gamified-learning-2026-09-11.csv
safar-publications,Safar Publications,https://www.safaracademy.org/curriculum/,product,2026-09-11,200,docs/research/agents/product-pedagogy-expansion-2026-09-11.csv
safar-publications,Safar Publications,https://safarpublications.org/islamic-studies-primary/,product,2026-09-11,403,docs/research/agents/product-pedagogy-expansion-2026-09-11.csv
safar-publications,Safar Publications,https://docs.safarpublications.org/article/76-who-writes-the-textbooks,documentation,2026-09-11,403,docs/research/agents/product-pedagogy-expansion-2026-09-11.csv
naml,Naml,https://naml-app.com/en,product,2026-09-11,200,docs/research/agents/product-pedagogy-expansion-2026-09-11.csv | docs/research/competitors/direct-quran-ai-competitors-2026-09-11.csv | docs/research/competitors/islamic-gamified-learning-2026-09-11.csv | docs/research/competitors/kids-family-new-muslim-2026-09-11.csv | docs/research/competitors/competitive-growth-switching-2026-09-11.csv | docs/research/competitors/competitor-pricing-packaging-2026-09-11.csv | docs/research/competitors/competitor-review-painpoints-2026-09-11.csv
naml,Naml,https://naml-app.com/en/pricing,pricing,2026-09-11,200,docs/research/agents/product-pedagogy-expansion-2026-09-11.csv | docs/research/competitors/direct-quran-ai-competitors-2026-09-11.csv | docs/research/competitors/islamic-gamified-learning-2026-09-11.csv | docs/research/competitors/kids-family-new-muslim-2026-09-11.csv | docs/research/competitors/competitive-growth-switching-2026-09-11.csv | docs/research/competitors/competitor-pricing-packaging-2026-09-11.csv | docs/research/competitors/competitor-review-painpoints-2026-09-11.csv
naml,Naml,https://naml-app.com/en/legal/privacy,policy,2026-09-11,200,docs/research/agents/product-pedagogy-expansion-2026-09-11.csv | docs/research/competitors/direct-quran-ai-competitors-2026-09-11.csv | docs/research/competitors/islamic-gamified-learning-2026-09-11.csv | docs/research/competitors/kids-family-new-muslim-2026-09-11.csv | docs/research/competitors/competitive-growth-switching-2026-09-11.csv | docs/research/competitors/competitor-pricing-packaging-2026-09-11.csv | docs/research/competitors/competitor-review-painpoints-2026-09-11.csv
naml,Naml,https://naml-app.com/ar/pricing,pricing,2026-09-11,200,docs/research/agents/product-pedagogy-expansion-2026-09-11.csv | docs/research/competitors/direct-quran-ai-competitors-2026-09-11.csv | docs/research/competitors/islamic-gamified-learning-2026-09-11.csv | docs/research/competitors/kids-family-new-muslim-2026-09-11.csv | docs/research/competitors/competitive-growth-switching-2026-09-11.csv | docs/research/competitors/competitor-pricing-packaging-2026-09-11.csv | docs/research/competitors/competitor-review-painpoints-2026-09-11.csv
learning-roots-kiitab,Learning Roots / Kiitab,https://www.learningroots.us/,product,2026-09-11,200,docs/research/competitors/kids-family-new-muslim-2026-09-11.csv
learning-roots-kiitab,Learning Roots / Kiitab,https://www.learningroots.com/products/home-progress-kit-free-download,product,2026-09-11,200,docs/research/competitors/kids-family-new-muslim-2026-09-11.csv
hifzai-by-nxgenz,HifzAI by NxGenZ,https://hifzai.org/,product,2026-09-11,200,docs/research/competitors/direct-quran-ai-competitors-2026-09-11.csv | docs/research/competitors/competitor-pricing-packaging-2026-09-11.csv
hifzai-by-nxgenz,HifzAI by NxGenZ,https://hifzai.org/privacy,policy,2026-09-11,200,docs/research/competitors/direct-quran-ai-competitors-2026-09-11.csv | docs/research/competitors/competitor-pricing-packaging-2026-09-11.csv
almaghrib-institute,AlMaghrib Institute,https://www.almaghrib.org/online/,product,2026-09-11,200,docs/research/competitors/islamic-gamified-learning-2026-09-11.csv
almaghrib-institute,AlMaghrib Institute,https://www.almaghrib.org/allaccess/,product,2026-09-11,200,docs/research/competitors/islamic-gamified-learning-2026-09-11.csv
lingq,LingQ,https://www.lingq.com/en/ios-app/,product,2026-09-11,200,docs/research/agents/product-pedagogy-expansion-2026-09-11.csv | docs/research/competitors/edtech-growth-mechanics-2026-09-11.csv | docs/research/competitors/competitive-growth-switching-2026-09-11.csv
lingq,LingQ,https://www.lingq.com/en/schools/,product,2026-09-11,200,docs/research/agents/product-pedagogy-expansion-2026-09-11.csv | docs/research/competitors/edtech-growth-mechanics-2026-09-11.csv | docs/research/competitors/competitive-growth-switching-2026-09-11.csv
lingq,LingQ,https://www.lingq.com/en/signup/,product,2026-09-11,200,docs/research/agents/product-pedagogy-expansion-2026-09-11.csv | docs/research/competitors/edtech-growth-mechanics-2026-09-11.csv | docs/research/competitors/competitive-growth-switching-2026-09-11.csv
lingq,LingQ,https://www.lingq.com/,product,2026-09-11,200,docs/research/agents/product-pedagogy-expansion-2026-09-11.csv | docs/research/competitors/edtech-growth-mechanics-2026-09-11.csv | docs/research/competitors/competitive-growth-switching-2026-09-11.csv
lingq,LingQ,https://www.lingq.com/en/accounts/new/,product,2026-09-11,200,docs/research/agents/product-pedagogy-expansion-2026-09-11.csv | docs/research/competitors/edtech-growth-mechanics-2026-09-11.csv | docs/research/competitors/competitive-growth-switching-2026-09-11.csv
clozemaster,Clozemaster,https://www.clozemaster.com/pro?source=signup,product,2026-09-11,200,docs/research/competitors/edtech-growth-mechanics-2026-09-11.csv
clozemaster,Clozemaster,https://www.clozemaster.com/l/deu-eng/collections/fluency-fast-track-f3f781f5-b1a4-48e4-8c93-9c85355c9479,product,2026-09-11,200,docs/research/competitors/edtech-growth-mechanics-2026-09-11.csv
coursera-arabic,Coursera Arabic,https://www.coursera.org/learn/arabic-for-beginners-1-arabic-alphabet-and-phonology,product,2026-09-11,200,tool/build_competitor_landscape.mjs
safar-journey2jannah,Safar Journey2Jannah,https://safarpublications.org/,product,2026-09-11,403,docs/research/competitors/islamic-gamified-learning-2026-09-11.csv
safar-journey2jannah,Safar Journey2Jannah,https://docs.safarpublications.org/,documentation,2026-09-11,403,docs/research/competitors/islamic-gamified-learning-2026-09-11.csv
miyao,Miyao,https://miyaokids.com/,product,2026-09-11,200,docs/research/competitors/islamic-gamified-learning-2026-09-11.csv
sajda,Sajda,https://sajda.com/,product,2026-09-11,200,docs/research/agents/product-pedagogy-expansion-2026-09-11.csv | docs/research/competitors/islamic-superapps-2026-09-11.csv | docs/research/competitors/competitive-growth-switching-2026-09-11.csv | docs/research/competitors/competitor-pricing-packaging-2026-09-11.csv | docs/research/competitors/competitor-review-painpoints-2026-09-11.csv
sajda,Sajda,https://sajda.com/en,product,2026-09-11,200,docs/research/agents/product-pedagogy-expansion-2026-09-11.csv | docs/research/competitors/islamic-superapps-2026-09-11.csv | docs/research/competitors/competitive-growth-switching-2026-09-11.csv | docs/research/competitors/competitor-pricing-packaging-2026-09-11.csv | docs/research/competitors/competitor-review-painpoints-2026-09-11.csv
sajda,Sajda,https://sajda.com/en/privacy,policy,2026-09-11,200,docs/research/agents/product-pedagogy-expansion-2026-09-11.csv | docs/research/competitors/islamic-superapps-2026-09-11.csv | docs/research/competitors/competitive-growth-switching-2026-09-11.csv | docs/research/competitors/competitor-pricing-packaging-2026-09-11.csv | docs/research/competitors/competitor-review-painpoints-2026-09-11.csv
qalam,Qalam,https://apps.apple.com/us/app/qalam-quran-deen-stories/id6744072027,app_store,2026-09-11,200,docs/research/competitors/islamic-superapps-2026-09-11.csv
beckah-games,Beckah Games,https://www.beckah.org/en/games,product,2026-09-11,200,docs/research/competitors/kids-family-new-muslim-2026-09-11.csv
ameen,Ameen,https://apps.apple.com/us/app/ameen-quran-athan-prayer/id6742055838,app_store,2026-09-11,200,docs/research/competitors/islamic-superapps-2026-09-11.csv
hafiz-quran-memorization,Hafiz - Quran Memorization,https://play.google.com/store/apps/details?id=com.hafiz.app.hafiz_app,app_store,2026-09-11,200,docs/research/competitors/direct-quran-ai-competitors-2026-09-11.csv
hifzease,HifzEase,https://play.google.com/store/apps/details?id=com.zuapps.hifz_ease,app_store,2026-09-11,200,docs/research/competitors/direct-quran-ai-competitors-2026-09-11.csv
tathbeet,Tathbeet,https://play.google.com/store/apps/details?id=linahfad.quran.app,app_store,2026-09-11,200,docs/research/competitors/direct-quran-ai-competitors-2026-09-11.csv
tathbeet,Tathbeet,https://play.google.com/store/apps/details?id=linahfad.warshquran.app,app_store,2026-09-11,200,docs/research/competitors/direct-quran-ai-competitors-2026-09-11.csv
nuri,Nuri,https://learnwithnuri.com/,product,2026-09-11,200,docs/research/competitors/islamic-gamified-learning-2026-09-11.csv
itqan-ayah,Itqan Ayah,https://apps.apple.com/sa/app/itqan-ayah-quran-memorization/id6468956692,app_store,2026-09-11,200,docs/research/competitors/direct-quran-ai-competitors-2026-09-11.csv | docs/research/competitors/competitor-pricing-packaging-2026-09-11.csv | docs/research/competitors/competitor-review-painpoints-2026-09-11.csv
sabil-children-academy,SABIL Children Academy,https://thesabilinstitute.org/masjid/academy/children,product,2026-09-11,200,tool/build_competitor_landscape.mjs
journey2jannah,Journey2Jannah,https://journey2jannah.com/,product,2026-09-11,200,tool/build_competitor_landscape.mjs
salam-learn,Salam Learn,https://salamgames.com/learn/,product,2026-09-11,200,docs/research/competitors/islamic-gamified-learning-2026-09-11.csv
learndeen,LearnDeen,https://play.google.com/store/apps/details?id=com.learndeen.learndeen,app_store,2026-09-11,200,docs/research/competitors/islamic-gamified-learning-2026-09-11.csv
mondly,Mondly,https://www.mondly.com/,product,2026-09-11,405,tool/build_competitor_landscape.mjs | docs/research/competitors/edtech-growth-mechanics-2026-09-11.csv
mondly,Mondly,https://apps.apple.com/us/app/mondly-learn-41-languages/id987873536,app_store,2026-09-11,200,tool/build_competitor_landscape.mjs | docs/research/competitors/edtech-growth-mechanics-2026-09-11.csv
mondly,Mondly,https://www.pearson.com/languages/en-us/educators/mondly-by-pearson.html,product,2026-09-11,200,tool/build_competitor_landscape.mjs | docs/research/competitors/edtech-growth-mechanics-2026-09-11.csv
sabinoor,Sabinoor,https://sabinoor.com/,product,2026-09-11,200,docs/research/competitors/islamic-gamified-learning-2026-09-11.csv | docs/research/competitors/competitor-pricing-packaging-2026-09-11.csv
sabinoor,Sabinoor,https://apps.apple.com/us/app/sabinoor/id6765837763,app_store,2026-09-11,200,docs/research/competitors/islamic-gamified-learning-2026-09-11.csv | docs/research/competitors/competitor-pricing-packaging-2026-09-11.csv
sabinoor,Sabinoor,https://www.sabinoor.com/,product,2026-09-11,200,docs/research/competitors/islamic-gamified-learning-2026-09-11.csv | docs/research/competitors/competitor-pricing-packaging-2026-09-11.csv
quran-era,Quran Era,https://quranera.com/FAQ.html,product,2026-09-11,200,docs/research/competitors/islamic-gamified-learning-2026-09-11.csv | docs/research/competitors/kids-family-new-muslim-2026-09-11.csv | docs/research/competitors/competitor-pricing-packaging-2026-09-11.csv | docs/research/competitors/competitor-review-painpoints-2026-09-11.csv
quran-era,Quran Era,https://quranera.com/pricing.html,pricing,2026-09-11,200,docs/research/competitors/islamic-gamified-learning-2026-09-11.csv | docs/research/competitors/kids-family-new-muslim-2026-09-11.csv | docs/research/competitors/competitor-pricing-packaging-2026-09-11.csv | docs/research/competitors/competitor-review-painpoints-2026-09-11.csv
quran-era,Quran Era,https://quranera.com/privacy-policy.html,policy,2026-09-11,200,docs/research/competitors/islamic-gamified-learning-2026-09-11.csv | docs/research/competitors/kids-family-new-muslim-2026-09-11.csv | docs/research/competitors/competitor-pricing-packaging-2026-09-11.csv | docs/research/competitors/competitor-review-painpoints-2026-09-11.csv
quran-era,Quran Era,https://quranera.com/live-classes.html,product,2026-09-11,200,docs/research/competitors/islamic-gamified-learning-2026-09-11.csv | docs/research/competitors/kids-family-new-muslim-2026-09-11.csv | docs/research/competitors/competitor-pricing-packaging-2026-09-11.csv | docs/research/competitors/competitor-review-painpoints-2026-09-11.csv
quran-for-kids-tarteel-noor,"Quran For Kids, Tarteel: NOOR",https://play.google.com/store/apps/details?hl=en_US&id=com.kaderisoft.islam,app_store,2026-09-11,200,docs/research/competitors/kids-family-new-muslim-2026-09-11.csv
iman-app,iman.app,https://iman.app/,product,2026-09-11,200,docs/research/competitors/direct-quran-ai-competitors-2026-09-11.csv | docs/research/competitors/competitor-pricing-packaging-2026-09-11.csv | docs/research/competitors/competitor-review-painpoints-2026-09-11.csv
iman-app,iman.app,https://iman.app/pricing,pricing,2026-09-11,200,docs/research/competitors/direct-quran-ai-competitors-2026-09-11.csv | docs/research/competitors/competitor-pricing-packaging-2026-09-11.csv | docs/research/competitors/competitor-review-painpoints-2026-09-11.csv
iman-app,iman.app,https://apps.apple.com/us/app/iman-app-memorize-quran/id6736880861,app_store,2026-09-11,200,docs/research/competitors/direct-quran-ai-competitors-2026-09-11.csv | docs/research/competitors/competitor-pricing-packaging-2026-09-11.csv | docs/research/competitors/competitor-review-painpoints-2026-09-11.csv
lingodeer,LingoDeer,https://www.lingodeer.com/,product,2026-09-11,200,tool/build_competitor_landscape.mjs | docs/research/competitors/edtech-growth-mechanics-2026-09-11.csv
lingodeer,LingoDeer,https://lingodeer.freshdesk.com/support/solutions/articles/61000194357-is-lingodeer-free-how-much-is-it-,documentation,2026-09-11,200,tool/build_competitor_landscape.mjs | docs/research/competitors/edtech-growth-mechanics-2026-09-11.csv
lingodeer,LingoDeer,https://lingodeer.freshdesk.com/support/solutions/articles/61000307428-where-is-fluent-and-what-is-it-,documentation,2026-09-11,200,tool/build_competitor_landscape.mjs | docs/research/competitors/edtech-growth-mechanics-2026-09-11.csv
durioo,Durioo+,https://duriooplus.com/pricing,pricing,2026-09-11,200,docs/research/competitors/kids-family-new-muslim-2026-09-11.csv | docs/research/competitors/competitor-pricing-packaging-2026-09-11.csv | docs/research/competitors/competitor-review-painpoints-2026-09-11.csv
durioo,Durioo+,https://join.duriooplus.com/,product,2026-09-11,200,docs/research/competitors/kids-family-new-muslim-2026-09-11.csv | docs/research/competitors/competitor-pricing-packaging-2026-09-11.csv | docs/research/competitors/competitor-review-painpoints-2026-09-11.csv
durioo,Durioo+,https://apps.apple.com/us/app/durioo-by-omar-hana-makers/id1605538612,app_store,2026-09-11,200,docs/research/competitors/kids-family-new-muslim-2026-09-11.csv | docs/research/competitors/competitor-pricing-packaging-2026-09-11.csv | docs/research/competitors/competitor-review-painpoints-2026-09-11.csv
durioo,Durioo+,https://play.google.com/store/apps/details?hl=en_US&id=ott.durioo1,app_store,2026-09-11,200,docs/research/competitors/kids-family-new-muslim-2026-09-11.csv | docs/research/competitors/competitor-pricing-packaging-2026-09-11.csv | docs/research/competitors/competitor-review-painpoints-2026-09-11.csv
durioo,Durioo+,https://join.duriooplus.com/safescreentime/,product,2026-09-11,200,docs/research/competitors/kids-family-new-muslim-2026-09-11.csv | docs/research/competitors/competitor-pricing-packaging-2026-09-11.csv | docs/research/competitors/competitor-review-painpoints-2026-09-11.csv
maqraa,Maqraa,https://maqraa.prh.gov.sa/en,product,2026-09-11,200,tool/build_competitor_landscape.mjs
ayat-al-quran,Ayat: Al Quran,https://apps.apple.com/us/app/ayat-al-quran-%D8%A7%D9%84%D9%82%D8%B1%D8%A2%D9%86-%D8%A7%D9%84%D9%83%D8%B1%D9%8A%D9%85/id634325420,app_store,2026-09-11,200,docs/research/competitors/islamic-superapps-2026-09-11.csv
ayat-al-quran,Ayat: Al Quran,https://quran.ksu.edu.sa/,product,2026-09-11,200,docs/research/competitors/islamic-superapps-2026-09-11.csv
hakma-taleem,Hakma Taleem,https://hakmakids.com/,product,2026-09-11,200,docs/research/competitors/islamic-gamified-learning-2026-09-11.csv
brilliant,Brilliant,https://brilliant.org/,product,2026-09-11,200,tool/build_competitor_landscape.mjs | docs/research/competitors/edtech-growth-mechanics-2026-09-11.csv
brilliant,Brilliant,https://brilliant.org/help/features/what-are-learning-paths/,documentation,2026-09-11,200,tool/build_competitor_landscape.mjs | docs/research/competitors/edtech-growth-mechanics-2026-09-11.csv
brilliant,Brilliant,https://brilliant.org/help/features/what-is-a-streak/,documentation,2026-09-11,200,tool/build_competitor_landscape.mjs | docs/research/competitors/edtech-growth-mechanics-2026-09-11.csv
brilliant,Brilliant,https://brilliant.org/help/features/,documentation,2026-09-11,200,tool/build_competitor_landscape.mjs | docs/research/competitors/edtech-growth-mechanics-2026-09-11.csv
journey2jannah-safar-ecosystem,Journey2Jannah / Safar ecosystem,https://safarpublications.org/,product,2026-09-11,403,docs/research/competitors/kids-family-new-muslim-2026-09-11.csv
journey2jannah-safar-ecosystem,Journey2Jannah / Safar ecosystem,https://docs.safarpublications.org/,documentation,2026-09-11,403,docs/research/competitors/kids-family-new-muslim-2026-09-11.csv
journey2jannah-safar-ecosystem,Journey2Jannah / Safar ecosystem,https://safarpublications.org/help-center/islamic-studies/primary-islamic-studies-syllabus/are-safar-publications-available-as-ebooks-or-digital-downloads/,documentation,2026-09-11,403,docs/research/competitors/kids-family-new-muslim-2026-09-11.csv
journey2jannah-safar-ecosystem,Journey2Jannah / Safar ecosystem,https://resources.safarpublications.org/,product,2026-09-11,403,docs/research/competitors/kids-family-new-muslim-2026-09-11.csv
muslim-app,Muslim App,https://muslimapp.com/guide/on-your-device,product,2026-09-11,200,tool/build_competitor_landscape.mjs
salam-games,Salam Games,https://salamgames.com/,product,2026-09-11,200,docs/research/competitors/kids-family-new-muslim-2026-09-11.csv
learning-roots,Learning Roots,https://www.learningroots.com/,product,2026-09-11,200,tool/build_competitor_landscape.mjs
muslim-guard,Muslim Guard,https://www.muslim-guard.com/en,product,2026-09-11,200,docs/research/competitors/islamic-gamified-learning-2026-09-11.csv | docs/research/competitors/kids-family-new-muslim-2026-09-11.csv
muslim-guard,Muslim Guard,https://www.muslim-guard.com/en/app/legal/politique-de-confidentialite,policy,2026-09-11,200,docs/research/competitors/islamic-gamified-learning-2026-09-11.csv | docs/research/competitors/kids-family-new-muslim-2026-09-11.csv
muslim-guard,Muslim Guard,https://www.muslim-guard.com/en/quiz/creer,product,2026-09-11,200,docs/research/competitors/islamic-gamified-learning-2026-09-11.csv | docs/research/competitors/kids-family-new-muslim-2026-09-11.csv
tawhid,Tawhid,https://apps.apple.com/us/app/tawhid-quran-prayer-times/id1668618911,app_store,2026-09-11,200,docs/research/competitors/islamic-superapps-2026-09-11.csv
al-noor-kids,Al Noor Kids,https://alnoorkids.com/,product,2026-09-11,200,tool/build_competitor_landscape.mjs
the-tarbiyah,The Tarbiyah,https://thetarbiyah.com/,product,2026-09-11,200,docs/research/competitors/kids-family-new-muslim-2026-09-11.csv
islam360kids,Islam360Kids,https://play.google.com/store/apps/details?id=com.islam360kids,app_store,2026-09-11,200,docs/research/competitors/kids-family-new-muslim-2026-09-11.csv
ali-huda,Ali Huda,https://alihuda.com/,product,2026-09-11,200,tool/build_competitor_landscape.mjs | docs/research/competitors/kids-family-new-muslim-2026-09-11.csv
ali-huda,Ali Huda,https://apps.apple.com/au/app/ali-huda/id1243697319,app_store,2026-09-11,404,tool/build_competitor_landscape.mjs | docs/research/competitors/kids-family-new-muslim-2026-09-11.csv
ali-huda,Ali Huda,https://apps.apple.com/us/developer/ali-huda-inc/id583712793,app_store,2026-09-11,200,tool/build_competitor_landscape.mjs | docs/research/competitors/kids-family-new-muslim-2026-09-11.csv
muslim-kids-tv,Muslim Kids TV,https://www.muslimkids.tv/,product,2026-09-11,200,docs/research/competitors/islamic-gamified-learning-2026-09-11.csv | docs/research/competitors/kids-family-new-muslim-2026-09-11.csv | docs/research/competitors/competitor-pricing-packaging-2026-09-11.csv | docs/research/competitors/competitor-review-painpoints-2026-09-11.csv
muslim-kids-tv,Muslim Kids TV,https://help.muslimkids.tv/hc/en-us/articles/35566460267668-Plans-and-Pricing,documentation,2026-09-11,403,docs/research/competitors/islamic-gamified-learning-2026-09-11.csv | docs/research/competitors/kids-family-new-muslim-2026-09-11.csv | docs/research/competitors/competitor-pricing-packaging-2026-09-11.csv | docs/research/competitors/competitor-review-painpoints-2026-09-11.csv
muslim-kids-tv,Muslim Kids TV,https://help.muslimkids.tv/hc/en-us/articles/35566128101268-What-is-Muslim-Kids-TV,documentation,2026-09-11,403,docs/research/competitors/islamic-gamified-learning-2026-09-11.csv | docs/research/competitors/kids-family-new-muslim-2026-09-11.csv | docs/research/competitors/competitor-pricing-packaging-2026-09-11.csv | docs/research/competitors/competitor-review-painpoints-2026-09-11.csv
muslim-kids-tv,Muslim Kids TV,https://resources.muslimkids.tv/wp-content/uploads/2023/05/MuslimKidsTV-School-Background-2023.pdf,product,2026-09-11,200,docs/research/competitors/islamic-gamified-learning-2026-09-11.csv | docs/research/competitors/kids-family-new-muslim-2026-09-11.csv | docs/research/competitors/competitor-pricing-packaging-2026-09-11.csv | docs/research/competitors/competitor-review-painpoints-2026-09-11.csv
muslimkids-tv,MuslimKids.TV,https://www.muslimkids.tv/,product,2026-09-11,200,tool/build_competitor_landscape.mjs
deenee,Deenee,https://deeneeapp.com/,product,2026-09-11,200,docs/research/competitors/islamic-gamified-learning-2026-09-11.csv | docs/research/competitors/kids-family-new-muslim-2026-09-11.csv
deenee,Deenee,https://deeneeapp.com/privacy-policy/,policy,2026-09-11,200,docs/research/competitors/islamic-gamified-learning-2026-09-11.csv | docs/research/competitors/kids-family-new-muslim-2026-09-11.csv
noor-ul-huda,Noor Ul Huda,https://www.hudalabs.app/,product,2026-09-11,200,tool/build_competitor_landscape.mjs | docs/research/competitors/islamic-gamified-learning-2026-09-11.csv
muslimquiz,muslimquiz,https://play.google.com/store/apps/details?id=com.muslimquiz.muslim_quiz_v1,app_store,2026-09-11,200,docs/research/competitors/islamic-gamified-learning-2026-09-11.csv
al-hafiz,Al-Hafiz,https://play.google.com/store/apps/details?id=com.alhafiz.quran.athan,app_store,2026-09-11,200,docs/research/competitors/direct-quran-ai-competitors-2026-09-11.csv
qaf-school,Qaf School,https://www.qaf.app/en,product,2026-09-11,200,docs/research/competitors/kids-family-new-muslim-2026-09-11.csv
qaf-school,Qaf School,https://www.qaf.app/en/features/mobile-apps,product,2026-09-11,200,docs/research/competitors/kids-family-new-muslim-2026-09-11.csv
qaf-school,Qaf School,https://www.qaf.app/legal/terms,policy,2026-09-11,200,docs/research/competitors/kids-family-new-muslim-2026-09-11.csv
niyyah-kids,Niyyah Kids,https://www.niyyahkids.com/,product,2026-09-11,200,docs/research/competitors/islamic-gamified-learning-2026-09-11.csv
miraj-stories,Miraj Stories,https://mirajstories.com/,product,2026-09-11,200,tool/build_competitor_landscape.mjs | docs/research/competitors/islamic-gamified-learning-2026-09-11.csv | docs/research/competitors/kids-family-new-muslim-2026-09-11.csv | docs/research/competitors/competitor-pricing-packaging-2026-09-11.csv | docs/research/competitors/competitor-review-painpoints-2026-09-11.csv
miraj-stories,Miraj Stories,https://www.mirajstories.com/,product,2026-09-11,200,tool/build_competitor_landscape.mjs | docs/research/competitors/islamic-gamified-learning-2026-09-11.csv | docs/research/competitors/kids-family-new-muslim-2026-09-11.csv | docs/research/competitors/competitor-pricing-packaging-2026-09-11.csv | docs/research/competitors/competitor-review-painpoints-2026-09-11.csv
miraj-stories,Miraj Stories,https://www.mirajstories.com/faq/,documentation,2026-09-11,200,tool/build_competitor_landscape.mjs | docs/research/competitors/islamic-gamified-learning-2026-09-11.csv | docs/research/competitors/kids-family-new-muslim-2026-09-11.csv | docs/research/competitors/competitor-pricing-packaging-2026-09-11.csv | docs/research/competitors/competitor-review-painpoints-2026-09-11.csv
miraj-stories,Miraj Stories,https://www.mirajstories.com/children-privacy-policy/,policy,2026-09-11,200,tool/build_competitor_landscape.mjs | docs/research/competitors/islamic-gamified-learning-2026-09-11.csv | docs/research/competitors/kids-family-new-muslim-2026-09-11.csv | docs/research/competitors/competitor-pricing-packaging-2026-09-11.csv | docs/research/competitors/competitor-review-painpoints-2026-09-11.csv
miraj-stories,Miraj Stories,https://www.mirajstories.com/about-miraj/,product,2026-09-11,200,tool/build_competitor_landscape.mjs | docs/research/competitors/islamic-gamified-learning-2026-09-11.csv | docs/research/competitors/kids-family-new-muslim-2026-09-11.csv | docs/research/competitors/competitor-pricing-packaging-2026-09-11.csv | docs/research/competitors/competitor-review-painpoints-2026-09-11.csv
noortrails,NoorTrails,https://noorinitiative.com/,product,2026-09-11,200,tool/build_competitor_landscape.mjs | docs/research/competitors/islamic-gamified-learning-2026-09-11.csv
noortrails,NoorTrails,https://noor-trails.com/,product,2026-09-11,200,tool/build_competitor_landscape.mjs | docs/research/competitors/islamic-gamified-learning-2026-09-11.csv
seekersguidance-academy,SeekersGuidance Academy,https://academy.seekersguidance.org/,product,2026-09-11,403,docs/research/agents/product-pedagogy-expansion-2026-09-11.csv | docs/research/competitors/islamic-gamified-learning-2026-09-11.csv | docs/research/competitors/competitive-growth-switching-2026-09-11.csv
seekersguidance-academy,SeekersGuidance Academy,https://seekersguidance.org/answers/general-counsel/what-is-the-belief-and-approach-of-seekersguidance-and-its-online-islamic-courses/,product,2026-09-11,200,docs/research/agents/product-pedagogy-expansion-2026-09-11.csv | docs/research/competitors/islamic-gamified-learning-2026-09-11.csv | docs/research/competitors/competitive-growth-switching-2026-09-11.csv
seekersguidance-academy,SeekersGuidance Academy,https://seekersguidance.org/,product,2026-09-11,200,docs/research/agents/product-pedagogy-expansion-2026-09-11.csv | docs/research/competitors/islamic-gamified-learning-2026-09-11.csv | docs/research/competitors/competitive-growth-switching-2026-09-11.csv
seekersguidance-academy,SeekersGuidance Academy,https://academy.seekersguidance.org/?redirect=0&track=odc,product,2026-09-11,403,docs/research/agents/product-pedagogy-expansion-2026-09-11.csv | docs/research/competitors/islamic-gamified-learning-2026-09-11.csv | docs/research/competitors/competitive-growth-switching-2026-09-11.csv
seekersguidance-academy,SeekersGuidance Academy,https://seekersguidance.org/islamic-scholars-fund/,product,2026-09-11,200,docs/research/agents/product-pedagogy-expansion-2026-09-11.csv | docs/research/competitors/islamic-gamified-learning-2026-09-11.csv | docs/research/competitors/competitive-growth-switching-2026-09-11.csv
cambridge-muslim-college-online,Cambridge Muslim College Online,https://www.cambridgemuslimcollege.ac.uk/onlinelearning,product,2026-09-11,200,tool/build_competitor_landscape.mjs
athan-by-islamicfinder,Athan by IslamicFinder,https://apps.apple.com/us/app/athan-prayer-times-dua-azkar/id505858403,app_store,2026-09-11,200,docs/research/competitors/islamic-superapps-2026-09-11.csv | docs/research/competitors/competitor-pricing-packaging-2026-09-11.csv | docs/research/competitors/competitor-review-painpoints-2026-09-11.csv
athan-by-islamicfinder,Athan by IslamicFinder,https://www.islamicfinder.org/privacypolicy/,policy,2026-09-11,200,docs/research/competitors/islamic-superapps-2026-09-11.csv | docs/research/competitors/competitor-pricing-packaging-2026-09-11.csv | docs/research/competitors/competitor-review-painpoints-2026-09-11.csv
athan-by-islamicfinder,Athan by IslamicFinder,https://apps.apple.com/us/app/athan-prayer-times-al-quran/id505858403,app_store,2026-09-11,200,docs/research/competitors/islamic-superapps-2026-09-11.csv | docs/research/competitors/competitor-pricing-packaging-2026-09-11.csv | docs/research/competitors/competitor-review-painpoints-2026-09-11.csv
athan-by-islamicfinder,Athan by IslamicFinder,https://www.islamicfinder.org/,product,2026-09-11,200,docs/research/competitors/islamic-superapps-2026-09-11.csv | docs/research/competitors/competitor-pricing-packaging-2026-09-11.csv | docs/research/competitors/competitor-review-painpoints-2026-09-11.csv
athan-by-islamicfinder,Athan by IslamicFinder,https://apps.apple.com/us/app/athan-prayer-times-al-quran/id505858403?see-all=reviews,app_store,2026-09-11,200,docs/research/competitors/islamic-superapps-2026-09-11.csv | docs/research/competitors/competitor-pricing-packaging-2026-09-11.csv | docs/research/competitors/competitor-review-painpoints-2026-09-11.csv
deen-islamic,Deen Islamic,https://apps.apple.com/us/app/deen-quran-hadith-prayer-time/id6504724978,app_store,2026-09-11,200,docs/research/competitors/islamic-superapps-2026-09-11.csv
muslim-app-formerly-muslim-assistant,Muslim App (formerly Muslim Assistant),https://apps.apple.com/us/app/muslim-app-azan-qibla-quran/id1137963102,app_store,2026-09-11,200,docs/research/competitors/islamic-superapps-2026-09-11.csv
muslim-app-formerly-muslim-assistant,Muslim App (formerly Muslim Assistant),https://muslimapp.com/,product,2026-09-11,200,docs/research/competitors/islamic-superapps-2026-09-11.csv
muslims-day,Muslims Day,https://apps.apple.com/us/app/muslims-day-quran-prayer-times/id1613431376,app_store,2026-09-11,200,docs/research/competitors/islamic-superapps-2026-09-11.csv
quran-muslim,Quran Muslim,https://apps.apple.com/us/app/quran-muslim/id6768216843,app_store,2026-09-11,200,docs/research/competitors/islamic-superapps-2026-09-11.csv
ummah-guide,Ummah Guide,https://apps.apple.com/us/app/ummah-guide-muslim-prayer-app/id6760240389,app_store,2026-09-11,200,docs/research/competitors/islamic-superapps-2026-09-11.csv
athan-islamicfinder,Athan / IslamicFinder,https://www.islamicfinder.org/news/how-athan-is-changing-the-way-muslims-connect/,product,2026-09-11,200,docs/research/competitors/competitive-growth-switching-2026-09-11.csv
athan-islamicfinder,Athan / IslamicFinder,https://www.islamicfinder.org/privacypolicy/,policy,2026-09-11,200,docs/research/competitors/competitive-growth-switching-2026-09-11.csv
everyday-muslim,Everyday Muslim,https://apps.apple.com/us/app/everyday-muslim-islamic-app/id1546578729,app_store,2026-09-11,200,docs/research/competitors/islamic-superapps-2026-09-11.csv
everyday-muslim,Everyday Muslim,https://everydaymuslim.app/,product,2026-09-11,200,docs/research/competitors/islamic-superapps-2026-09-11.csv
islam-iq,Islam IQ,https://apps.apple.com/bz/app/islam-iq-quiz-learn-quran/id6760637065,app_store,2026-09-11,200,docs/research/competitors/islamic-gamified-learning-2026-09-11.csv
athan,Athan,https://www.islamicfinder.org/athan/,product,2026-09-11,200,tool/build_competitor_landscape.mjs
noor-world,Noor World,https://noorworld.com/,product,2026-09-11,200,tool/build_competitor_landscape.mjs
busuu,Busuu,https://www.busuu.com/en/course/learn-arabic-online,product,2026-09-11,200,docs/research/agents/product-pedagogy-expansion-2026-09-11.csv | docs/research/competitors/edtech-growth-mechanics-2026-09-11.csv | docs/research/competitors/competitive-growth-switching-2026-09-11.csv | docs/research/competitors/competitor-pricing-packaging-2026-09-11.csv | docs/research/competitors/competitor-review-painpoints-2026-09-11.csv
busuu,Busuu,https://help.busuu.com/hc/en-gb/articles/16526383831569-What-is-a-Placement-Test,documentation,2026-09-11,403,docs/research/agents/product-pedagogy-expansion-2026-09-11.csv | docs/research/competitors/edtech-growth-mechanics-2026-09-11.csv | docs/research/competitors/competitive-growth-switching-2026-09-11.csv | docs/research/competitors/competitor-pricing-packaging-2026-09-11.csv | docs/research/competitors/competitor-review-painpoints-2026-09-11.csv
busuu,Busuu,https://www.busuu.com/en/english/personalized-study-plan-busuu-premium,pricing,2026-09-11,200,docs/research/agents/product-pedagogy-expansion-2026-09-11.csv | docs/research/competitors/edtech-growth-mechanics-2026-09-11.csv | docs/research/competitors/competitive-growth-switching-2026-09-11.csv | docs/research/competitors/competitor-pricing-packaging-2026-09-11.csv | docs/research/competitors/competitor-review-painpoints-2026-09-11.csv
busuu,Busuu,https://business.busuu.com/hubfs/Admin%20Portal/Learners%20-%20self-paced%20learning%20and%201_1%20and%20group%20Live%20Lessons.pdf,product,2026-09-11,200,docs/research/agents/product-pedagogy-expansion-2026-09-11.csv | docs/research/competitors/edtech-growth-mechanics-2026-09-11.csv | docs/research/competitors/competitive-growth-switching-2026-09-11.csv | docs/research/competitors/competitor-pricing-packaging-2026-09-11.csv | docs/research/competitors/competitor-review-painpoints-2026-09-11.csv
busuu,Busuu,https://help.busuu.com/hc/fr/articles/16722928943377-Comment-envoyer-mes-exercices-%C3%A0-la-communaut%C3%A9,documentation,2026-09-11,403,docs/research/agents/product-pedagogy-expansion-2026-09-11.csv | docs/research/competitors/edtech-growth-mechanics-2026-09-11.csv | docs/research/competitors/competitive-growth-switching-2026-09-11.csv | docs/research/competitors/competitor-pricing-packaging-2026-09-11.csv | docs/research/competitors/competitor-review-painpoints-2026-09-11.csv
busuu,Busuu,https://help.busuu.com/hc/de/articles/16498048476305-Was-ist-ein-Schutzschild-und-wie-kann-ich-es-nutzen,documentation,2026-09-11,403,docs/research/agents/product-pedagogy-expansion-2026-09-11.csv | docs/research/competitors/edtech-growth-mechanics-2026-09-11.csv | docs/research/competitors/competitive-growth-switching-2026-09-11.csv | docs/research/competitors/competitor-pricing-packaging-2026-09-11.csv | docs/research/competitors/competitor-review-painpoints-2026-09-11.csv
busuu,Busuu,https://apps.apple.com/us/app/busuu-language-learning-app/id379968583,app_store,2026-09-11,200,docs/research/agents/product-pedagogy-expansion-2026-09-11.csv | docs/research/competitors/edtech-growth-mechanics-2026-09-11.csv | docs/research/competitors/competitive-growth-switching-2026-09-11.csv | docs/research/competitors/competitor-pricing-packaging-2026-09-11.csv | docs/research/competitors/competitor-review-painpoints-2026-09-11.csv
busuu,Busuu,https://www.busuu.com/en/terms/,policy,2026-09-11,200,docs/research/agents/product-pedagogy-expansion-2026-09-11.csv | docs/research/competitors/edtech-growth-mechanics-2026-09-11.csv | docs/research/competitors/competitive-growth-switching-2026-09-11.csv | docs/research/competitors/competitor-pricing-packaging-2026-09-11.csv | docs/research/competitors/competitor-review-painpoints-2026-09-11.csv
duolingo,Duolingo,https://blog.duolingo.com/how-we-learn-how-you-learn/,product,2026-09-11,200,docs/research/agents/product-pedagogy-expansion-2026-09-11.csv | docs/research/competitors/edtech-growth-mechanics-2026-09-11.csv | docs/research/competitors/competitive-growth-switching-2026-09-11.csv | docs/research/competitors/competitor-pricing-packaging-2026-09-11.csv | docs/research/competitors/competitor-review-painpoints-2026-09-11.csv
duolingo,Duolingo,https://blog.duolingo.com/spaced-repetition-for-learning/,product,2026-09-11,200,docs/research/agents/product-pedagogy-expansion-2026-09-11.csv | docs/research/competitors/edtech-growth-mechanics-2026-09-11.csv | docs/research/competitors/competitive-growth-switching-2026-09-11.csv | docs/research/competitors/competitor-pricing-packaging-2026-09-11.csv | docs/research/competitors/competitor-review-painpoints-2026-09-11.csv
duolingo,Duolingo,https://www.duolingo.com/course/ar/en/Learn-Arabic,product,2026-09-11,200,docs/research/agents/product-pedagogy-expansion-2026-09-11.csv | docs/research/competitors/edtech-growth-mechanics-2026-09-11.csv | docs/research/competitors/competitive-growth-switching-2026-09-11.csv | docs/research/competitors/competitor-pricing-packaging-2026-09-11.csv | docs/research/competitors/competitor-review-painpoints-2026-09-11.csv
duolingo,Duolingo,https://investors.duolingo.com/static-files/f19d76fb-dee4-4f13-96ae-138ebfd0f2d3,product,2026-09-11,200,docs/research/agents/product-pedagogy-expansion-2026-09-11.csv | docs/research/competitors/edtech-growth-mechanics-2026-09-11.csv | docs/research/competitors/competitive-growth-switching-2026-09-11.csv | docs/research/competitors/competitor-pricing-packaging-2026-09-11.csv | docs/research/competitors/competitor-review-painpoints-2026-09-11.csv
duolingo,Duolingo,https://blog.duolingo.com/friends-social-features/,product,2026-09-11,200,docs/research/agents/product-pedagogy-expansion-2026-09-11.csv | docs/research/competitors/edtech-growth-mechanics-2026-09-11.csv | docs/research/competitors/competitive-growth-switching-2026-09-11.csv | docs/research/competitors/competitor-pricing-packaging-2026-09-11.csv | docs/research/competitors/competitor-review-painpoints-2026-09-11.csv
duolingo,Duolingo,https://blog.duolingo.com/plus-family-plan/,product,2026-09-11,200,docs/research/agents/product-pedagogy-expansion-2026-09-11.csv | docs/research/competitors/edtech-growth-mechanics-2026-09-11.csv | docs/research/competitors/competitive-growth-switching-2026-09-11.csv | docs/research/competitors/competitor-pricing-packaging-2026-09-11.csv | docs/research/competitors/competitor-review-painpoints-2026-09-11.csv
duolingo,Duolingo,https://blog.duolingo.com/tips-for-maintaining-streak/,product,2026-09-11,200,docs/research/agents/product-pedagogy-expansion-2026-09-11.csv | docs/research/competitors/edtech-growth-mechanics-2026-09-11.csv | docs/research/competitors/competitive-growth-switching-2026-09-11.csv | docs/research/competitors/competitor-pricing-packaging-2026-09-11.csv | docs/research/competitors/competitor-review-painpoints-2026-09-11.csv
duolingo,Duolingo,https://blog.duolingo.com/putting-in-work-the-habit-of-language-learning/,product,2026-09-11,200,docs/research/agents/product-pedagogy-expansion-2026-09-11.csv | docs/research/competitors/edtech-growth-mechanics-2026-09-11.csv | docs/research/competitors/competitive-growth-switching-2026-09-11.csv | docs/research/competitors/competitor-pricing-packaging-2026-09-11.csv | docs/research/competitors/competitor-review-painpoints-2026-09-11.csv
duolingo,Duolingo,https://apps.apple.com/us/app/duolingo-language-lessons/id570060128,app_store,2026-09-11,200,docs/research/agents/product-pedagogy-expansion-2026-09-11.csv | docs/research/competitors/edtech-growth-mechanics-2026-09-11.csv | docs/research/competitors/competitive-growth-switching-2026-09-11.csv | docs/research/competitors/competitor-pricing-packaging-2026-09-11.csv | docs/research/competitors/competitor-review-painpoints-2026-09-11.csv
duolingo,Duolingo,https://apps.apple.com/us/app/busuu-language-learning-app/id379968583,app_store,2026-09-11,200,docs/research/agents/product-pedagogy-expansion-2026-09-11.csv | docs/research/competitors/edtech-growth-mechanics-2026-09-11.csv | docs/research/competitors/competitive-growth-switching-2026-09-11.csv | docs/research/competitors/competitor-pricing-packaging-2026-09-11.csv | docs/research/competitors/competitor-review-painpoints-2026-09-11.csv
mango-languages,Mango Languages,https://mangolanguages.com/,product,2026-09-11,200,docs/research/agents/product-pedagogy-expansion-2026-09-11.csv | docs/research/competitors/edtech-growth-mechanics-2026-09-11.csv
mango-languages,Mango Languages,https://www.mangolanguages.com/k12/reporting,product,2026-09-11,200,docs/research/agents/product-pedagogy-expansion-2026-09-11.csv | docs/research/competitors/edtech-growth-mechanics-2026-09-11.csv
mango-languages,Mango Languages,https://mangolanguages.com/wp-content/uploads/2022/12/Mango-Languages-Mango-Classroom-Overview.pdf,product,2026-09-11,200,docs/research/agents/product-pedagogy-expansion-2026-09-11.csv | docs/research/competitors/edtech-growth-mechanics-2026-09-11.csv
memrise,Memrise,https://www.memrise.com/about,product,2026-09-11,200,docs/research/agents/product-pedagogy-expansion-2026-09-11.csv | docs/research/competitors/edtech-growth-mechanics-2026-09-11.csv | docs/research/competitors/competitive-growth-switching-2026-09-11.csv | docs/research/competitors/competitor-pricing-packaging-2026-09-11.csv | docs/research/competitors/competitor-review-painpoints-2026-09-11.csv
memrise,Memrise,https://www.memrise.com/blog/changes-to-the-memrise-app,product,2026-09-11,200,docs/research/agents/product-pedagogy-expansion-2026-09-11.csv | docs/research/competitors/edtech-growth-mechanics-2026-09-11.csv | docs/research/competitors/competitive-growth-switching-2026-09-11.csv | docs/research/competitors/competitor-pricing-packaging-2026-09-11.csv | docs/research/competitors/competitor-review-painpoints-2026-09-11.csv
memrise,Memrise,https://www.memrise.com/privacy,policy,2026-09-11,200,docs/research/agents/product-pedagogy-expansion-2026-09-11.csv | docs/research/competitors/edtech-growth-mechanics-2026-09-11.csv | docs/research/competitors/competitive-growth-switching-2026-09-11.csv | docs/research/competitors/competitor-pricing-packaging-2026-09-11.csv | docs/research/competitors/competitor-review-painpoints-2026-09-11.csv
memrise,Memrise,https://www.memrise.com/es-mx/,product,2026-09-11,200,docs/research/agents/product-pedagogy-expansion-2026-09-11.csv | docs/research/competitors/edtech-growth-mechanics-2026-09-11.csv | docs/research/competitors/competitive-growth-switching-2026-09-11.csv | docs/research/competitors/competitor-pricing-packaging-2026-09-11.csv | docs/research/competitors/competitor-review-painpoints-2026-09-11.csv
memrise,Memrise,https://app.memrise.com/payment/plans/en-us,pricing,2026-09-11,200,docs/research/agents/product-pedagogy-expansion-2026-09-11.csv | docs/research/competitors/edtech-growth-mechanics-2026-09-11.csv | docs/research/competitors/competitive-growth-switching-2026-09-11.csv | docs/research/competitors/competitor-pricing-packaging-2026-09-11.csv | docs/research/competitors/competitor-review-painpoints-2026-09-11.csv
memrise,Memrise,https://memrise.zendesk.com/hc/en-us/articles/360015973598-What-are-Streaks-and-how-do-they-work,product,2026-09-11,403,docs/research/agents/product-pedagogy-expansion-2026-09-11.csv | docs/research/competitors/edtech-growth-mechanics-2026-09-11.csv | docs/research/competitors/competitive-growth-switching-2026-09-11.csv | docs/research/competitors/competitor-pricing-packaging-2026-09-11.csv | docs/research/competitors/competitor-review-painpoints-2026-09-11.csv
memrise,Memrise,https://apps.apple.com/us/app/memrise-language-learning-app/id635966718,app_store,2026-09-11,200,docs/research/agents/product-pedagogy-expansion-2026-09-11.csv | docs/research/competitors/edtech-growth-mechanics-2026-09-11.csv | docs/research/competitors/competitive-growth-switching-2026-09-11.csv | docs/research/competitors/competitor-pricing-packaging-2026-09-11.csv | docs/research/competitors/competitor-review-painpoints-2026-09-11.csv
memrise,Memrise,https://apps.apple.com/us/app/memrise-language-learning-app/id635966718?see-all=reviews,app_store,2026-09-11,200,docs/research/agents/product-pedagogy-expansion-2026-09-11.csv | docs/research/competitors/edtech-growth-mechanics-2026-09-11.csv | docs/research/competitors/competitive-growth-switching-2026-09-11.csv | docs/research/competitors/competitor-pricing-packaging-2026-09-11.csv | docs/research/competitors/competitor-review-painpoints-2026-09-11.csv
rosetta-stone,Rosetta Stone,https://support.rosettastone.com/using-without-speech-feature/,documentation,2026-09-11,200,docs/research/agents/product-pedagogy-expansion-2026-09-11.csv | docs/research/competitors/edtech-growth-mechanics-2026-09-11.csv
rosetta-stone,Rosetta Stone,https://support.rosettastone.com/audio-companion-faq/,documentation,2026-09-11,200,docs/research/agents/product-pedagogy-expansion-2026-09-11.csv | docs/research/competitors/edtech-growth-mechanics-2026-09-11.csv
rosetta-stone,Rosetta Stone,https://www.rosettastone.com/radiorental,product,2026-09-11,200,docs/research/agents/product-pedagogy-expansion-2026-09-11.csv | docs/research/competitors/edtech-growth-mechanics-2026-09-11.csv
rosetta-stone,Rosetta Stone,https://support.rosettastone.com/sapphire-learning-path/,documentation,2026-09-11,200,docs/research/agents/product-pedagogy-expansion-2026-09-11.csv | docs/research/competitors/edtech-growth-mechanics-2026-09-11.csv
lingoda,Lingoda,https://www.lingoda.com/en/placement-tests/,product,2026-09-11,200,docs/research/competitors/edtech-growth-mechanics-2026-09-11.csv
lingoda,Lingoda,https://www.lingoda.com/en/english/,product,2026-09-11,200,docs/research/competitors/edtech-growth-mechanics-2026-09-11.csv
riwaq-al-quran,Riwaq Al Quran,https://riwaqalquran.com/courses/recitation-with-tajweed,product,2026-09-11,403,tool/build_competitor_landscape.mjs | docs/research/competitors/kids-family-new-muslim-2026-09-11.csv
riwaq-al-quran,Riwaq Al Quran,https://riwaqalquran.com/quran-for-kids/,product,2026-09-11,403,tool/build_competitor_landscape.mjs | docs/research/competitors/kids-family-new-muslim-2026-09-11.csv
quran-mobasher,Quran Mobasher,https://apps.maknon.org.sa/quran-mobasher,product,2026-09-11,200,docs/research/agents/product-pedagogy-expansion-2026-09-11.csv | docs/research/competitors/direct-quran-ai-competitors-2026-09-11.csv
quran-mobasher,Quran Mobasher,https://play.google.com/store/apps/details?id=maknoon.student,app_store,2026-09-11,200,docs/research/agents/product-pedagogy-expansion-2026-09-11.csv | docs/research/competitors/direct-quran-ai-competitors-2026-09-11.csv
firdaws-academy,Firdaws Academy,https://firdawsacademy.com/,product,2026-09-11,200,docs/research/competitors/kids-family-new-muslim-2026-09-11.csv
firdaws-academy,Firdaws Academy,https://firdawsacademy.com/new-academy-portal/,product,2026-09-11,200,docs/research/competitors/kids-family-new-muslim-2026-09-11.csv
firdaws-academy,Firdaws Academy,https://firdawsacademy.com/terms-and-conditions-of-firdaws-academy/,policy,2026-09-11,200,docs/research/competitors/kids-family-new-muslim-2026-09-11.csv
firdaws-academy,Firdaws Academy,https://portal.firdawsacademy.com/login,product,2026-09-11,200,docs/research/competitors/kids-family-new-muslim-2026-09-11.csv
studio-arabiya,Studio Arabiya,https://studioarabiya.com/home/,product,2026-09-11,200,docs/research/competitors/kids-family-new-muslim-2026-09-11.csv
studio-arabiya,Studio Arabiya,https://support.studioarabiya.com/portal/en/kb/articles/courses-that-we-offer,documentation,2026-09-11,200,docs/research/competitors/kids-family-new-muslim-2026-09-11.csv
ummah-hub,Ummah Hub,https://apps.apple.com/us/app/ummah-hub/id6745749060,app_store,2026-09-11,200,docs/research/competitors/islamic-superapps-2026-09-11.csv
khan-academy,Khan Academy,https://support.khanacademy.org/hc/en-us/articles/115002552631-How-does-Khan-Academy-s-Mastery-system-work,documentation,2026-09-11,403,docs/research/agents/product-pedagogy-expansion-2026-09-11.csv | docs/research/competitors/edtech-growth-mechanics-2026-09-11.csv | docs/research/competitors/competitive-growth-switching-2026-09-11.csv
khan-academy,Khan Academy,https://support.khanacademy.org/hc/en-us/articles/360007253831-Using-self-paced-practice-and-Mastery-in-the-classroom,documentation,2026-09-11,403,docs/research/agents/product-pedagogy-expansion-2026-09-11.csv | docs/research/competitors/edtech-growth-mechanics-2026-09-11.csv | docs/research/competitors/competitive-growth-switching-2026-09-11.csv
khan-academy,Khan Academy,https://www.khanacademy.org/khan-for-educators/teacher-toolbox/getting-started-teacher-training-us/implementation-strategies-us/classroom-strategies/a/using-khan-academy-for-personalized-practice-and-mastery,product,2026-09-11,200,docs/research/agents/product-pedagogy-expansion-2026-09-11.csv | docs/research/competitors/edtech-growth-mechanics-2026-09-11.csv | docs/research/competitors/competitive-growth-switching-2026-09-11.csv
khan-academy,Khan Academy,https://blog.khanacademy.org/meet-the-new-khan-academy-classroom-experience/,product,2026-09-11,200,docs/research/agents/product-pedagogy-expansion-2026-09-11.csv | docs/research/competitors/edtech-growth-mechanics-2026-09-11.csv | docs/research/competitors/competitive-growth-switching-2026-09-11.csv
khan-academy,Khan Academy,https://support.khanacademy.org/hc/en-us/articles/360031129891-What-reporting-options-are-available-on-Khan-Academy-for-teachers-to-track-student-performance,documentation,2026-09-11,403,docs/research/agents/product-pedagogy-expansion-2026-09-11.csv | docs/research/competitors/edtech-growth-mechanics-2026-09-11.csv | docs/research/competitors/competitive-growth-switching-2026-09-11.csv
ayaquest,AyaQuest,https://ayaquest.ai/,product,2026-09-11,200,docs/research/competitors/kids-family-new-muslim-2026-09-11.csv
ayaquest,AyaQuest,https://ayaquest.ai/parents,product,2026-09-11,200,docs/research/competitors/kids-family-new-muslim-2026-09-11.csv
ayaquest,AyaQuest,https://ayaquest.ai/faq,documentation,2026-09-11,200,docs/research/competitors/kids-family-new-muslim-2026-09-11.csv
ayaquest,AyaQuest,https://ayaquest.ai/for-madrasahs,product,2026-09-11,200,docs/research/competitors/kids-family-new-muslim-2026-09-11.csv
ayaquest,AyaQuest,https://ayaquest.ai/quran-app-without-ads,product,2026-09-11,200,docs/research/competitors/kids-family-new-muslim-2026-09-11.csv
jawhar,Jawhar,https://play.google.com/store/apps/details?id=com.alphafoundr.jawhar,app_store,2026-09-11,200,docs/research/competitors/direct-quran-ai-competitors-2026-09-11.csv
jawhar,Jawhar,https://jawhar.alphafoundr.com/privacy,policy,2026-09-11,200,docs/research/competitors/direct-quran-ai-competitors-2026-09-11.csv
anki,Anki,https://docs.ankiweb.net/background.html,documentation,2026-09-11,200,docs/research/agents/product-pedagogy-expansion-2026-09-11.csv | docs/research/competitors/edtech-growth-mechanics-2026-09-11.csv | docs/research/competitors/competitive-growth-switching-2026-09-11.csv
anki,Anki,https://docs.ankiweb.net/deck-options.html,documentation,2026-09-11,200,docs/research/agents/product-pedagogy-expansion-2026-09-11.csv | docs/research/competitors/edtech-growth-mechanics-2026-09-11.csv | docs/research/competitors/competitive-growth-switching-2026-09-11.csv
anki,Anki,https://apps.ankiweb.net/,product,2026-09-11,200,docs/research/agents/product-pedagogy-expansion-2026-09-11.csv | docs/research/competitors/edtech-growth-mechanics-2026-09-11.csv | docs/research/competitors/competitive-growth-switching-2026-09-11.csv
anki,Anki,https://docs.ankiweb.net/syncing.html,documentation,2026-09-11,200,docs/research/agents/product-pedagogy-expansion-2026-09-11.csv | docs/research/competitors/edtech-growth-mechanics-2026-09-11.csv | docs/research/competitors/competitive-growth-switching-2026-09-11.csv
anki,Anki,https://docs.ankiweb.net/importing/intro.html,documentation,2026-09-11,200,docs/research/agents/product-pedagogy-expansion-2026-09-11.csv | docs/research/competitors/edtech-growth-mechanics-2026-09-11.csv | docs/research/competitors/competitive-growth-switching-2026-09-11.csv
anki,Anki,https://docs.ankiweb.net/exporting.html,documentation,2026-09-11,200,docs/research/agents/product-pedagogy-expansion-2026-09-11.csv | docs/research/competitors/edtech-growth-mechanics-2026-09-11.csv | docs/research/competitors/competitive-growth-switching-2026-09-11.csv
quran-your-companion,Quran Your Companion,https://apps.apple.com/us/app/quran-your-companion/id6760555511,app_store,2026-09-11,200,docs/research/competitors/islamic-superapps-2026-09-11.csv
alifbee,AlifBee,https://www.alifbee.com/en,product,2026-09-11,200,docs/research/agents/product-pedagogy-expansion-2026-09-11.csv | docs/research/competitors/competitive-growth-switching-2026-09-11.csv | docs/research/competitors/competitor-pricing-packaging-2026-09-11.csv | docs/research/competitors/competitor-review-painpoints-2026-09-11.csv
alifbee,AlifBee,https://help.alifbee.com/hc/en-us/articles/9421698273821--Placement-test,documentation,2026-09-11,403,docs/research/agents/product-pedagogy-expansion-2026-09-11.csv | docs/research/competitors/competitive-growth-switching-2026-09-11.csv | docs/research/competitors/competitor-pricing-packaging-2026-09-11.csv | docs/research/competitors/competitor-review-painpoints-2026-09-11.csv
alifbee,AlifBee,https://store.alifbee.com/products/alifbee-premium,pricing,2026-09-11,200,docs/research/agents/product-pedagogy-expansion-2026-09-11.csv | docs/research/competitors/competitive-growth-switching-2026-09-11.csv | docs/research/competitors/competitor-pricing-packaging-2026-09-11.csv | docs/research/competitors/competitor-review-painpoints-2026-09-11.csv
alifbee,AlifBee,https://www.alifbee.com/en/price-page,product,2026-09-11,200,docs/research/agents/product-pedagogy-expansion-2026-09-11.csv | docs/research/competitors/competitive-growth-switching-2026-09-11.csv | docs/research/competitors/competitor-pricing-packaging-2026-09-11.csv | docs/research/competitors/competitor-review-painpoints-2026-09-11.csv
alifbee,AlifBee,https://store.alifbee.com/collections/alifbee-premium-subscriptions,pricing,2026-09-11,200,docs/research/agents/product-pedagogy-expansion-2026-09-11.csv | docs/research/competitors/competitive-growth-switching-2026-09-11.csv | docs/research/competitors/competitor-pricing-packaging-2026-09-11.csv | docs/research/competitors/competitor-review-painpoints-2026-09-11.csv
alifbee,AlifBee,https://help.alifbee.com/hc/en-us/articles/10240815640093--How-much-does-AlifBee-Kids-cost,documentation,2026-09-11,403,docs/research/agents/product-pedagogy-expansion-2026-09-11.csv | docs/research/competitors/competitive-growth-switching-2026-09-11.csv | docs/research/competitors/competitor-pricing-packaging-2026-09-11.csv | docs/research/competitors/competitor-review-painpoints-2026-09-11.csv
quranpal,QuranPal,https://play.google.com/store/apps/details?id=com.synergisgt.quranpal,app_store,2026-09-11,200,docs/research/competitors/direct-quran-ai-competitors-2026-09-11.csv
quranpal,QuranPal,https://quranpal.app/terms-and-conditions,policy,2026-09-11,200,docs/research/competitors/direct-quran-ai-competitors-2026-09-11.csv
one4kids-tv,One4Kids TV,https://one4kids.tv/pages/home-2060,product,2026-09-11,200,docs/research/competitors/kids-family-new-muslim-2026-09-11.csv
one4kids-tv,One4Kids TV,https://one4kids.tv/join,product,2026-09-11,200,docs/research/competitors/kids-family-new-muslim-2026-09-11.csv
one4kids-tv,One4Kids TV,https://one4kids.net/one4kids-tv-landing-page/,product,2026-09-11,200,docs/research/competitors/kids-family-new-muslim-2026-09-11.csv
new-muslim-academy-uk,New Muslim Academy UK,https://newmuslim.co.uk/,product,2026-09-11,network_error,docs/research/competitors/kids-family-new-muslim-2026-09-11.csv
newmuslims-com-new-muslims-app,NewMuslims.com / New Muslims app,https://www.newmuslims.com/,product,2026-09-11,200,docs/research/competitors/kids-family-new-muslim-2026-09-11.csv
newmuslims-com-new-muslims-app,NewMuslims.com / New Muslims app,https://play.google.com/store/apps/details?id=com.newmuslims.sa.nmapp,app_store,2026-09-11,200,docs/research/competitors/kids-family-new-muslim-2026-09-11.csv
iera-muslim-now-new-muslim-training,iERA Muslim Now / New Muslim Training,https://newmuslim.iera.org/,product,2026-09-11,200,docs/research/competitors/kids-family-new-muslim-2026-09-11.csv
iera-muslim-now-new-muslim-training,iERA Muslim Now / New Muslim Training,https://newmuslim.iera.org/courses/,product,2026-09-11,200,docs/research/competitors/kids-family-new-muslim-2026-09-11.csv
iera-muslim-now-new-muslim-training,iERA Muslim Now / New Muslim Training,https://newmuslim.iera.org/learn-about-islam/,product,2026-09-11,200,docs/research/competitors/kids-family-new-muslim-2026-09-11.csv
new-muslim-academy,New Muslim Academy,https://www.newmuslimacademy.org/,product,2026-09-11,200,tool/build_competitor_landscape.mjs | docs/research/competitors/kids-family-new-muslim-2026-09-11.csv
new-muslim-academy,New Muslim Academy,https://www.newmuslimacademy.org/our-courses/,product,2026-09-11,200,tool/build_competitor_landscape.mjs | docs/research/competitors/kids-family-new-muslim-2026-09-11.csv
new-muslim-academy,New Muslim Academy,https://www.newmuslimacademy.org/faq-section/,documentation,2026-09-11,200,tool/build_competitor_landscape.mjs | docs/research/competitors/kids-family-new-muslim-2026-09-11.csv
first-steps-in-islam,First Steps in Islam,https://apps.apple.com/us/app/first-steps-in-islam/id6760339053,app_store,2026-09-11,200,docs/research/competitors/islamic-gamified-learning-2026-09-11.csv
memorize-quran-hifz-app,Memorize Quran - Hifz App,https://play.google.com/store/apps/details?id=com.memorizequran.app,app_store,2026-09-11,200,docs/research/competitors/direct-quran-ai-competitors-2026-09-11.csv
deen-in,Deen.in,https://apps.apple.com/us/app/deen-in/id6762373869,app_store,2026-09-11,200,docs/research/competitors/islamic-superapps-2026-09-11.csv
wird-quran-companion,Wird - Quran Companion,https://apps.apple.com/us/app/wird-quran-companion/id6791257820,app_store,2026-09-11,200,docs/research/competitors/islamic-superapps-2026-09-11.csv
hifz-ai-hifzai-app,Hifz AI (hifzai.app),https://hifzai.app/about,product,2026-09-11,200,docs/research/competitors/direct-quran-ai-competitors-2026-09-11.csv
hifz-ai-hifzai-app,Hifz AI (hifzai.app),https://hifzai.app/quran-memorization-app,product,2026-09-11,200,docs/research/competitors/direct-quran-ai-competitors-2026-09-11.csv
hifz-ai-hifzai-app,Hifz AI (hifzai.app),https://hifzai.app/privacy-policy,policy,2026-09-11,200,docs/research/competitors/direct-quran-ai-competitors-2026-09-11.csv
openlearn-arabic,OpenLearn Arabic,https://www.open.edu/openlearn/education-development/introduction-arabic,product,2026-09-11,403,tool/build_competitor_landscape.mjs
quran-for-android,Quran for Android,https://github.com/quran/quran_android,product,2026-09-11,200,tool/build_competitor_landscape.mjs | docs/research/competitors/islamic-superapps-2026-09-11.csv
quran-for-android,Quran for Android,https://android.quran.com/,product,2026-09-11,200,tool/build_competitor_landscape.mjs | docs/research/competitors/islamic-superapps-2026-09-11.csv
quran-for-android,Quran for Android,https://android.quran.com/privacy.html,policy,2026-09-11,200,tool/build_competitor_landscape.mjs | docs/research/competitors/islamic-superapps-2026-09-11.csv
beelinguapp,Beelinguapp,https://beelinguapp.com/,product,2026-09-11,200,docs/research/competitors/edtech-growth-mechanics-2026-09-11.csv
muslim-homeschool-app,Muslim Homeschool App,https://apps.apple.com/us/app/muslim-homeschool-app/id1614411646,app_store,2026-09-11,200,docs/research/competitors/kids-family-new-muslim-2026-09-11.csv
tandem,Tandem,https://tandem.net/,product,2026-09-11,200,docs/research/competitors/edtech-growth-mechanics-2026-09-11.csv
tandem,Tandem,https://tandem.net/en/pages/faq,documentation,2026-09-11,200,docs/research/competitors/edtech-growth-mechanics-2026-09-11.csv
muslim-pillars,Muslim Pillars,https://apps.apple.com/us/app/muslim-pillars-salah-quran/id1529761608,app_store,2026-09-11,200,docs/research/competitors/islamic-superapps-2026-09-11.csv
salah-learn-how-to-pray,Salah - Learn How to Pray,https://apps.apple.com/us/app/salah-learn-how-to-pray/id6771000609,app_store,2026-09-11,200,docs/research/competitors/islamic-gamified-learning-2026-09-11.csv
prayer-teacher,Prayer Teacher,https://apps.apple.com/us/app/prayer-teacher-learn-salah/id6761936320,app_store,2026-09-11,200,docs/research/competitors/islamic-gamified-learning-2026-09-11.csv
learn-salah-prayer-guide,Learn Salah - Prayer Guide,https://apps.apple.com/us/app/learn-salah-prayer-guide/id6759625943,app_store,2026-09-11,200,docs/research/competitors/islamic-gamified-learning-2026-09-11.csv
iquran,iQuran,https://apps.apple.com/us/app/iquran-%D8%A7%D9%84%D9%82%D8%B1%D8%A2%D9%86-%D8%A7%D9%84%D9%83%D8%B1%D9%8A%D9%85/id285944183,app_store,2026-09-11,200,docs/research/competitors/islamic-superapps-2026-09-11.csv
iquran,iQuran,https://apps.apple.com/us/developer/beehive-innovations-services/id285944186,app_store,2026-09-11,200,docs/research/competitors/islamic-superapps-2026-09-11.csv
gardens-of-the-quran,Gardens of the Quran,https://play.google.com/store/apps/details?id=com.kalimalabs.riyadhquran,app_store,2026-09-11,200,tool/build_competitor_landscape.mjs | docs/research/competitors/direct-quran-ai-competitors-2026-09-11.csv
muslim-global,Muslim Global,https://apps.apple.com/ch/app/ummah-prayer-quran/id6761806544,app_store,2026-09-11,404,docs/research/competitors/islamic-superapps-2026-09-11.csv
salam-app,Salam App,https://apps.apple.com/us/app/salam-app-muslim-companion/id1629159763,app_store,2026-09-11,200,docs/research/competitors/islamic-superapps-2026-09-11.csv
salam-app,Salam App,https://www.salam.app/privacy-policy,policy,2026-09-11,200,docs/research/competitors/islamic-superapps-2026-09-11.csv
deen-quran-hadith-duas,"Deen - Quran, Hadith, Duas",https://apps.apple.com/us/app/deen-quran-hadith-duas/id1616229199,app_store,2026-09-11,200,docs/research/competitors/islamic-superapps-2026-09-11.csv
deen-quran-hadith-duas,"Deen - Quran, Hadith, Duas",https://www.deen.app/,product,2026-09-11,200,docs/research/competitors/islamic-superapps-2026-09-11.csv
pillars,Pillars,https://www.thepillarsapp.com/,product,2026-09-11,200,tool/build_competitor_landscape.mjs | docs/research/competitors/islamic-superapps-2026-09-11.csv | docs/research/competitors/competitive-growth-switching-2026-09-11.csv | docs/research/competitors/competitor-pricing-packaging-2026-09-11.csv | docs/research/competitors/competitor-review-painpoints-2026-09-11.csv
pillars,Pillars,https://www.thepillarsapp.com/privacy,policy,2026-09-11,200,tool/build_competitor_landscape.mjs | docs/research/competitors/islamic-superapps-2026-09-11.csv | docs/research/competitors/competitive-growth-switching-2026-09-11.csv | docs/research/competitors/competitor-pricing-packaging-2026-09-11.csv | docs/research/competitors/competitor-review-painpoints-2026-09-11.csv
pillars,Pillars,https://apps.apple.com/us/app/pillars-prayer-times-qibla/id1559086853,app_store,2026-09-11,200,tool/build_competitor_landscape.mjs | docs/research/competitors/islamic-superapps-2026-09-11.csv | docs/research/competitors/competitive-growth-switching-2026-09-11.csv | docs/research/competitors/competitor-pricing-packaging-2026-09-11.csv | docs/research/competitors/competitor-review-painpoints-2026-09-11.csv
pillars,Pillars,https://thepillarsapp.com/privacy,policy,2026-09-11,200,tool/build_competitor_landscape.mjs | docs/research/competitors/islamic-superapps-2026-09-11.csv | docs/research/competitors/competitive-growth-switching-2026-09-11.csv | docs/research/competitors/competitor-pricing-packaging-2026-09-11.csv | docs/research/competitors/competitor-review-painpoints-2026-09-11.csv
pillars,Pillars,https://thepillarsapp.com/faqs,documentation,2026-09-11,200,tool/build_competitor_landscape.mjs | docs/research/competitors/islamic-superapps-2026-09-11.csv | docs/research/competitors/competitive-growth-switching-2026-09-11.csv | docs/research/competitors/competitor-pricing-packaging-2026-09-11.csv | docs/research/competitors/competitor-review-painpoints-2026-09-11.csv
pillars,Pillars,https://www.thepillarsapp.com/faqs,documentation,2026-09-11,200,tool/build_competitor_landscape.mjs | docs/research/competitors/islamic-superapps-2026-09-11.csv | docs/research/competitors/competitive-growth-switching-2026-09-11.csv | docs/research/competitors/competitor-pricing-packaging-2026-09-11.csv | docs/research/competitors/competitor-review-painpoints-2026-09-11.csv
athan-utility,Athan Utility,https://apps.apple.com/us/app/athan-utility/id1076108131,app_store,2026-09-11,200,docs/research/competitors/islamic-superapps-2026-09-11.csv
huda,HUDA,https://apps.apple.com/us/app/huda-prayer-times-al-quran/id1483923871,app_store,2026-09-11,200,docs/research/competitors/islamic-superapps-2026-09-11.csv
islam360,Islam360,https://apps.apple.com/us/app/islam-360/id1498989420,app_store,2026-09-11,200,docs/research/competitors/islamic-superapps-2026-09-11.csv
islam360,Islam360,https://theislam360.com/,product,2026-09-11,200,docs/research/competitors/islamic-superapps-2026-09-11.csv
alhuda-online,AlHuda Online,https://alhudaonline.org/online-courses,product,2026-09-11,200,tool/build_competitor_landscape.mjs
quran-pro,Quran Pro,https://apps.apple.com/us/app/quran-pro-%D8%A7%D9%84%D9%82%D8%B1%D8%A7%D9%86-%D8%A7%D9%84%D9%83%D8%B1%D9%8A%D9%85/id537070378,app_store,2026-09-11,200,docs/research/competitors/islamic-superapps-2026-09-11.csv
quranly,Quranly,https://www.quranly.app/,product,2026-09-11,200,docs/research/agents/product-pedagogy-expansion-2026-09-11.csv | docs/research/competitors/direct-quran-ai-competitors-2026-09-11.csv | docs/research/competitors/islamic-superapps-2026-09-11.csv | docs/research/competitors/competitive-growth-switching-2026-09-11.csv | docs/research/competitors/competitor-pricing-packaging-2026-09-11.csv | docs/research/competitors/competitor-review-painpoints-2026-09-11.csv
quranly,Quranly,https://www.quranly.app/privacy-policy,policy,2026-09-11,200,docs/research/agents/product-pedagogy-expansion-2026-09-11.csv | docs/research/competitors/direct-quran-ai-competitors-2026-09-11.csv | docs/research/competitors/islamic-superapps-2026-09-11.csv | docs/research/competitors/competitive-growth-switching-2026-09-11.csv | docs/research/competitors/competitor-pricing-packaging-2026-09-11.csv | docs/research/competitors/competitor-review-painpoints-2026-09-11.csv
quranly,Quranly,https://play.google.com/store/apps/details?id=com.quranly.app,app_store,2026-09-11,200,docs/research/agents/product-pedagogy-expansion-2026-09-11.csv | docs/research/competitors/direct-quran-ai-competitors-2026-09-11.csv | docs/research/competitors/islamic-superapps-2026-09-11.csv | docs/research/competitors/competitive-growth-switching-2026-09-11.csv | docs/research/competitors/competitor-pricing-packaging-2026-09-11.csv | docs/research/competitors/competitor-review-painpoints-2026-09-11.csv
quranly,Quranly,https://www.quranly.app/blog/quranly-everything-you-need-to-know,product,2026-09-11,200,docs/research/agents/product-pedagogy-expansion-2026-09-11.csv | docs/research/competitors/direct-quran-ai-competitors-2026-09-11.csv | docs/research/competitors/islamic-superapps-2026-09-11.csv | docs/research/competitors/competitive-growth-switching-2026-09-11.csv | docs/research/competitors/competitor-pricing-packaging-2026-09-11.csv | docs/research/competitors/competitor-review-painpoints-2026-09-11.csv
quranly,Quranly,https://apps.apple.com/us/app/quran-by-quranly/id1559233786,app_store,2026-09-11,200,docs/research/agents/product-pedagogy-expansion-2026-09-11.csv | docs/research/competitors/direct-quran-ai-competitors-2026-09-11.csv | docs/research/competitors/islamic-superapps-2026-09-11.csv | docs/research/competitors/competitive-growth-switching-2026-09-11.csv | docs/research/competitors/competitor-pricing-packaging-2026-09-11.csv | docs/research/competitors/competitor-review-painpoints-2026-09-11.csv
qariah,Qariah,https://qariah.app/,product,2026-09-11,200,docs/research/agents/product-pedagogy-expansion-2026-09-11.csv | docs/research/competitors/direct-quran-ai-competitors-2026-09-11.csv
hifz,HIFZ,https://gethifz.com/,product,2026-09-11,200,docs/research/agents/product-pedagogy-expansion-2026-09-11.csv | docs/research/competitors/direct-quran-ai-competitors-2026-09-11.csv | docs/research/competitors/competitive-growth-switching-2026-09-11.csv | docs/research/competitors/competitor-pricing-packaging-2026-09-11.csv | docs/research/competitors/competitor-review-painpoints-2026-09-11.csv
hifz,HIFZ,https://gethifz.com/support,documentation,2026-09-11,200,docs/research/agents/product-pedagogy-expansion-2026-09-11.csv | docs/research/competitors/direct-quran-ai-competitors-2026-09-11.csv | docs/research/competitors/competitive-growth-switching-2026-09-11.csv | docs/research/competitors/competitor-pricing-packaging-2026-09-11.csv | docs/research/competitors/competitor-review-painpoints-2026-09-11.csv
mualim,Mualim,https://mualim-app.com/en,product,2026-09-11,200,docs/research/agents/product-pedagogy-expansion-2026-09-11.csv | docs/research/competitors/direct-quran-ai-competitors-2026-09-11.csv | docs/research/competitors/competitive-growth-switching-2026-09-11.csv | docs/research/competitors/competitor-pricing-packaging-2026-09-11.csv | docs/research/competitors/competitor-review-painpoints-2026-09-11.csv
mualim,Mualim,https://apps.apple.com/us/app/mualim-master-the-quran/id6471001108,app_store,2026-09-11,200,docs/research/agents/product-pedagogy-expansion-2026-09-11.csv | docs/research/competitors/direct-quran-ai-competitors-2026-09-11.csv | docs/research/competitors/competitive-growth-switching-2026-09-11.csv | docs/research/competitors/competitor-pricing-packaging-2026-09-11.csv | docs/research/competitors/competitor-review-painpoints-2026-09-11.csv
sadr,Sadr,https://sadr.app/,product,2026-09-11,200,docs/research/agents/product-pedagogy-expansion-2026-09-11.csv | docs/research/competitors/direct-quran-ai-competitors-2026-09-11.csv | docs/research/competitors/competitive-growth-switching-2026-09-11.csv | docs/research/competitors/competitor-pricing-packaging-2026-09-11.csv | docs/research/competitors/competitor-review-painpoints-2026-09-11.csv
sadr,Sadr,https://sadr.app/terms,policy,2026-09-11,200,docs/research/agents/product-pedagogy-expansion-2026-09-11.csv | docs/research/competitors/direct-quran-ai-competitors-2026-09-11.csv | docs/research/competitors/competitive-growth-switching-2026-09-11.csv | docs/research/competitors/competitor-pricing-packaging-2026-09-11.csv | docs/research/competitors/competitor-review-painpoints-2026-09-11.csv
sadr,Sadr,https://sadr.app/privacy,policy,2026-09-11,200,docs/research/agents/product-pedagogy-expansion-2026-09-11.csv | docs/research/competitors/direct-quran-ai-competitors-2026-09-11.csv | docs/research/competitors/competitive-growth-switching-2026-09-11.csv | docs/research/competitors/competitor-pricing-packaging-2026-09-11.csv | docs/research/competitors/competitor-review-painpoints-2026-09-11.csv
sadr,Sadr,https://apps.apple.com/us/app/sadr-quran-memorization/id6762648928,app_store,2026-09-11,200,docs/research/agents/product-pedagogy-expansion-2026-09-11.csv | docs/research/competitors/direct-quran-ai-competitors-2026-09-11.csv | docs/research/competitors/competitive-growth-switching-2026-09-11.csv | docs/research/competitors/competitor-pricing-packaging-2026-09-11.csv | docs/research/competitors/competitor-review-painpoints-2026-09-11.csv
sadr,Sadr,https://sadr.app/?lang=en,product,2026-09-11,200,docs/research/agents/product-pedagogy-expansion-2026-09-11.csv | docs/research/competitors/direct-quran-ai-competitors-2026-09-11.csv | docs/research/competitors/competitive-growth-switching-2026-09-11.csv | docs/research/competitors/competitor-pricing-packaging-2026-09-11.csv | docs/research/competitors/competitor-review-painpoints-2026-09-11.csv
sadr,Sadr,https://sadr.app/support-us,documentation,2026-09-11,200,docs/research/agents/product-pedagogy-expansion-2026-09-11.csv | docs/research/competitors/direct-quran-ai-competitors-2026-09-11.csv | docs/research/competitors/competitive-growth-switching-2026-09-11.csv | docs/research/competitors/competitor-pricing-packaging-2026-09-11.csv | docs/research/competitors/competitor-review-painpoints-2026-09-11.csv
tarteel,Tarteel,https://support.tarteel.ai/en/collections/15105266-tarteel-features,documentation,2026-09-11,200,docs/research/agents/product-pedagogy-expansion-2026-09-11.csv | docs/research/competitors/direct-quran-ai-competitors-2026-09-11.csv | docs/research/competitors/islamic-superapps-2026-09-11.csv | docs/research/competitors/competitive-growth-switching-2026-09-11.csv | docs/research/competitors/competitor-pricing-packaging-2026-09-11.csv | docs/research/competitors/competitor-review-painpoints-2026-09-11.csv
tarteel,Tarteel,https://support.tarteel.ai/en/articles/12267535-can-i-use-tarteel-for-free,documentation,2026-09-11,200,docs/research/agents/product-pedagogy-expansion-2026-09-11.csv | docs/research/competitors/direct-quran-ai-competitors-2026-09-11.csv | docs/research/competitors/islamic-superapps-2026-09-11.csv | docs/research/competitors/competitive-growth-switching-2026-09-11.csv | docs/research/competitors/competitor-pricing-packaging-2026-09-11.csv | docs/research/competitors/competitor-review-painpoints-2026-09-11.csv
tarteel,Tarteel,https://tarteel.ai/privacy,policy,2026-09-11,200,docs/research/agents/product-pedagogy-expansion-2026-09-11.csv | docs/research/competitors/direct-quran-ai-competitors-2026-09-11.csv | docs/research/competitors/islamic-superapps-2026-09-11.csv | docs/research/competitors/competitive-growth-switching-2026-09-11.csv | docs/research/competitors/competitor-pricing-packaging-2026-09-11.csv | docs/research/competitors/competitor-review-painpoints-2026-09-11.csv
tarteel,Tarteel,https://tarteel.ai/en/pricing,pricing,2026-09-11,200,docs/research/agents/product-pedagogy-expansion-2026-09-11.csv | docs/research/competitors/direct-quran-ai-competitors-2026-09-11.csv | docs/research/competitors/islamic-superapps-2026-09-11.csv | docs/research/competitors/competitive-growth-switching-2026-09-11.csv | docs/research/competitors/competitor-pricing-packaging-2026-09-11.csv | docs/research/competitors/competitor-review-painpoints-2026-09-11.csv
tarteel,Tarteel,https://support.tarteel.ai/en/collections/15105282-troubleshooting-and-support,documentation,2026-09-11,200,docs/research/agents/product-pedagogy-expansion-2026-09-11.csv | docs/research/competitors/direct-quran-ai-competitors-2026-09-11.csv | docs/research/competitors/islamic-superapps-2026-09-11.csv | docs/research/competitors/competitive-growth-switching-2026-09-11.csv | docs/research/competitors/competitor-pricing-packaging-2026-09-11.csv | docs/research/competitors/competitor-review-painpoints-2026-09-11.csv
tarteel,Tarteel,https://tarteel.ai/,product,2026-09-11,200,docs/research/agents/product-pedagogy-expansion-2026-09-11.csv | docs/research/competitors/direct-quran-ai-competitors-2026-09-11.csv | docs/research/competitors/islamic-superapps-2026-09-11.csv | docs/research/competitors/competitive-growth-switching-2026-09-11.csv | docs/research/competitors/competitor-pricing-packaging-2026-09-11.csv | docs/research/competitors/competitor-review-painpoints-2026-09-11.csv
tarteel,Tarteel,https://apps.apple.com/us/app/tarteel-ai-quran-memorization/id1391009396,app_store,2026-09-11,200,docs/research/agents/product-pedagogy-expansion-2026-09-11.csv | docs/research/competitors/direct-quran-ai-competitors-2026-09-11.csv | docs/research/competitors/islamic-superapps-2026-09-11.csv | docs/research/competitors/competitive-growth-switching-2026-09-11.csv | docs/research/competitors/competitor-pricing-packaging-2026-09-11.csv | docs/research/competitors/competitor-review-painpoints-2026-09-11.csv
tarteel,Tarteel,https://support.tarteel.ai/en/articles/12414382-groups-and-leaderboards,documentation,2026-09-11,200,docs/research/agents/product-pedagogy-expansion-2026-09-11.csv | docs/research/competitors/direct-quran-ai-competitors-2026-09-11.csv | docs/research/competitors/islamic-superapps-2026-09-11.csv | docs/research/competitors/competitive-growth-switching-2026-09-11.csv | docs/research/competitors/competitor-pricing-packaging-2026-09-11.csv | docs/research/competitors/competitor-review-painpoints-2026-09-11.csv
tarteel,Tarteel,https://support.tarteel.ai/en/articles/12414408-how-to-add-an-off-platform-session,documentation,2026-09-11,200,docs/research/agents/product-pedagogy-expansion-2026-09-11.csv | docs/research/competitors/direct-quran-ai-competitors-2026-09-11.csv | docs/research/competitors/islamic-superapps-2026-09-11.csv | docs/research/competitors/competitive-growth-switching-2026-09-11.csv | docs/research/competitors/competitor-pricing-packaging-2026-09-11.csv | docs/research/competitors/competitor-review-painpoints-2026-09-11.csv
tarteel,Tarteel,https://support.tarteel.ai/en/articles/16557351-testing-faqs,documentation,2026-09-11,200,docs/research/agents/product-pedagogy-expansion-2026-09-11.csv | docs/research/competitors/direct-quran-ai-competitors-2026-09-11.csv | docs/research/competitors/islamic-superapps-2026-09-11.csv | docs/research/competitors/competitive-growth-switching-2026-09-11.csv | docs/research/competitors/competitor-pricing-packaging-2026-09-11.csv | docs/research/competitors/competitor-review-painpoints-2026-09-11.csv
tarteel,Tarteel,https://tarteel.ai/en/family,product,2026-09-11,200,docs/research/agents/product-pedagogy-expansion-2026-09-11.csv | docs/research/competitors/direct-quran-ai-competitors-2026-09-11.csv | docs/research/competitors/islamic-superapps-2026-09-11.csv | docs/research/competitors/competitive-growth-switching-2026-09-11.csv | docs/research/competitors/competitor-pricing-packaging-2026-09-11.csv | docs/research/competitors/competitor-review-painpoints-2026-09-11.csv
tarteel,Tarteel,https://support.tarteel.ai/en/collections/15105269-subscriptions-and-billing,documentation,2026-09-11,200,docs/research/agents/product-pedagogy-expansion-2026-09-11.csv | docs/research/competitors/direct-quran-ai-competitors-2026-09-11.csv | docs/research/competitors/islamic-superapps-2026-09-11.csv | docs/research/competitors/competitive-growth-switching-2026-09-11.csv | docs/research/competitors/competitor-pricing-packaging-2026-09-11.csv | docs/research/competitors/competitor-review-painpoints-2026-09-11.csv
tarteel,Tarteel,https://apps.apple.com/us/app/tarteel-ai-quran-memorization/id1391009396?see-all=reviews,app_store,2026-09-11,200,docs/research/agents/product-pedagogy-expansion-2026-09-11.csv | docs/research/competitors/direct-quran-ai-competitors-2026-09-11.csv | docs/research/competitors/islamic-superapps-2026-09-11.csv | docs/research/competitors/competitive-growth-switching-2026-09-11.csv | docs/research/competitors/competitor-pricing-packaging-2026-09-11.csv | docs/research/competitors/competitor-review-painpoints-2026-09-11.csv
tarteel,Tarteel,https://apps.apple.com/us/app/tarteel-ai-quran-memorization/id1391009396?platform=iphone&see-all=reviews,app_store,2026-09-11,200,docs/research/agents/product-pedagogy-expansion-2026-09-11.csv | docs/research/competitors/direct-quran-ai-competitors-2026-09-11.csv | docs/research/competitors/islamic-superapps-2026-09-11.csv | docs/research/competitors/competitive-growth-switching-2026-09-11.csv | docs/research/competitors/competitor-pricing-packaging-2026-09-11.csv | docs/research/competitors/competitor-review-painpoints-2026-09-11.csv
tatbith,Tatbith,https://www.tatbith.app/,product,2026-09-11,200,tool/build_competitor_landscape.mjs
hifz-ai,Hifz AI,https://hifzai.app/ar,product,2026-09-11,200,tool/build_competitor_landscape.mjs
tasmi,Tasmi,https://www.tasmi.app/,product,2026-09-11,200,tool/build_competitor_landscape.mjs | docs/research/competitors/direct-quran-ai-competitors-2026-09-11.csv
quran-academy,Quran Academy,https://quranacademy.io/,product,2026-09-11,200,tool/build_competitor_landscape.mjs
hifzmate,HifzMate,https://hifzmate.com/,product,2026-09-11,200,tool/build_competitor_landscape.mjs
quran-explorer,Quran Explorer,https://apps.apple.com/us/app/quran-explorer/id451133186,app_store,2026-09-11,200,docs/research/competitors/islamic-superapps-2026-09-11.csv
quran-explorer,Quran Explorer,https://www.quranexplorer.com/,product,2026-09-11,500,docs/research/competitors/islamic-superapps-2026-09-11.csv
quran-majeed,Quran Majeed,https://pakdata.com/products/quran-majeed/,product,2026-09-11,200,docs/research/agents/product-pedagogy-expansion-2026-09-11.csv | docs/research/competitors/direct-quran-ai-competitors-2026-09-11.csv | docs/research/competitors/islamic-superapps-2026-09-11.csv | docs/research/competitors/competitor-pricing-packaging-2026-09-11.csv | docs/research/competitors/competitor-review-painpoints-2026-09-11.csv
quran-majeed,Quran Majeed,https://pakdata.com/privacy-policy/,policy,2026-09-11,200,docs/research/agents/product-pedagogy-expansion-2026-09-11.csv | docs/research/competitors/direct-quran-ai-competitors-2026-09-11.csv | docs/research/competitors/islamic-superapps-2026-09-11.csv | docs/research/competitors/competitor-pricing-packaging-2026-09-11.csv | docs/research/competitors/competitor-review-painpoints-2026-09-11.csv
quran-majeed,Quran Majeed,https://apps.apple.com/us/app/quran-majeed-%D8%A7%D9%84%D9%82%D8%B1%D8%A7%D9%86-%D8%A7%D9%84%D9%83%D8%B1%D9%8A%D9%85/id365557665,app_store,2026-09-11,200,docs/research/agents/product-pedagogy-expansion-2026-09-11.csv | docs/research/competitors/direct-quran-ai-competitors-2026-09-11.csv | docs/research/competitors/islamic-superapps-2026-09-11.csv | docs/research/competitors/competitor-pricing-packaging-2026-09-11.csv | docs/research/competitors/competitor-review-painpoints-2026-09-11.csv
quran-majeed,Quran Majeed,https://apps.apple.com/us/app/id365557665?see-all=reviews,app_store,2026-09-11,200,docs/research/agents/product-pedagogy-expansion-2026-09-11.csv | docs/research/competitors/direct-quran-ai-competitors-2026-09-11.csv | docs/research/competitors/islamic-superapps-2026-09-11.csv | docs/research/competitors/competitor-pricing-packaging-2026-09-11.csv | docs/research/competitors/competitor-review-painpoints-2026-09-11.csv
quran-majeed,Quran Majeed,https://apps.apple.com/qa/app/quran-majeed-the-holy-quran/id365557665,app_store,2026-09-11,200,docs/research/agents/product-pedagogy-expansion-2026-09-11.csv | docs/research/competitors/direct-quran-ai-competitors-2026-09-11.csv | docs/research/competitors/islamic-superapps-2026-09-11.csv | docs/research/competitors/competitor-pricing-packaging-2026-09-11.csv | docs/research/competitors/competitor-review-painpoints-2026-09-11.csv
quran-majeed,Quran Majeed,https://apps.apple.com/us/app/quran-majeed-%D8%A7%D9%84%D9%82%D8%B1%D8%A7%D9%86-%D8%A7%D9%84%D9%83%D8%B1%D9%8A%D9%85/id365557665?see-all=reviews,app_store,2026-09-11,200,docs/research/agents/product-pedagogy-expansion-2026-09-11.csv | docs/research/competitors/direct-quran-ai-competitors-2026-09-11.csv | docs/research/competitors/islamic-superapps-2026-09-11.csv | docs/research/competitors/competitor-pricing-packaging-2026-09-11.csv | docs/research/competitors/competitor-review-painpoints-2026-09-11.csv
ayat,Ayat,https://quran.ksu.edu.sa/ayat/,product,2026-09-11,200,tool/build_competitor_landscape.mjs
quran-majeed-by-ird-foundation,Quran Majeed by IRD Foundation,https://play.google.com/store/apps/details?id=com.ihadis.quran,app_store,2026-09-11,200,docs/research/competitors/competitive-growth-switching-2026-09-11.csv
quran-com,Quran.com,https://quran.com/,product,2026-09-11,200,docs/research/agents/product-pedagogy-expansion-2026-09-11.csv | docs/research/competitors/direct-quran-ai-competitors-2026-09-11.csv | docs/research/competitors/islamic-superapps-2026-09-11.csv | docs/research/competitors/competitive-growth-switching-2026-09-11.csv | docs/research/competitors/competitor-pricing-packaging-2026-09-11.csv | docs/research/competitors/competitor-review-painpoints-2026-09-11.csv
quran-com,Quran.com,https://quran.com/privacy,policy,2026-09-11,200,docs/research/agents/product-pedagogy-expansion-2026-09-11.csv | docs/research/competitors/direct-quran-ai-competitors-2026-09-11.csv | docs/research/competitors/islamic-superapps-2026-09-11.csv | docs/research/competitors/competitive-growth-switching-2026-09-11.csv | docs/research/competitors/competitor-pricing-packaging-2026-09-11.csv | docs/research/competitors/competitor-review-painpoints-2026-09-11.csv
quran-com,Quran.com,https://api-docs.quran.com/docs/tutorials/content-sync/getting-started/,documentation,2026-09-11,200,docs/research/agents/product-pedagogy-expansion-2026-09-11.csv | docs/research/competitors/direct-quran-ai-competitors-2026-09-11.csv | docs/research/competitors/islamic-superapps-2026-09-11.csv | docs/research/competitors/competitive-growth-switching-2026-09-11.csv | docs/research/competitors/competitor-pricing-packaging-2026-09-11.csv | docs/research/competitors/competitor-review-painpoints-2026-09-11.csv
quran-com,Quran.com,https://api-docs.quran.com/,documentation,2026-09-11,200,docs/research/agents/product-pedagogy-expansion-2026-09-11.csv | docs/research/competitors/direct-quran-ai-competitors-2026-09-11.csv | docs/research/competitors/islamic-superapps-2026-09-11.csv | docs/research/competitors/competitive-growth-switching-2026-09-11.csv | docs/research/competitors/competitor-pricing-packaging-2026-09-11.csv | docs/research/competitors/competitor-review-painpoints-2026-09-11.csv
quran-com,Quran.com,https://quran.com/apps,product,2026-09-11,200,docs/research/agents/product-pedagogy-expansion-2026-09-11.csv | docs/research/competitors/direct-quran-ai-competitors-2026-09-11.csv | docs/research/competitors/islamic-superapps-2026-09-11.csv | docs/research/competitors/competitive-growth-switching-2026-09-11.csv | docs/research/competitors/competitor-pricing-packaging-2026-09-11.csv | docs/research/competitors/competitor-review-painpoints-2026-09-11.csv
quran-com,Quran.com,https://quran.com/en/product-updates/new-study-mode-on-quran-com,product,2026-09-11,200,docs/research/agents/product-pedagogy-expansion-2026-09-11.csv | docs/research/competitors/direct-quran-ai-competitors-2026-09-11.csv | docs/research/competitors/islamic-superapps-2026-09-11.csv | docs/research/competitors/competitive-growth-switching-2026-09-11.csv | docs/research/competitors/competitor-pricing-packaging-2026-09-11.csv | docs/research/competitors/competitor-review-painpoints-2026-09-11.csv
quran-com,Quran.com,https://api-docs.quran.com/docs/connected-apps/,documentation,2026-09-11,200,docs/research/agents/product-pedagogy-expansion-2026-09-11.csv | docs/research/competitors/direct-quran-ai-competitors-2026-09-11.csv | docs/research/competitors/islamic-superapps-2026-09-11.csv | docs/research/competitors/competitive-growth-switching-2026-09-11.csv | docs/research/competitors/competitor-pricing-packaging-2026-09-11.csv | docs/research/competitors/competitor-review-painpoints-2026-09-11.csv
quran-com,Quran.com,https://api-docs.quran.com/docs/tutorials/oidc/mobile-apps/,documentation,2026-09-11,200,docs/research/agents/product-pedagogy-expansion-2026-09-11.csv | docs/research/competitors/direct-quran-ai-competitors-2026-09-11.csv | docs/research/competitors/islamic-superapps-2026-09-11.csv | docs/research/competitors/competitive-growth-switching-2026-09-11.csv | docs/research/competitors/competitor-pricing-packaging-2026-09-11.csv | docs/research/competitors/competitor-review-painpoints-2026-09-11.csv
quran-com,Quran.com,https://api-docs.quran.com/docs/category/user-related-apis-1.0.0/,documentation,2026-09-11,200,docs/research/agents/product-pedagogy-expansion-2026-09-11.csv | docs/research/competitors/direct-quran-ai-competitors-2026-09-11.csv | docs/research/competitors/islamic-superapps-2026-09-11.csv | docs/research/competitors/competitive-growth-switching-2026-09-11.csv | docs/research/competitors/competitor-pricing-packaging-2026-09-11.csv | docs/research/competitors/competitor-review-painpoints-2026-09-11.csv
al-quran-tafsir-by-word,Al Quran (Tafsir & by Word),https://apps.apple.com/us/app/al-quran-tafsir-by-word/id1437038111,app_store,2026-09-11,200,docs/research/competitors/islamic-superapps-2026-09-11.csv
al-quran-tafsir-by-word,Al Quran (Tafsir & by Word),https://gtaf.org/apps/quran/,product,2026-09-11,200,docs/research/competitors/islamic-superapps-2026-09-11.csv
quran-companion,Quran Companion,https://www.qurancompanion.com/,product,2026-09-11,200,tool/build_competitor_landscape.mjs | docs/research/competitors/direct-quran-ai-competitors-2026-09-11.csv | docs/research/competitors/competitor-pricing-packaging-2026-09-11.csv | docs/research/competitors/competitor-review-painpoints-2026-09-11.csv
quran-companion,Quran Companion,https://play.google.com/store/apps/details?id=com.qurancompanion.app,app_store,2026-09-11,200,tool/build_competitor_landscape.mjs | docs/research/competitors/direct-quran-ai-competitors-2026-09-11.csv | docs/research/competitors/competitor-pricing-packaging-2026-09-11.csv | docs/research/competitors/competitor-review-painpoints-2026-09-11.csv
quran-companion,Quran Companion,https://apps.apple.com/us/app/quran-companion-memorize-quran/id1111843462,app_store,2026-09-11,404,tool/build_competitor_landscape.mjs | docs/research/competitors/direct-quran-ai-competitors-2026-09-11.csv | docs/research/competitors/competitor-pricing-packaging-2026-09-11.csv | docs/research/competitors/competitor-review-painpoints-2026-09-11.csv
qutor,Qutor,https://qutor.com/,product,2026-09-11,200,docs/research/competitors/kids-family-new-muslim-2026-09-11.csv
muslim-pro,Muslim Pro,https://www.muslimpro.com/academy-islamic-courses/,product,2026-09-11,200,docs/research/agents/product-pedagogy-expansion-2026-09-11.csv | docs/research/competitors/islamic-gamified-learning-2026-09-11.csv | docs/research/competitors/islamic-superapps-2026-09-11.csv | docs/research/competitors/competitive-growth-switching-2026-09-11.csv | docs/research/competitors/competitor-pricing-packaging-2026-09-11.csv | docs/research/competitors/competitor-review-painpoints-2026-09-11.csv
muslim-pro,Muslim Pro,https://support.muslimpro.com/hc/en-us/articles/29158808395289-Quran-Learn-Memorisation,documentation,2026-09-11,200,docs/research/agents/product-pedagogy-expansion-2026-09-11.csv | docs/research/competitors/islamic-gamified-learning-2026-09-11.csv | docs/research/competitors/islamic-superapps-2026-09-11.csv | docs/research/competitors/competitive-growth-switching-2026-09-11.csv | docs/research/competitors/competitor-pricing-packaging-2026-09-11.csv | docs/research/competitors/competitor-review-painpoints-2026-09-11.csv
muslim-pro,Muslim Pro,https://support.muslimpro.com/help/en/articles/privacy-policy,policy,2026-09-11,200,docs/research/agents/product-pedagogy-expansion-2026-09-11.csv | docs/research/competitors/islamic-gamified-learning-2026-09-11.csv | docs/research/competitors/islamic-superapps-2026-09-11.csv | docs/research/competitors/competitive-growth-switching-2026-09-11.csv | docs/research/competitors/competitor-pricing-packaging-2026-09-11.csv | docs/research/competitors/competitor-review-painpoints-2026-09-11.csv
muslim-pro,Muslim Pro,https://apps.apple.com/us/app/muslim-pro-quran-athan/id388389451,app_store,2026-09-11,200,docs/research/agents/product-pedagogy-expansion-2026-09-11.csv | docs/research/competitors/islamic-gamified-learning-2026-09-11.csv | docs/research/competitors/islamic-superapps-2026-09-11.csv | docs/research/competitors/competitive-growth-switching-2026-09-11.csv | docs/research/competitors/competitor-pricing-packaging-2026-09-11.csv | docs/research/competitors/competitor-review-painpoints-2026-09-11.csv
muslim-pro,Muslim Pro,https://support.muslimpro.com/hc/en-us/articles/49726715851545-Guide-to-the-Updated-and-Enhanced-App,documentation,2026-09-11,200,docs/research/agents/product-pedagogy-expansion-2026-09-11.csv | docs/research/competitors/islamic-gamified-learning-2026-09-11.csv | docs/research/competitors/islamic-superapps-2026-09-11.csv | docs/research/competitors/competitive-growth-switching-2026-09-11.csv | docs/research/competitors/competitor-pricing-packaging-2026-09-11.csv | docs/research/competitors/competitor-review-painpoints-2026-09-11.csv
muslim-pro,Muslim Pro,https://support.muslimpro.com/help/en/articles/community-ummah-pro,documentation,2026-09-11,200,docs/research/agents/product-pedagogy-expansion-2026-09-11.csv | docs/research/competitors/islamic-gamified-learning-2026-09-11.csv | docs/research/competitors/islamic-superapps-2026-09-11.csv | docs/research/competitors/competitive-growth-switching-2026-09-11.csv | docs/research/competitors/competitor-pricing-packaging-2026-09-11.csv | docs/research/competitors/competitor-review-painpoints-2026-09-11.csv
muslim-pro,Muslim Pro,https://support.muslimpro.com/help/en/articles/quest-and-stars,documentation,2026-09-11,200,docs/research/agents/product-pedagogy-expansion-2026-09-11.csv | docs/research/competitors/islamic-gamified-learning-2026-09-11.csv | docs/research/competitors/islamic-superapps-2026-09-11.csv | docs/research/competitors/competitive-growth-switching-2026-09-11.csv | docs/research/competitors/competitor-pricing-packaging-2026-09-11.csv | docs/research/competitors/competitor-review-painpoints-2026-09-11.csv
muslim-pro,Muslim Pro,https://apps.apple.com/us/app/muslim-pro-quran-athan/id388389451?see-all=reviews,app_store,2026-09-11,200,docs/research/agents/product-pedagogy-expansion-2026-09-11.csv | docs/research/competitors/islamic-gamified-learning-2026-09-11.csv | docs/research/competitors/islamic-superapps-2026-09-11.csv | docs/research/competitors/competitive-growth-switching-2026-09-11.csv | docs/research/competitors/competitor-pricing-packaging-2026-09-11.csv | docs/research/competitors/competitor-review-painpoints-2026-09-11.csv
arabic-unlocked,Arabic Unlocked,https://arabicunlocked.com/,product,2026-09-11,200,docs/research/agents/product-pedagogy-expansion-2026-09-11.csv | docs/research/competitors/competitive-growth-switching-2026-09-11.csv
arabic-unlocked,Arabic Unlocked,https://arabicunlocked.com/academy/,product,2026-09-11,200,docs/research/agents/product-pedagogy-expansion-2026-09-11.csv | docs/research/competitors/competitive-growth-switching-2026-09-11.csv
arabic-unlocked,Arabic Unlocked,https://arabicunlocked.com/terms/,policy,2026-09-11,200,docs/research/agents/product-pedagogy-expansion-2026-09-11.csv | docs/research/competitors/competitive-growth-switching-2026-09-11.csv
quranic,Quranic,https://www.getquranic.com/learners/,product,2026-09-11,200,docs/research/agents/product-pedagogy-expansion-2026-09-11.csv | docs/research/competitors/direct-quran-ai-competitors-2026-09-11.csv | docs/research/competitors/competitive-growth-switching-2026-09-11.csv | docs/research/competitors/competitor-pricing-packaging-2026-09-11.csv | docs/research/competitors/competitor-review-painpoints-2026-09-11.csv
quranic,Quranic,https://www.getquranic.com/pricing/,pricing,2026-09-11,200,docs/research/agents/product-pedagogy-expansion-2026-09-11.csv | docs/research/competitors/direct-quran-ai-competitors-2026-09-11.csv | docs/research/competitors/competitive-growth-switching-2026-09-11.csv | docs/research/competitors/competitor-pricing-packaging-2026-09-11.csv | docs/research/competitors/competitor-review-painpoints-2026-09-11.csv
quranic,Quranic,https://www.getquranic.com/terms/,policy,2026-09-11,200,docs/research/agents/product-pedagogy-expansion-2026-09-11.csv | docs/research/competitors/direct-quran-ai-competitors-2026-09-11.csv | docs/research/competitors/competitive-growth-switching-2026-09-11.csv | docs/research/competitors/competitor-pricing-packaging-2026-09-11.csv | docs/research/competitors/competitor-review-painpoints-2026-09-11.csv
quranic,Quranic,https://play.google.com/store/apps/details?id=com.pnw.quranic.quranicandroid,app_store,2026-09-11,200,docs/research/agents/product-pedagogy-expansion-2026-09-11.csv | docs/research/competitors/direct-quran-ai-competitors-2026-09-11.csv | docs/research/competitors/competitive-growth-switching-2026-09-11.csv | docs/research/competitors/competitor-pricing-packaging-2026-09-11.csv | docs/research/competitors/competitor-review-painpoints-2026-09-11.csv
quranic,Quranic,https://apps.apple.com/us/app/quranic-quran-arabic-learning/id1381145375?see-all=reviews,app_store,2026-09-11,200,docs/research/agents/product-pedagogy-expansion-2026-09-11.csv | docs/research/competitors/direct-quran-ai-competitors-2026-09-11.csv | docs/research/competitors/competitive-growth-switching-2026-09-11.csv | docs/research/competitors/competitor-pricing-packaging-2026-09-11.csv | docs/research/competitors/competitor-review-painpoints-2026-09-11.csv
bayyinah-tv,Bayyinah TV,https://www.bayyinahtv.com/index,product,2026-09-11,200,docs/research/agents/product-pedagogy-expansion-2026-09-11.csv | docs/research/competitors/islamic-gamified-learning-2026-09-11.csv | docs/research/competitors/competitive-growth-switching-2026-09-11.csv
bayyinah-tv,Bayyinah TV,https://explore.bayyinahtv.com/arabic/,product,2026-09-11,200,docs/research/agents/product-pedagogy-expansion-2026-09-11.csv | docs/research/competitors/islamic-gamified-learning-2026-09-11.csv | docs/research/competitors/competitive-growth-switching-2026-09-11.csv
bayyinah-tv,Bayyinah TV,https://bayyinah.com/terms-and-conditions/,policy,2026-09-11,200,docs/research/agents/product-pedagogy-expansion-2026-09-11.csv | docs/research/competitors/islamic-gamified-learning-2026-09-11.csv | docs/research/competitors/competitive-growth-switching-2026-09-11.csv
bayyinah-tv,Bayyinah TV,https://explore.bayyinahtv.com/arabic-resources/,product,2026-09-11,200,docs/research/agents/product-pedagogy-expansion-2026-09-11.csv | docs/research/competitors/islamic-gamified-learning-2026-09-11.csv | docs/research/competitors/competitive-growth-switching-2026-09-11.csv
understand-al-quran-academy,Understand Al Quran Academy,https://understandquran.com/,product,2026-09-11,200,docs/research/agents/product-pedagogy-expansion-2026-09-11.csv | docs/research/competitors/islamic-gamified-learning-2026-09-11.csv | docs/research/competitors/competitive-growth-switching-2026-09-11.csv
understand-al-quran-academy,Understand Al Quran Academy,https://understandquran.com/courses/learn-tajweed-the-easy-way/,product,2026-09-11,200,docs/research/agents/product-pedagogy-expansion-2026-09-11.csv | docs/research/competitors/islamic-gamified-learning-2026-09-11.csv | docs/research/competitors/competitive-growth-switching-2026-09-11.csv
understand-al-quran-academy,Understand Al Quran Academy,https://understandquran.com/online-madrasah/,product,2026-09-11,200,docs/research/agents/product-pedagogy-expansion-2026-09-11.csv | docs/research/competitors/islamic-gamified-learning-2026-09-11.csv | docs/research/competitors/competitive-growth-switching-2026-09-11.csv
understand-al-quran-academy,Understand Al Quran Academy,https://understandquran.com/our-mobile-apps/,product,2026-09-11,200,docs/research/agents/product-pedagogy-expansion-2026-09-11.csv | docs/research/competitors/islamic-gamified-learning-2026-09-11.csv | docs/research/competitors/competitive-growth-switching-2026-09-11.csv
quizlet,Quizlet,https://help.quizlet.com/hc/articles/360029923632/,documentation,2026-09-11,403,docs/research/agents/product-pedagogy-expansion-2026-09-11.csv | docs/research/competitors/edtech-growth-mechanics-2026-09-11.csv | docs/research/competitors/competitive-growth-switching-2026-09-11.csv
quizlet,Quizlet,https://help.quizlet.com/hc/en-au/articles/360030640912-Student-activity-data,documentation,2026-09-11,403,docs/research/agents/product-pedagogy-expansion-2026-09-11.csv | docs/research/competitors/edtech-growth-mechanics-2026-09-11.csv | docs/research/competitors/competitive-growth-switching-2026-09-11.csv
quizlet,Quizlet,https://quizlet.com/features/learn,product,2026-09-11,403,docs/research/agents/product-pedagogy-expansion-2026-09-11.csv | docs/research/competitors/edtech-growth-mechanics-2026-09-11.csv | docs/research/competitors/competitive-growth-switching-2026-09-11.csv
quizlet,Quizlet,https://quizlet.com/features/study-modes,product,2026-09-11,403,docs/research/agents/product-pedagogy-expansion-2026-09-11.csv | docs/research/competitors/edtech-growth-mechanics-2026-09-11.csv | docs/research/competitors/competitive-growth-switching-2026-09-11.csv
quizlet,Quizlet,https://quizlet.com/features/ai-study-tools,product,2026-09-11,403,docs/research/agents/product-pedagogy-expansion-2026-09-11.csv | docs/research/competitors/edtech-growth-mechanics-2026-09-11.csv | docs/research/competitors/competitive-growth-switching-2026-09-11.csv
quizlet,Quizlet,https://help.quizlet.com/hc/en-us/sections/360005877232-Accessing-and-sharing,documentation,2026-09-11,403,docs/research/agents/product-pedagogy-expansion-2026-09-11.csv | docs/research/competitors/edtech-growth-mechanics-2026-09-11.csv | docs/research/competitors/competitive-growth-switching-2026-09-11.csv
quizlet,Quizlet,https://help.quizlet.com/hc/en-au/articles/360035357412-Adding-sets-to-a-class,documentation,2026-09-11,403,docs/research/agents/product-pedagogy-expansion-2026-09-11.csv | docs/research/competitors/edtech-growth-mechanics-2026-09-11.csv | docs/research/competitors/competitive-growth-switching-2026-09-11.csv
monthly-quran,Monthly Quran,https://play.google.com/store/apps/details?id=com.monthlyquran.app,app_store,2026-09-11,200,docs/research/competitors/direct-quran-ai-competitors-2026-09-11.csv
deenyou,Deenyou,https://deenyou.com/,product,2026-09-11,200,docs/research/competitors/islamic-gamified-learning-2026-09-11.csv
qalam-institute,Qalam Institute,https://www.qalaminstitute.org/seerah/,product,2026-09-11,200,docs/research/agents/product-pedagogy-expansion-2026-09-11.csv | docs/research/competitors/islamic-gamified-learning-2026-09-11.csv
qalam-institute,Qalam Institute,https://www.qalam.institute/online-class-recordings,product,2026-09-11,200,docs/research/agents/product-pedagogy-expansion-2026-09-11.csv | docs/research/competitors/islamic-gamified-learning-2026-09-11.csv
qalam-institute,Qalam Institute,https://www.qalam.institute/terms-conditions,policy,2026-09-11,200,docs/research/agents/product-pedagogy-expansion-2026-09-11.csv | docs/research/competitors/islamic-gamified-learning-2026-09-11.csv
qalam-institute,Qalam Institute,https://www.qalam.institute/links,product,2026-09-11,200,docs/research/agents/product-pedagogy-expansion-2026-09-11.csv | docs/research/competitors/islamic-gamified-learning-2026-09-11.csv
hifz-musaa-id,Hifz Musaa'id,https://www.hifzmusaaid.com/,product,2026-09-11,200,docs/research/competitors/direct-quran-ai-competitors-2026-09-11.csv | docs/research/competitors/competitor-pricing-packaging-2026-09-11.csv | docs/research/competitors/competitor-review-painpoints-2026-09-11.csv
hifz-musaa-id,Hifz Musaa'id,https://hifzmusaaid.com/privacy,policy,2026-09-11,200,docs/research/competitors/direct-quran-ai-competitors-2026-09-11.csv | docs/research/competitors/competitor-pricing-packaging-2026-09-11.csv | docs/research/competitors/competitor-review-painpoints-2026-09-11.csv
hifz-musaa-id,Hifz Musaa'id,https://play.google.com/store/apps/details?id=com.kagalwalas.hifzcompanion,app_store,2026-09-11,200,docs/research/competitors/direct-quran-ai-competitors-2026-09-11.csv | docs/research/competitors/competitor-pricing-packaging-2026-09-11.csv | docs/research/competitors/competitor-review-painpoints-2026-09-11.csv
hifz-musaa-id,Hifz Musaa'id,https://apps.apple.com/us/app/hifz-musaaid-memorize-quran/id6767211882,app_store,2026-09-11,200,docs/research/competitors/direct-quran-ai-competitors-2026-09-11.csv | docs/research/competitors/competitor-pricing-packaging-2026-09-11.csv | docs/research/competitors/competitor-review-painpoints-2026-09-11.csv
hellotalk,HelloTalk,https://www.hellotalk.com/en/features,product,2026-09-11,200,docs/research/competitors/edtech-growth-mechanics-2026-09-11.csv
hellotalk,HelloTalk,https://www.hellotalk.com/en/about,product,2026-09-11,200,docs/research/competitors/edtech-growth-mechanics-2026-09-11.csv
falou,Falou,https://falou.app/,product,2026-09-11,200,docs/research/competitors/edtech-growth-mechanics-2026-09-11.csv
falou,Falou,https://falou.app/download-android,product,2026-09-11,200,docs/research/competitors/edtech-growth-mechanics-2026-09-11.csv
mosalingua,MosaLingua,https://academy.mosalingua.com/mosaweb/?lang=en&preferred=1,product,2026-09-11,200,docs/research/competitors/edtech-growth-mechanics-2026-09-11.csv
mosalingua,MosaLingua,https://academy.mosalingua.com/mosatraining-sales-page/?lang=en&preferred=1,product,2026-09-11,200,docs/research/competitors/edtech-growth-mechanics-2026-09-11.csv
noor-kids,Noor Kids,https://help.noorkids.com/support/solutions/articles/13000116903-character-building-program-curriculum,documentation,2026-09-11,200,docs/research/competitors/islamic-gamified-learning-2026-09-11.csv | docs/research/competitors/kids-family-new-muslim-2026-09-11.csv | docs/research/competitors/competitor-pricing-packaging-2026-09-11.csv | docs/research/competitors/competitor-review-painpoints-2026-09-11.csv
noor-kids,Noor Kids,https://noorkids.com/products/treehouse,product,2026-09-11,200,docs/research/competitors/islamic-gamified-learning-2026-09-11.csv | docs/research/competitors/kids-family-new-muslim-2026-09-11.csv | docs/research/competitors/competitor-pricing-packaging-2026-09-11.csv | docs/research/competitors/competitor-review-painpoints-2026-09-11.csv
noor-kids,Noor Kids,https://noorkids.com/collections/subscriptions/products/noor-kids-character-building-program-3,pricing,2026-09-11,200,docs/research/competitors/islamic-gamified-learning-2026-09-11.csv | docs/research/competitors/kids-family-new-muslim-2026-09-11.csv | docs/research/competitors/competitor-pricing-packaging-2026-09-11.csv | docs/research/competitors/competitor-review-painpoints-2026-09-11.csv
noor-kids,Noor Kids,https://help.noorkids.com/support/solutions/articles/13000117713-subscription-plans-pricing,documentation,2026-09-11,200,docs/research/competitors/islamic-gamified-learning-2026-09-11.csv | docs/research/competitors/kids-family-new-muslim-2026-09-11.csv | docs/research/competitors/competitor-pricing-packaging-2026-09-11.csv | docs/research/competitors/competitor-review-painpoints-2026-09-11.csv
noor-kids,Noor Kids,https://apps.apple.com/in/app/noor-kids/id1462609720,app_store,2026-09-11,200,docs/research/competitors/islamic-gamified-learning-2026-09-11.csv | docs/research/competitors/kids-family-new-muslim-2026-09-11.csv | docs/research/competitors/competitor-pricing-packaging-2026-09-11.csv | docs/research/competitors/competitor-review-painpoints-2026-09-11.csv
noor-kids,Noor Kids,https://noorkids.com/,product,2026-09-11,200,docs/research/competitors/islamic-gamified-learning-2026-09-11.csv | docs/research/competitors/kids-family-new-muslim-2026-09-11.csv | docs/research/competitors/competitor-pricing-packaging-2026-09-11.csv | docs/research/competitors/competitor-review-painpoints-2026-09-11.csv
rocket-languages,Rocket Languages,https://apps.apple.com/us/app/rocket-languages/id597293943,app_store,2026-09-11,200,docs/research/competitors/edtech-growth-mechanics-2026-09-11.csv
rocket-languages,Rocket Languages,https://www.rocketlanguages.com/pricing,pricing,2026-09-11,200,docs/research/competitors/edtech-growth-mechanics-2026-09-11.csv
rocket-languages,Rocket Languages,https://www.rocketlanguages.com/blog/new-release-of-rocket-languages-on-desktop,product,2026-09-11,200,docs/research/competitors/edtech-growth-mechanics-2026-09-11.csv
babbel,Babbel,https://www.babbel.com/,product,2026-09-11,200,tool/build_competitor_landscape.mjs | docs/research/competitors/edtech-growth-mechanics-2026-09-11.csv
babbel,Babbel,https://support.babbel.com/hc/en-us/articles/360037496932-Memorizing-vocabulary,documentation,2026-09-11,403,tool/build_competitor_landscape.mjs | docs/research/competitors/edtech-growth-mechanics-2026-09-11.csv
qur-an-for-all,Qur'an for All,https://apps.apple.com/us/app/quran-for-all/id840190258,app_store,2026-09-11,200,docs/research/competitors/islamic-gamified-learning-2026-09-11.csv
hifz-tracker,Hifz Tracker,https://play.google.com/store/apps/details?id=com.hifztracker.app,app_store,2026-09-11,200,docs/research/competitors/direct-quran-ai-competitors-2026-09-11.csv
hifz-tracker,Hifz Tracker,https://hifztracker.com,product,2026-09-11,200,docs/research/competitors/direct-quran-ai-competitors-2026-09-11.csv
noor-quran-companion,Noor - Quran Companion,https://apps.apple.com/us/app/noor-quran-companion/id6751915818,app_store,2026-09-11,200,docs/research/competitors/islamic-superapps-2026-09-11.csv
deenup,DeenUp,https://www.deenup.app/,product,2026-09-11,200,docs/research/competitors/islamic-gamified-learning-2026-09-11.csv
tajweedmate,TajweedMate,https://tajweedmate.com/,product,2026-09-11,200,docs/research/agents/product-pedagogy-expansion-2026-09-11.csv | docs/research/competitors/direct-quran-ai-competitors-2026-09-11.csv | docs/research/competitors/competitive-growth-switching-2026-09-11.csv | docs/research/competitors/competitor-pricing-packaging-2026-09-11.csv | docs/research/competitors/competitor-review-painpoints-2026-09-11.csv
tajweedmate,TajweedMate,https://tajweedmate.com/privacy.html,policy,2026-09-11,200,docs/research/agents/product-pedagogy-expansion-2026-09-11.csv | docs/research/competitors/direct-quran-ai-competitors-2026-09-11.csv | docs/research/competitors/competitive-growth-switching-2026-09-11.csv | docs/research/competitors/competitor-pricing-packaging-2026-09-11.csv | docs/research/competitors/competitor-review-painpoints-2026-09-11.csv
tajweedmate,TajweedMate,https://apps.apple.com/us/app/tajweedmate/id1547696689,app_store,2026-09-11,200,docs/research/agents/product-pedagogy-expansion-2026-09-11.csv | docs/research/competitors/direct-quran-ai-competitors-2026-09-11.csv | docs/research/competitors/competitive-growth-switching-2026-09-11.csv | docs/research/competitors/competitor-pricing-packaging-2026-09-11.csv | docs/research/competitors/competitor-review-painpoints-2026-09-11.csv
tajweedmate,TajweedMate,https://play.google.com/store/apps/details?id=com.tajweedmate.androidapp,app_store,2026-09-11,200,docs/research/agents/product-pedagogy-expansion-2026-09-11.csv | docs/research/competitors/direct-quran-ai-competitors-2026-09-11.csv | docs/research/competitors/competitive-growth-switching-2026-09-11.csv | docs/research/competitors/competitor-pricing-packaging-2026-09-11.csv | docs/research/competitors/competitor-review-painpoints-2026-09-11.csv
learn-quran-tajwid,Learn Quran Tajwid,https://tajwid.learn-quran.co/,product,2026-09-11,200,docs/research/agents/product-pedagogy-expansion-2026-09-11.csv | docs/research/competitors/direct-quran-ai-competitors-2026-09-11.csv | docs/research/competitors/competitive-growth-switching-2026-09-11.csv | docs/research/competitors/competitor-pricing-packaging-2026-09-11.csv | docs/research/competitors/competitor-review-painpoints-2026-09-11.csv
learn-quran-tajwid,Learn Quran Tajwid,https://tajwid.learn-quran.co/id/faq/,documentation,2026-09-11,200,docs/research/agents/product-pedagogy-expansion-2026-09-11.csv | docs/research/competitors/direct-quran-ai-competitors-2026-09-11.csv | docs/research/competitors/competitive-growth-switching-2026-09-11.csv | docs/research/competitors/competitor-pricing-packaging-2026-09-11.csv | docs/research/competitors/competitor-review-painpoints-2026-09-11.csv
learn-quran-tajwid,Learn Quran Tajwid,https://tajwid.learn-quran.co/privacy-policy/,policy,2026-09-11,200,docs/research/agents/product-pedagogy-expansion-2026-09-11.csv | docs/research/competitors/direct-quran-ai-competitors-2026-09-11.csv | docs/research/competitors/competitive-growth-switching-2026-09-11.csv | docs/research/competitors/competitor-pricing-packaging-2026-09-11.csv | docs/research/competitors/competitor-review-painpoints-2026-09-11.csv
learn-quran-tajwid,Learn Quran Tajwid,https://tajwid.learn-quran.co/terms-of-use/,policy,2026-09-11,200,docs/research/agents/product-pedagogy-expansion-2026-09-11.csv | docs/research/competitors/direct-quran-ai-competitors-2026-09-11.csv | docs/research/competitors/competitive-growth-switching-2026-09-11.csv | docs/research/competitors/competitor-pricing-packaging-2026-09-11.csv | docs/research/competitors/competitor-review-painpoints-2026-09-11.csv
learn-quran-tajwid,Learn Quran Tajwid,https://play.google.com/store/apps/details?id=com.bi.learnquran,app_store,2026-09-11,200,docs/research/agents/product-pedagogy-expansion-2026-09-11.csv | docs/research/competitors/direct-quran-ai-competitors-2026-09-11.csv | docs/research/competitors/competitive-growth-switching-2026-09-11.csv | docs/research/competitors/competitor-pricing-packaging-2026-09-11.csv | docs/research/competitors/competitor-review-painpoints-2026-09-11.csv
learn-quran-tajwid,Learn Quran Tajwid,https://apps.apple.com/us/app/learn-quran-tajwid/id960134803,app_store,2026-09-11,200,docs/research/agents/product-pedagogy-expansion-2026-09-11.csv | docs/research/competitors/direct-quran-ai-competitors-2026-09-11.csv | docs/research/competitors/competitive-growth-switching-2026-09-11.csv | docs/research/competitors/competitor-pricing-packaging-2026-09-11.csv | docs/research/competitors/competitor-review-painpoints-2026-09-11.csv
learn-quran-tajwid,Learn Quran Tajwid,https://apps.apple.com/us/app/learn-quran-tajwid/id960134803?see-all=reviews,app_store,2026-09-11,200,docs/research/agents/product-pedagogy-expansion-2026-09-11.csv | docs/research/competitors/direct-quran-ai-competitors-2026-09-11.csv | docs/research/competitors/competitive-growth-switching-2026-09-11.csv | docs/research/competitors/competitor-pricing-packaging-2026-09-11.csv | docs/research/competitors/competitor-review-painpoints-2026-09-11.csv
al-kisa-kisa-kids,Al-Kisa / Kisa Kids,https://us.alkisafoundation.org/collections/islamic-curriculum,product,2026-09-11,200,docs/research/competitors/kids-family-new-muslim-2026-09-11.csv
al-kisa-kisa-kids,Al-Kisa / Kisa Kids,https://uk.alkisafoundation.org/products/grade-kindergarten-teacher-edition,product,2026-09-11,200,docs/research/competitors/kids-family-new-muslim-2026-09-11.csv
al-kisa-kisa-kids,Al-Kisa / Kisa Kids,https://uk.alkisafoundation.org/products/quran-reading-grade-5,product,2026-09-11,200,docs/research/competitors/kids-family-new-muslim-2026-09-11.csv
hifz-focus,Hifz Focus,https://hifz.iqs.org.in/,product,2026-09-11,200,docs/research/competitors/direct-quran-ai-competitors-2026-09-11.csv
hifz-focus,Hifz Focus,https://iqs.org.in/,product,2026-09-11,200,docs/research/competitors/direct-quran-ai-competitors-2026-09-11.csv
quran-revolution,Quran Revolution,https://easierquran.com/,product,2026-09-11,200,docs/research/agents/product-pedagogy-expansion-2026-09-11.csv | docs/research/competitors/competitive-growth-switching-2026-09-11.csv
hafiz-okulu,Hafiz Okulu,https://play.google.com/store/apps/details?id=com.hafizolrn,app_store,2026-09-11,200,docs/research/competitors/direct-quran-ai-competitors-2026-09-11.csv
preply,Preply,https://preply.com/en/how-it-works,product,2026-09-11,200,docs/research/competitors/edtech-growth-mechanics-2026-09-11.csv
preply,Preply,https://help.preply.com/en/articles/6655082-preply-placement-tests-assess-your-language-skills-track-your-progress-and-achieve-your-goals,documentation,2026-09-11,200,docs/research/competitors/edtech-growth-mechanics-2026-09-11.csv
preply,Preply,https://help.preply.com/en/articles/10385861-lesson-insights,documentation,2026-09-11,200,docs/research/competitors/edtech-growth-mechanics-2026-09-11.csv
lingopie,LingoPie,https://lingopie.com/,product,2026-09-11,200,tool/build_competitor_landscape.mjs
drops,Drops,https://languagedrops.com/,product,2026-09-11,200,tool/build_competitor_landscape.mjs | docs/research/competitors/edtech-growth-mechanics-2026-09-11.csv
drops,Drops,https://languagedrops.com/welcome,product,2026-09-11,200,tool/build_competitor_landscape.mjs | docs/research/competitors/edtech-growth-mechanics-2026-09-11.csv
drops,Drops,https://planblabs.zendesk.com/hc/en-us/articles/360012598660-What-s-the-difference-between-free-and-premium-subscriptions,pricing,2026-09-11,403,tool/build_competitor_landscape.mjs | docs/research/competitors/edtech-growth-mechanics-2026-09-11.csv
drops,Drops,https://apps.apple.com/us/app/drops-language-learning-games/id939540371,app_store,2026-09-11,200,tool/build_competitor_landscape.mjs | docs/research/competitors/edtech-growth-mechanics-2026-09-11.csv
salahmate,SalahMate,https://apps.apple.com/us/app/salahmate/id6754115719,app_store,2026-09-11,200,docs/research/competitors/islamic-gamified-learning-2026-09-11.csv
hifzpath,HifzPath,https://hifzpath.app/,product,2026-09-11,200,tool/build_competitor_landscape.mjs | docs/research/competitors/direct-quran-ai-competitors-2026-09-11.csv
hifzpath,HifzPath,https://play.google.com/store/apps/details?id=com.hifzpath.app,app_store,2026-09-11,200,tool/build_competitor_landscape.mjs | docs/research/competitors/direct-quran-ai-competitors-2026-09-11.csv
hifzpath,HifzPath,https://hifzpath.app/privacy.html,policy,2026-09-11,200,tool/build_competitor_landscape.mjs | docs/research/competitors/direct-quran-ai-competitors-2026-09-11.csv
hifzpath,HifzPath,https://hifzpath.app/terms.html,policy,2026-09-11,200,tool/build_competitor_landscape.mjs | docs/research/competitors/direct-quran-ai-competitors-2026-09-11.csv
quran-widgets-verses-duas,Quran Widgets: Verses & Duas,https://apps.apple.com/us/app/quran-widgets-verses-duas/id6758387571,app_store,2026-09-11,200,docs/research/competitors/islamic-superapps-2026-09-11.csv
muslim-daily,Muslim Daily,https://apps.apple.com/us/app/muslim-daily-quran-prayer/id6759206519,app_store,2026-09-11,200,docs/research/competitors/islamic-superapps-2026-09-11.csv
yaqeen-curriculum,Yaqeen Curriculum,https://yaqeeninstitute.org/curriculum,product,2026-09-11,200,docs/research/agents/product-pedagogy-expansion-2026-09-11.csv | docs/research/competitors/islamic-gamified-learning-2026-09-11.csv
yaqeen-curriculum,Yaqeen Curriculum,https://yaqeeninstitute.org/about-us/our-commitment-to-scholarly-rigor,product,2026-09-11,200,docs/research/agents/product-pedagogy-expansion-2026-09-11.csv | docs/research/competitors/islamic-gamified-learning-2026-09-11.csv
