"url","title","publisher","languages","formats","tracks","rights_statuses","http_status","reachable","final_url","content_type","last_modified","availability_class","verification_error","notes","source_files"
"https://4713562.fs1.hubspotusercontent-na1.net/hubfs/4713562/Teacher%20Portal/Navigating%20Palestines%20struggle%20through%20faith/Lesson%20plan.pdf","Navigating Palestine’s Struggle Through Faith—Lesson Plan","","unspecified","course","foundations","unknown-review-required","200","true","https://4713562.fs1.hubspotusercontent-na1.net/hubfs/4713562/Teacher%20Portal/Navigating%20Palestines%20struggle%20through%20faith/Lesson%20plan.pdf","application/pdf","Tue, 07 Nov 2023 13:18:48 GMT","reachable","","","agents/muslingo-islamic-studies-curricula-research.md"
"https://about.duolingo.com/","company/product overview","","ar","course","arabic; pedagogy; quran","unknown-review-required","200","true","https://about.duolingo.com/","text/html","Fri, 28 Aug 2026 18:43:00 GMT","reachable","","","agents/muslingo_quranic_arabic_course_research_2026-09-10.md"
"https://academy.arabic101.org/course-2-quran-mastery","Quran Mastery","Arabic 101 Academy","ar; en","course; video","arabic; pedagogy; quran","restricted-or-permission-required","200","true","https://academy.arabic101.org/course-2-quran-mastery/","text/html; charset=UTF-8","","reachable","","Five published levels; 52/60/70/50/70 lesson blocks; prerequisites, outcomes and teacher correction; Rights/reuse note: Copyrighted proprietary material; permission required for reproduction, translation or adaptation; Source format: Teacher platform / structured audiovisual course","agents/muslingo-competitive-pedagogy-2026-09-10.md; agents/muslingo_quranic_arabic_course_research_2026-09-10.md; agents/video-audio-content-analysis-2026-09-11.md; agents/video-audio-source-expansion-2026-09-11.csv"
"https://academy.arabic101.org/course-3-how-to-understand-the-quran-in-arabic","Understand the Quran in Arabic","Arabic 101 Academy","ar; en","course; video","arabic; pedagogy; quran","terms-review-required","200","true","https://academy.arabic101.org/course-3-how-to-understand-the-quran-in-arabic/","text/html; charset=UTF-8","","reachable","","Rights/reuse note: Proprietary; workbook and course adaptation require written permission; Source format: Structured audiovisual course; Three stages targeting 50%, 65% and 85% frequency coverage; 25 lessons/13 hours in stage 1","agents/muslingo-competitive-pedagogy-2026-09-10.md; agents/video-audio-content-analysis-2026-09-11.md; agents/video-audio-source-expansion-2026-09-11.csv"
"https://academy.arabic101.org/courses","course catalogue","Arabic101","ar","course; video","arabic; pedagogy; quran","reference-or-link-only","200","true","https://academy.arabic101.org/courses/","text/html; charset=UTF-8","","reachable","","Free to view; Rights/reuse note: https://store.arabic101.org/85landing/; Self-study free; guided USD 40-60/month; live from USD 9/hour; ebook EUR 0-7.99; Source category: Official playlist; Source category: Quranic Arabic; Source format: Website app books video and live classes; Source format: YouTube playlist","agents/muslingo-competitive-pedagogy-2026-09-10.md; agents/muslingo_course_source_table_2026-09-10.csv; agents/muslingo_quranic_arabic_course_research_2026-09-10.md; agents/product-benchmark-gap-analysis-2026-09-11.md; agents/video-audio-content-analysis-2026-09-11.md"
"https://academy.arabic101.org/courses/arabic-vowels-system","Arabic Vowels System","","ar","course","arabic; pedagogy","unknown-review-required","200","true","https://academy.arabic101.org/courses/arabic-vowels-system/","text/html; charset=UTF-8","","reachable","","","agents/muslingo-competitive-pedagogy-2026-09-10.md"
"https://academy.arabic101.org/courses/how-to-read-arabic-basics","How to Read Arabic Basics","","ar","course","arabic; pedagogy","unknown-review-required","200","true","https://academy.arabic101.org/courses/how-to-read-arabic-basics/","text/html; charset=UTF-8","","reachable","","","agents/muslingo-competitive-pedagogy-2026-09-10.md"
"https://academy.arabic101.org/courses/msa-arabic-course","MSA Arabic Course","","ar","course","arabic; pedagogy","unknown-review-required","","false","https://academy.arabic101.org/courses/msa-arabic-course","","","timeout","timeout","","agents/muslingo-competitive-pedagogy-2026-09-10.md"
"https://academy.arabic101.org/courses/understand-the-holy-quran?current_page=2","Understand the Holy Quran","","unspecified","course","pedagogy; quran","unknown-review-required","200","true","https://academy.arabic101.org/courses/understand-the-holy-quran/?current_page=2","text/html; charset=UTF-8","","reachable","","","agents/muslingo-competitive-pedagogy-2026-09-10.md"
"https://academy.arabic101.org/guided-learning","Guided Learning","","ar","course","arabic; pedagogy; quran","unknown-review-required","200","true","https://academy.arabic101.org/guided-learning/","text/html; charset=UTF-8","","reachable","","","agents/muslingo-competitive-pedagogy-2026-09-10.md; agents/muslingo_quranic_arabic_course_research_2026-09-10.md"
"https://academy.arabic101.org/tiersplans3","Free courses and guided/live academy","Arabic101","ar","course; video","arabic; pedagogy; quran","reference-or-link-only","200","true","https://academy.arabic101.org/tiersplans3/","text/html; charset=UTF-8","","reachable","","Rights/reuse note: https://store.arabic101.org/85landing/; Self-study free; guided USD 40-60/month; live from USD 9/hour; ebook EUR 0-7.99; Source category: Quranic Arabic; Source format: Website app books video and live classes","agents/muslingo_course_source_table_2026-09-10.csv; agents/muslingo_quranic_arabic_course_research_2026-09-10.md; agents/product-benchmark-gap-analysis-2026-09-11.md"
"https://academy.rabata.org/","program and curriculum catalogue","Ribaat Academic Institute","ar; en","course","arabic; foundations; quran","unknown-review-required","200","true","https://ribat.rabata.org/riverstead/","text/html; charset=UTF-8","","reachable","","Materials are intellectual property and cannot be repurposed without written consent; Rights/reuse note: Materials are intellectual property and cannot be repurposed without written consent; Source format: Academic institute","agents/foundations-curriculum-gap-analysis-2026-09-11.md; agents/islamic-curricula-expansion-2026-09-11.csv"
"https://academy.seekersguidance.org/","Islamic Studies and Youth curricula","SeekersGuidance","ar; en","course","arabic; foundations; quran","restricted-or-permission-required","403","false","https://academy.seekersguidance.org/","text/html; charset=UTF-8","","access-controlled-or-bot-protected","","Free access only; copyrighted; permission required for reuse; Free to study; no republication or adaptation right; Free to study; site content remains copyrighted and not open for republishing; Rights/reuse note: Free access only; copyrighted; permission required for reuse; Rights/reuse note: Free to study; no republication or adaptation right; Rights/reuse note: Free to study; site content remains copyrighted and not open for republishing; Source format: Online academy","agents/foundations-curriculum-gap-analysis-2026-09-11.md; agents/islamic-curricula-expansion-2026-09-11.csv; agents/muslingo-islamic-studies-curricula-research.md"
"https://academy.seekersguidance.org/?redirect=0&track=odc","Clear Learning Arabic and Mastering Arabic","SeekersGuidance","ar; en","course; video","arabic; foundations; pedagogy; quran; tajwid","restricted-or-permission-required; terms-review-required","403","false","https://academy.seekersguidance.org/?redirect=0&track=odc","text/html; charset=UTF-8","","access-controlled-or-bot-protected","","Free; Free enrollment does not imply redistribution; seek permission; Rights/reuse note: All rights reserved; free access does not permit commercial adaptation; Rights/reuse note: Free enrollment does not imply redistribution; seek permission; Rights/reuse note: No republication grant; Rights/reuse note: https://academy.seekersguidance.org/?redirect=0&track=odc; Source category: Classical and MSA; Source category: islamic-studies; Source format: Self-paced courses tutorials and mentoring; Source format: Structured audiovisual academy; Staged curriculum, prerequisites, office hours, certificates and teacher access; Staged free curriculum, scholars, assessment and certificates","agents/muslingo_course_source_table_2026-09-10.csv; agents/muslingo_quran_tajwid_sources_2026-09-10.csv; agents/muslingo_quranic_arabic_course_research_2026-09-10.md; agents/video-audio-source-expansion-2026-09-11.csv; islamic-source-catalog-2026-09-10.csv; islamic-source-metadata-2026-09-10.json; islamic-source-seeds.json; muslingo-content-landscape-2026-09-10.md"
"https://academy.seekersguidance.org/mod/page/view.php?context=191073&id=15700","On Worship: Shurunbulali’s Ascent to Felicity","","unspecified","course","foundations","unknown-review-required","403","false","https://academy.seekersguidance.org/mod/page/view.php?context=191073&id=15700","text/html; charset=UTF-8","","access-controlled-or-bot-protected","","","agents/muslingo-islamic-studies-curricula-research.md"
"https://academy.seekersguidance.org/mod/page/view.php?context=323702&id=26491","An Introduction to the Science of Hadith: Bayquni’s Hadith Terminology","","unspecified","course","foundations","unknown-review-required","403","false","https://academy.seekersguidance.org/mod/page/view.php?context=323702&id=26491","text/html; charset=UTF-8","","access-controlled-or-bot-protected","","","agents/muslingo-islamic-studies-curricula-research.md"
"https://aclanthology.org/2024.lrec-main.1170","Arabic lexicographic database","SinaLab, Birzeit University","ar","data","arabic","terms-review-required","200","true","https://aclanthology.org/2024.lrec-main.1170/","text/html; charset=utf-8","Wed, 09 Sep 2026 14:02:08 GMT","reachable","","Rights/reuse note: Described in peer-reviewed publication as open source; exact dataset license was not reliably surfaced on the official page during verification; Source category: Arabic lexicon; Unconfirmed until license file obtained","agents/canonical-data-source-expansion-2026-09-11.csv"
"https://aclanthology.org/2025.arabicnlp-sharedtasks.61","","","ar","data","arabic; pedagogy; quran","terms-review-required","200","true","https://aclanthology.org/2025.arabicnlp-sharedtasks.61/","text/html; charset=utf-8","Wed, 09 Sep 2026 14:02:19 GMT","reachable","","Rights/reuse note: ACL Anthology paper openly available; underlying Common Voice has its own terms; Iqra datasets lack a clear commercial licence.; Source category: Arabic pronunciation shared task","agents/learning-science-evidence-2026-09-11.csv"
"https://aclanthology.org/2025.arabicnlp-sharedtasks.62","paper","","unspecified","web","pedagogy; quran","terms-review-required","200","true","https://aclanthology.org/2025.arabicnlp-sharedtasks.62/","text/html; charset=utf-8","Wed, 09 Sep 2026 14:02:19 GMT","reachable","","Rights/reuse note: ACL paper open; code/data components inherit Iqra/EveryAyah/QUL terms and require separate licence review.; Source category: Quran pronunciation model","agents/learning-science-evidence-2026-09-11.csv; agents/learning-science-gap-analysis-2026-09-11.md"
"https://al-quranacademy.com/","","Al-Quran Academy","ar; en","video","arabic; quran","terms-review-required","200","true","https://al-quranacademy.com/","text/html; charset=UTF-8","","reachable","","Broad course map, male/female teachers and claimed multi-country learner base; Rights/reuse note: No open reuse license found; proprietary service; Source format: Live teacher audiovisual platform","agents/video-audio-source-expansion-2026-09-11.csv"
"https://alhudaonline.org/about","About","AlHuda Online","unspecified","course","quran; tajwid","reference-or-link-only","200","true","https://alhudaonline.org/about/","text/html; charset=UTF-8","","reachable","","Nonprofit mission and structured courses; Rights/reuse note: Reference only","agents/muslingo_quran_tajwid_sources_2026-09-10.csv"
"https://alhudaonline.org/learning-and-features","learning features","","unspecified","video","pedagogy","unknown-review-required","200","true","https://alhudaonline.org/learning-and-features/","text/html; charset=UTF-8","","reachable","","","agents/video-audio-content-analysis-2026-09-11.md"
"https://alhudaonline.org/online-courses","Quran course catalogue","AlHuda Online","ar; en; ur","course; video","arabic; quran; tajwid","restricted-or-permission-required; terms-review-required","200","true","https://alhudaonline.org/online-courses/","text/html; charset=utf-8","Thu, 10 Sep 2026 00:02:04 GMT","reachable","","Current 2026 catalogue, explicit course categories, certificates and named instructors/course leads; Rights/reuse note: No open adaptation license found; course content proprietary; Rights/reuse note: No reuse grant; Source format: Structured live/recorded course platform; Tahfeedh, Tajweed, translation and learner segments","agents/muslingo_quran_tajwid_sources_2026-09-10.csv; agents/video-audio-content-analysis-2026-09-11.md; agents/video-audio-source-expansion-2026-09-11.csv"
"https://alhudaonline.org/welcome-to-al-huda-international","Program requirements","AlHuda Online","unspecified","course","quran; tajwid","reference-or-link-only","200","true","https://alhudaonline.org/welcome-to-al-huda-international/","text/html; charset=UTF-8","","reachable","","Attendance, assignments, oral exams and pass thresholds; Rights/reuse note: Reference only","agents/muslingo_quran_tajwid_sources_2026-09-10.csv"
"https://alkisafoundation.org/terms-and-conditions","Steps to Perfection K-12 Islamic Curriculum","Al-Kisa Foundation","en","course","foundations","unknown-review-required","200","true","https://alkisafoundation.org/terms-and-conditions","text/html; charset=utf-8","","reachable","","Rights/reuse note: Some digital resources are free but no blanket open commercial derivative licence is stated; Some digital resources are free but no blanket open commercial derivative licence is stated; Source format: Foundation and publisher","agents/islamic-curricula-expansion-2026-09-11.csv"
"https://alkisafoundation.org/wp-content/uploads/2024/09/AnnualReport2023-2024.pdf","K–12 development and governance report","","unspecified","course","uncategorized","unknown-review-required","410","false","https://alkisafoundation.org/wp-content/uploads/2024/09/AnnualReport2023-2024.pdf","text/plain;charset=UTF-8","","stale-or-removed","","","agents/foundations-curriculum-gap-analysis-2026-09-11.md"
"https://alquran.cloud/api","API","AlQuran.cloud","ar","data; video","arabic; quran; tajwid","terms-review-required","200","true","https://alquran.cloud/api","text/html; charset=utf-8","","reachable","","Keyless API, edition catalogue and named data/audio contributors; Keyless Quran API and editions; Rights/reuse note: Aggregator/source terms apply; Rights/reuse note: Service terms apply and do not automatically grant all underlying recording rights; attribution/provenance required; Source format: Public Quran API","agents/muslingo_quran_tajwid_sources_2026-09-10.csv; agents/video-audio-source-expansion-2026-09-11.csv"
"https://alquran.cloud/contributors","Contributors","AlQuran.cloud","unspecified","audio","quran; tajwid","unknown-review-required","200","true","https://alquran.cloud/contributors","text/html; charset=utf-8","","reachable","","Rights/reuse note: Use edition-level provenance; Tanzil/Quran Academy texts and named audio contributors","agents/muslingo_quran_tajwid_sources_2026-09-10.csv"
"https://alquran.cloud/terms-and-conditions","Terms and conditions","AlQuran.cloud","unspecified","audio","quran; tajwid","terms-review-required","200","true","https://alquran.cloud/terms-and-conditions","text/html; charset=utf-8","","reachable","","2026 text/API/audio reuse conditions, attribution, removal rights; Rights/reuse note: Not a blanket underlying-rights grant","agents/muslingo_quran_tajwid_sources_2026-09-10.csv"
"https://ams-uk.org/","Section 48 Religious Education Inspection Framework","Association of Muslim Schools UK","en","web","foundations","unknown-review-required","403","false","https://ams-uk.org/","text/html","","access-controlled-or-bot-protected","","Public reports; framework copyright applies; use governance concepts not text; Rights/reuse note: Public reports; framework copyright applies; use governance concepts not text; Source format: Inspection and governance body","agents/islamic-curricula-expansion-2026-09-11.csv"
"https://ams-uk.org/rse-hub","RSE Hub","Association of Muslim Schools UK","en","course","foundations","restricted-or-permission-required","403","false","https://ams-uk.org/rse-hub","text/html","","access-controlled-or-bot-protected","","Commercial curriculum with some free policy resources; permission required for full content; Rights/reuse note: Commercial curriculum with some free policy resources; permission required for full content; Source format: School association","agents/foundations-curriculum-gap-analysis-2026-09-11.md; agents/islamic-curricula-expansion-2026-09-11.csv"
"https://ams-uk.org/section-48-inspections","Section 48 inspections","Association of Muslim Schools UK","en","course; web","foundations","unknown-review-required","403","false","https://ams-uk.org/section-48-inspections","text/html","","access-controlled-or-bot-protected","","Public reports; framework copyright applies; use governance concepts not text; Rights/reuse note: Public reports; framework copyright applies; use governance concepts not text; Source format: Inspection and governance body","agents/foundations-curriculum-gap-analysis-2026-09-11.md; agents/islamic-curricula-expansion-2026-09-11.csv"
"https://an-nasihah.com/","Home","","unspecified","web","foundations","unknown-review-required","200","true","https://an-nasihah.com/","text/html; charset=UTF-8","","reachable","","","agents/muslingo-islamic-studies-curricula-research.md"
"https://an-nasihah.com/islamic-curriculum","An Nasihah Islamic Curriculum","","unspecified","course","foundations","unknown-review-required","200","true","https://an-nasihah.com/islamic-curriculum/","text/html; charset=UTF-8","","reachable","","","agents/muslingo-islamic-studies-curricula-research.md"
"https://an-nasihah.com/products","Products","","unspecified","web","foundations; pedagogy","unknown-review-required","200","true","https://an-nasihah.com/products/","text/html; charset=UTF-8","","reachable","","","agents/muslingo-islamic-studies-curricula-research.md"
"https://an-nasihah.com/project/scope-and-sequence-books-1-8","Scope and Sequence Books 1–8","An Nasihah Publications","en","course","foundations","restricted-or-permission-required","200","true","https://an-nasihah.com/project/scope-and-sequence-books-1-8/","text/html; charset=UTF-8","","reachable","","No open licence found; permission required; Rights/reuse note: No open licence found; permission required; Source format: Publisher","agents/foundations-curriculum-gap-analysis-2026-09-11.md; agents/islamic-curricula-expansion-2026-09-11.csv"
"https://api-docs.quran.com/","Developer documentation","","unspecified","data","pedagogy","reference-or-link-only","200","true","https://api-docs.quran.com/","text/html; charset=utf-8","","reachable","","","agents/product-benchmark-gap-analysis-2026-09-11.md"
"https://api-docs.quran.com/docs/api-reference","Chapters/verses/Quran text resources","Quran Foundation","unspecified","audio; data; video","arabic; foundations; quran; tajwid","terms-review-required","200","true","https://api-docs.quran.com/docs/api-reference/","text/html; charset=utf-8","","reachable","","API terms and source-specific licenses apply; Rights/reuse note: API terms and source-specific licenses apply; Rights/reuse note: Revocable non-transferable API license for beneficial Quran experiences; text cannot be modified; no scraping; normal cache max 1 week; no ML models without written consent; Rights/reuse note: Terms apply; Source category: Quran platform; Source category: quran-data; Text, translations, tafsir, audio and structural APIs; Yes inside a paid/freemium app if raw content is not sold/redistributed and source terms are met","agents/canonical-data-source-expansion-2026-09-11.csv; agents/muslingo_quran_tajwid_sources_2026-09-10.csv; agents/video-audio-content-analysis-2026-09-11.md; islamic-source-catalog-2026-09-10.csv; islamic-source-metadata-2026-09-10.json; islamic-source-seeds.json; muslingo-content-landscape-2026-09-10.md"
"https://api-docs.quran.com/docs/category/content-apis","Hadith References API","Quran Foundation","unspecified","data","foundations; quran","terms-review-required","200","true","https://api-docs.quran.com/docs/category/content-apis-4.0.0/","text/html; charset=utf-8","","reachable","","Rights/reuse note: QF developer terms apply; data cannot be scraped/redistributed; one-week cache default; no ML without written consent; Source category: Hadith references; Yes within app under terms","agents/canonical-data-source-expansion-2026-09-11.csv"
"https://api-docs.quran.com/docs/connected-apps","Connected Apps","Quran Foundation","unspecified","data","foundations; quran; tajwid","terms-review-required","200","true","https://api-docs.quran.com/docs/connected-apps/","text/html; charset=utf-8","","reachable","","Approved endpoints or written license; attribution required; Approved endpoints/licensed content and correction synchronization; Rights/reuse note: Approved endpoints or written license; attribution required; Rights/reuse note: Program requirements; Source category: quran-data","agents/muslingo_quran_tajwid_sources_2026-09-10.csv; islamic-source-catalog-2026-09-10.csv; islamic-source-metadata-2026-09-10.json; islamic-source-seeds.json; muslingo-content-landscape-2026-09-10.md"
"https://api-docs.quran.com/docs/content_apis_versioned/4.0.0/audio-reciter-timestamp","Chapter/verse/word timestamp ranges","Quran Foundation","unspecified","audio","quran; tajwid","terms-review-required","200","true","https://api-docs.quran.com/docs/content_apis_versioned/4.0.0/audio-reciter-timestamp/","text/html; charset=utf-8","","reachable","","Conditional; Rights/reuse note: QF developer terms; derived timing returned with licensed audio; no raw redistribution or ML without consent; Source category: Recitation timing","agents/canonical-data-source-expansion-2026-09-11.csv"
"https://api-docs.quran.com/docs/sdk/javascript/audio","Ayah-by-ayah recitation and optional segments","Quran Foundation and named reciters/publishers","unspecified","audio","quran; tajwid","terms-review-required","200","true","https://api-docs.quran.com/docs/sdk/javascript/audio/","text/html; charset=utf-8","","reachable","","Conditional; Rights/reuse note: QF developer terms; in-app commercial display allowed subject to source rights; no redistribution; cache max one week unless Content Sync; no ML/biometrics without written consent; Rights/reuse note: Same QF/source-specific terms; chapter resource IDs differ from ayah recitation IDs; Source category: Recitation audio; Yes in app subject to source-specific license","agents/canonical-data-source-expansion-2026-09-11.csv"
"https://api-docs.quran.com/docs/tutorials/content-sync/getting-started","Mushaf metadata/page mappings/positioned words","Quran Foundation","unspecified","data","pedagogy; quran","reference-or-link-only; restricted-or-permission-required; terms-review-required","200","true","https://api-docs.quran.com/docs/tutorials/content-sync/getting-started/","text/html; charset=utf-8","","reachable","","Conditional; Conditional on source rights; Rights/reuse note: Developer terms apply; offline exception only for Content Sync data; next sync at least every 7 days; fonts/images excluded; Rights/reuse note: QF terms and source-specific license; eligible one-word resources only; weekly sync; no ML training without written consent; Rights/reuse note: QF terms and source-specific license; only approved shareable resources; weekly sync; Rights/reuse note: QF terms plus source-specific translation license; weekly sync mandatory for offline exception; raw redistribution prohibited; Rights/reuse note: QF terms plus tafsir-specific rights; raw redistribution prohibited; weekly sync; no ML model use without written consent; Source category: Quran layout; Source category: Quran translations; Source category: Quran transliteration; Source category: Quranic lexicon; Source category: Tafsir; Yes in app subject to terms; Yes only as in-app experience and subject to source-specific terms","agents/canonical-data-source-expansion-2026-09-11.csv; agents/product-benchmark-gap-analysis-2026-09-11.md; muslingo-content-landscape-2026-09-10.md"
"https://api-docs.quran.com/docs/tutorials/faq","Developer FAQ","Quran Foundation","unspecified","data","quran; tajwid","unknown-review-required","200","true","https://api-docs.quran.com/docs/tutorials/faq/","text/html; charset=utf-8","","reachable","","Content Sync, offline categories and attribution; Rights/reuse note: Confirm eligibility","agents/muslingo_quran_tajwid_sources_2026-09-10.csv; muslingo-content-landscape-2026-09-10.md"
"https://api-docs.quran.com/legal/developer-privacy","Developer Privacy Policy Packet","","unspecified","data","pedagogy","reference-or-link-only","200","true","https://api-docs.quran.com/legal/developer-privacy/","text/html; charset=utf-8","","reachable","","","agents/product-benchmark-gap-analysis-2026-09-11.md"
"https://api-docs.quran.com/legal/developer-terms","Developer Terms, 26 August 2026","Quran Foundation","unspecified","audio; data; video","arabic; foundations; quran; tajwid","restricted-or-permission-required; terms-review-required","200","true","https://api-docs.quran.com/legal/developer-terms/","text/html; charset=utf-8","","reachable","","API license, caching, attribution, commercial limits, no ML training; Conditional; Conditional on source rights; Rights/reuse note: Core legal evidence; updated 2026-08-26; Rights/reuse note: Developer terms apply; offline exception only for Content Sync data; next sync at least every 7 days; fonts/images excluded; Rights/reuse note: QF developer terms apply; data cannot be scraped/redistributed; one-week cache default; no ML without written consent; Rights/reuse note: QF developer terms; derived timing returned with licensed audio; no raw redistribution or ML without consent; Rights/reuse note: QF developer terms; in-app commercial display allowed subject to source rights; no redistribution; cache max one week unless Content Sync; no ML/biometrics without written consent; Rights/reuse note: QF terms and source-specific license; eligible one-word resources only; weekly sync; no ML training without written consent; Rights/reuse note: QF terms and source-specific license; only approved shareable resources; weekly sync; Rights/reuse note: QF terms plus source-specific translation license; weekly sync mandatory for offline exception; raw redistribution prohibited; Rights/reuse note: QF terms plus tafsir-specific rights; raw redistribution prohibited; weekly sync; no ML model use without written consent; Rights/reuse note: Revocable non-transferable API license for beneficial Quran experiences; text cannot be modified; no scraping; normal cache max 1 week; no ML models without written consent; Rights/reuse note: Same QF/source-specific terms; chapter resource IDs differ from ayah recitation IDs; Source category: Hadith references; Source category: Quran layout; Source category: Quran platform; Source category: Quran translations; Source category: Quran transliteration; Source category: Quranic lexicon; Source category: Recitation audio; Source category: Recitation timing; Source category: Tafsir; Yes in app subject to source-specific license; Yes in app subject to terms; Yes inside a paid/freemium app if raw content is not sold/redistributed and source terms are met; Yes only as in-app experience and subject to source-specific terms; Yes within app under terms","agents/canonical-data-integration-analysis-2026-09-11.md; agents/canonical-data-source-expansion-2026-09-11.csv; agents/muslingo_quran_tajwid_sources_2026-09-10.csv; agents/video-audio-content-analysis-2026-09-11.md"
"https://api2.islamhouse.com/ar/how-to-use","archived API guide","","unspecified","data","uncategorized","unknown-review-required","404","false","https://api2.islamhouse.com/ar/how-to-use","text/html; charset=UTF-8","","stale-or-removed","","","agents/canonical-data-integration-analysis-2026-09-11.md"
"https://apps.apple.com/ae/app/quran-by-quranly/id1559233786?platform=ipad","UAE version history","","unspecified","app","pedagogy","unknown-review-required","200","true","https://apps.apple.com/ae/app/quran-by-quranly/id1559233786?platform=ipad","text/html","","reachable","","","agents/muslingo-competitive-pedagogy-2026-09-10.md"
"https://apps.apple.com/us/app/alifbee-learn-arabic-easily/id1445883041","AlifBee: Learn Arabic Easily","","ar","app","arabic; pedagogy","unknown-review-required","200","true","https://apps.apple.com/us/app/alifbee-learn-arabic-easily/id1445883041","text/html","","reachable","","","agents/muslingo-competitive-pedagogy-2026-09-10.md"
"https://apps.apple.com/us/app/qariah/id1594917787?platform=ipad","Qariah","","unspecified","audio","pedagogy","unknown-review-required","200","true","https://apps.apple.com/us/app/qariah/id1594917787?platform=ipad","text/html","","reachable","","","agents/muslingo-competitive-pedagogy-2026-09-10.md"
"https://apps.apple.com/us/app/quran-by-quranly/id1559233786","Quran by Quranly","","unspecified","app","pedagogy; quran","unknown-review-required","200","true","https://apps.apple.com/us/app/quran-by-quranly/id1559233786","text/html","","reachable","","","agents/muslingo-competitive-pedagogy-2026-09-10.md"
"https://apps.apple.com/us/app/quranic-quran-arabic-learning/id1381145375","Quranic: Quran Arabic Learning","","ar","app","arabic; pedagogy; quran","unknown-review-required","200","true","https://apps.apple.com/us/app/quranic-quran-arabic-learning/id1381145375","text/html","","reachable","","","agents/muslingo-competitive-pedagogy-2026-09-10.md"
"https://apps.apple.com/us/app/sajda-prayer-times-quran/id517254891","Sajda: Prayer Times, Quran","","unspecified","app","pedagogy; quran","unknown-review-required","200","true","https://apps.apple.com/us/app/sajda-prayer-times-quran/id517254891","text/html","","reachable","","","agents/muslingo-competitive-pedagogy-2026-09-10.md"
"https://apps.apple.com/us/app/tarteel-ai-quran-memorization/id1391009396","Tarteel: AI Quran Memorization","","unspecified","app","hifz; pedagogy; quran","unknown-review-required","200","true","https://apps.apple.com/us/app/tarteel-ai-quran-memorization/id1391009396","text/html","","reachable","","","agents/muslingo-competitive-pedagogy-2026-09-10.md"
"https://arabic101.org/","Product home","Arabic101","ar","course; video; web","arabic; foundations; pedagogy; quran; tajwid","terms-review-required","200","true","https://arabic101.org/","text/html; charset=UTF-8","","reachable","","Reference public curriculum; request permission for assets or lesson reuse; Rights/reuse note: Reference public curriculum; request permission for assets or lesson reuse; Rights/reuse note: https://store.arabic101.org/85landing/; Self-study free; guided USD 40-60/month; live from USD 9/hour; ebook EUR 0-7.99; Source category: Quranic Arabic; Source category: tajwid-arabic; Source format: Website app books video and live classes","agents/muslingo-competitive-pedagogy-2026-09-10.md; agents/muslingo_course_source_table_2026-09-10.csv; islamic-source-catalog-2026-09-10.csv; islamic-source-metadata-2026-09-10.json; islamic-source-seeds.json"
"https://arabicunlocked.com/","App and Academy","Arabic Unlocked","ar","course; web","arabic; pedagogy; quran","reference-or-link-only; terms-review-required","200","true","https://arabicunlocked.com/","text/html; charset=utf-8","","reachable","","GBP 9.99/month; GBP 47.99/six months; GBP 58.99/year; Academy promotional GBP 997/year; Rights/reuse note: https://arabicunlocked.com/terms/; Source category: Quranic Arabic; Source format: Mobile app and teacher-led academy","agents/muslingo_course_source_table_2026-09-10.csv; agents/muslingo_quranic_arabic_course_research_2026-09-10.md; agents/product-benchmark-gap-analysis-2026-09-11.md"
"https://arabicunlocked.com/academy","App and Academy","Arabic Unlocked","ar","course","arabic; pedagogy; quran","reference-or-link-only; terms-review-required","200","true","https://arabicunlocked.com/academy/","text/html; charset=utf-8","","reachable","","GBP 9.99/month; GBP 47.99/six months; GBP 58.99/year; Academy promotional GBP 997/year; Rights/reuse note: https://arabicunlocked.com/terms/; Source category: Quranic Arabic; Source format: Mobile app and teacher-led academy","agents/muslingo_course_source_table_2026-09-10.csv; agents/muslingo_quranic_arabic_course_research_2026-09-10.md; agents/product-benchmark-gap-analysis-2026-09-11.md"
"https://arabicunlocked.com/app","App and Academy","Arabic Unlocked","ar; en","course; video","arabic; quran","terms-review-required","200","true","https://arabicunlocked.com/","text/html; charset=utf-8","","reachable","","GBP 9.99/month; GBP 47.99/six months; GBP 58.99/year; Academy promotional GBP 997/year; Progression from letters to sentence/grammar; pronunciation and gamified Word Builder; Rights/reuse note: Proprietary; personal-use terms; no copying, distribution or resale; Rights/reuse note: https://arabicunlocked.com/terms/; Source category: Quranic Arabic; Source format: Interactive audiovisual Arabic platform; Source format: Mobile app and teacher-led academy","agents/muslingo_course_source_table_2026-09-10.csv; agents/muslingo_quranic_arabic_course_research_2026-09-10.md; agents/video-audio-source-expansion-2026-09-11.csv"
"https://arabicunlocked.com/terms","App and Academy","Arabic Unlocked","ar","course","arabic; quran","terms-review-required","200","true","https://arabicunlocked.com/terms/","text/html; charset=utf-8","","reachable","","GBP 9.99/month; GBP 47.99/six months; GBP 58.99/year; Academy promotional GBP 997/year; Rights/reuse note: https://arabicunlocked.com/terms/; Source category: Quranic Arabic; Source format: Mobile app and teacher-led academy","agents/muslingo_course_source_table_2026-09-10.csv; agents/muslingo_quranic_arabic_course_research_2026-09-10.md"
"https://arrayyanfoundation.org/","Islamic Studies Programme","Arrayyan Foundation","ar; en","course","arabic; foundations","unknown-review-required","200","true","https://arrayyanfoundation.org/","text/html; charset=UTF-8","","reachable","","Commercial educational service; no open licence found; Rights/reuse note: Commercial educational service; no open licence found; Source format: Academy","agents/islamic-curricula-expansion-2026-09-11.csv"
"https://arrayyanfoundation.org/learning-pathways/islamic-studies","Islamic Studies Programme","Arrayyan Foundation","ar; en","course","arabic; foundations","unknown-review-required","200","true","https://arrayyanfoundation.org/learning-pathways/islamic-studies/","text/html; charset=UTF-8","","reachable","","Commercial educational service; no open licence found; Rights/reuse note: Commercial educational service; no open licence found; Source format: Academy","agents/islamic-curricula-expansion-2026-09-11.csv"
"https://arxiv.org/abs/2305.07034","Al Harere & Al Jallad, 2023","","unspecified","web","pedagogy; quran","open-with-conditions","200","true","https://arxiv.org/abs/2305.07034","text/html; charset=utf-8","Mon, 15 May 2023 00:00:06 GMT","reachable","","Rights/reuse note: Preprint; code/model licence not stated in the paper record; underlying Ar-DAD is CC BY 4.0.; Source category: Quran ASR","agents/learning-science-evidence-2026-09-11.csv; agents/learning-science-gap-analysis-2026-09-11.md"
"https://arxiv.org/abs/2405.02675","","","ar","audio","arabic; foundations; pedagogy; quran; tajwid","terms-review-required","200","true","https://arxiv.org/abs/2405.02675","text/html; charset=utf-8","Mon, 24 Aug 2026 20:51:21 GMT","reachable","","Rights/reuse note: Dataset page: https://huggingface.co/datasets/RetaSy/quranic_audio_dataset; no explicit machine-readable licence found as of 2026-09-11, so commercial use requires written permission.; Source category: Quran learner speech dataset","agents/learning-science-evidence-2026-09-11.csv"
"https://arxiv.org/abs/2506.07722","benchmark","","ar","data; web","arabic; pedagogy; quran","reference-or-link-only","200","true","https://arxiv.org/abs/2506.07722","text/html; charset=utf-8","Mon, 24 Aug 2026 19:38:10 GMT","reachable","","Rights/reuse note: Official repo: https://github.com/Iqra-Eval/interspeech_IqraEval; train data public, test access governed by challenge; no explicit commercial licence in repo/HF card as of 2026-09-11.; Source category: Arabic pronunciation benchmark","agents/learning-science-evidence-2026-09-11.csv; agents/learning-science-gap-analysis-2026-09-11.md"
"https://arxiv.org/abs/2509.00094","preprint","","unspecified","audio; web","pedagogy; quran; tajwid","open-with-conditions","200","true","https://arxiv.org/abs/2509.00094","text/html; charset=utf-8","Mon, 31 Aug 2026 00:12:52 GMT","reachable","","Rights/reuse note: Official repo https://github.com/obadx/quran-muaalem is MIT; underlying datasets/audio retain their own licences and provenance obligations.; Source category: Quran pronunciation assessment","agents/learning-science-evidence-2026-09-11.csv; agents/learning-science-gap-analysis-2026-09-11.md"
"https://arxiv.org/abs/2601.17880","","","ar; en","audio","arabic; pedagogy; quran","unknown-review-required","200","true","https://arxiv.org/abs/2601.17880","text/html; charset=utf-8","Mon, 24 Aug 2026 21:30:49 GMT","reachable","","Rights/reuse note: Dataset: https://huggingface.co/datasets/Buraaq/quran-audio-text-dataset; no explicit licence in the HF card as of 2026-09-11, so do not use commercially without clarification.; Source category: Quran multimodal dataset","agents/learning-science-evidence-2026-09-11.csv"
"https://arxiv.org/abs/2603.29087","","","ar","web","arabic; pedagogy; quran","reference-or-link-only","200","true","https://arxiv.org/abs/2603.29087","text/html; charset=utf-8","Mon, 24 Aug 2026 19:45:05 GMT","reachable","","Rights/reuse note: Paper preprint open; challenge repository/data terms govern use and do not currently provide a clear commercial licence.; Source category: Arabic pronunciation benchmark","agents/learning-science-evidence-2026-09-11.csv"
"https://arxiv.org/abs/2604.18932","","","unspecified","data","foundations; pedagogy; quran","open-with-conditions","200","true","https://arxiv.org/abs/2604.18932","text/html; charset=utf-8","Mon, 24 Aug 2026 21:33:07 GMT","reachable","","Rights/reuse note: Official repo https://github.com/fherran/tadabur declares CC BY-NC 4.0; non-commercial, so incompatible with direct commercial training without permission.; Source category: Quran large-scale speech dataset","agents/learning-science-evidence-2026-09-11.csv"
"https://azan.kz/durus/print-lesson/3299","Таджвид: идгам","Azan.kz","ar","course","arabic; tajwid","terms-review-required","200","true","https://azan.kz/durus/print-lesson/3299","application/pdf","Thu, 10 Sep 2026 19:36:04 GMT","reachable","","Rights/reuse note: ATTRIBUTED_COPYING_POLICY_NOT_COMMERCIAL_LICENSE: сайт белсенді сілтемемен көшіруді сұрайды, бірақ коммерциялық туынды құқық анық емес; жазбаша рұқсат алу; Source category: тәжуид; Source format: 9 беттік PDF; аудио фрагменттер; сурет; үй тапсырмасы; Күшті multimodal сабақ және нақты homework; авторлық құқық Azan.kz-ке тиесілі; мазхаб/терминологияны эксперттік review-мен біріздендіру қажет","agents/ru-kk-content-gap-analysis-2026-09-11.md; agents/ru-kk-source-expansion-2026-09-11.csv"
"https://azan.kz/durus/video/1941","Онлайн Құран хатым: 30 пара","Azan.kz / Алматы мешіттерінің қарилары","ar; kk","video","arabic; quran","terms-review-required","200","true","https://azan.kz/durus/video/1941","text/html; charset=UTF-8","","reachable","","Rights/reuse note: STREAM_ONLY_PERMISSION_REQUIRED: жазбаларды қайта орналастыруға жеке келісім қажет; Source category: Құран тыңдау; қырағат; Source format: 30 бөлімдік аудио/видео цикл; Жергілікті кари пулы құнды; айат-level таймкод, қырағат нұсқасы және жазба лицензиясы анық емес","agents/ru-kk-source-expansion-2026-09-11.csv"
"https://azan.kz/durus/video/3006","цикл Azan.kz","Azan.kz","unspecified","video","quran","reference-or-link-only","200","true","https://azan.kz/durus/video/3006","text/html; charset=UTF-8","","reachable","","Rights/reuse note: LINK_OR_EMBED_ONLY_PERMISSION_REQUIRED; Source category: этика; рухани тәрбие; Құран; Source format: мәтін; аудио; видео серия; Жүйелі virtue progression бар; сопылық терминологиясы мен атрибуцияны редакциялық саясатта анық көрсету қажет","agents/ru-kk-content-gap-analysis-2026-09-11.md; agents/ru-kk-source-expansion-2026-09-11.csv"
"https://azan.kz/kz/durus/video/2468","Рамазандағы дәрістер","Azan.kz","kk","video","foundations; pedagogy; quran","reference-or-link-only","200","true","https://azan.kz/kz/durus/video/2468","text/html; charset=UTF-8","","reachable","","Rights/reuse note: LINK_OR_EMBED_ONLY_PERMISSION_REQUIRED; Source category: Құран; этика; ислам негіздері; Source format: 26 сабақтық видео/аудио цикл; Мықты маусымдық құрылым, бірақ assessment/prerequisite жоқ; кей сабақтар уағыз жанрында","agents/ru-kk-source-expansion-2026-09-11.csv"
"https://azan.kz/kz/durus/video/2918","Истории аятов: 15-сабақтық цикл","Azan.kz","unspecified","video","foundations; quran","reference-or-link-only","200","true","https://azan.kz/kz/durus/video/2918","text/html; charset=UTF-8","","reachable","","Rights/reuse note: LINK_OR_EMBED_ONLY_PERMISSION_REQUIRED; Source category: Құран мағынасы; сира; этика; Source format: мәтін; аудио; видео серия; Story-based engagement жоғары; тафсир дереккөздері әр бетте біркелкі ашылмайды; AI жауабына енгізерде дерек деңгейінде тексеру керек","agents/ru-kk-source-expansion-2026-09-11.csv"
"https://azan.kz/kz/video/print/1820","Құран оқып үйрену, 11-дәріс: Тәнуин әріптер","Azan.kz","ar; kk","video","arabic; quran","unknown-review-required","200","true","https://azan.kz/kz/video/print/1820","application/pdf","Thu, 10 Sep 2026 19:36:02 GMT","reachable","","Rights/reuse note: LINK_OR_REFERENCE_ONLY: авторлық құқық пен платформа шарттарын сақтау; рұқсатсыз қайта орамау; Source category: арабша оқу; тәжуид; Source format: видео және қысқа баспа көрінісі; Жергілікті тілдегі сирек жүйелі серия; осы баспа бетінде мысал, үй тапсырмасы және рецензия метадерегі аз","agents/ru-kk-source-expansion-2026-09-11.csv"
"https://bayyinah.com/lifetime","Lifetime subscription offer","","unspecified","web","pedagogy","unknown-review-required","200","true","https://bayyinah.com/lifetime/","text/html; charset=UTF-8","","reachable","","","agents/muslingo-competitive-pedagogy-2026-09-10.md"
"https://bayyinah.com/terms-and-conditions","Terms & Conditions","Bayyinah","ar","course; video; web","arabic; foundations; quran","terms-review-required","200","true","https://bayyinah.com/terms-and-conditions/","text/html; charset=UTF-8","","reachable","","Free beginner playlist; full library USD 11/month or USD 112/year; named-country regional price USD 4.50/month or USD 45/year; Free to view; Rights/reuse note: https://bayyinah.com/terms-and-conditions/; Source category: Official playlist; Source category: Quranic Arabic; Source format: Web app and video; Source format: YouTube playlist","agents/muslingo-islamic-studies-curricula-research.md; agents/muslingo_course_source_table_2026-09-10.csv; agents/muslingo_quranic_arabic_course_research_2026-09-10.md"
"https://bayyinah.com/what-we-do","What We Do","","unspecified","web","pedagogy","unknown-review-required","200","true","https://bayyinah.com/what-we-do/","text/html; charset=UTF-8","","reachable","","","agents/muslingo-competitive-pedagogy-2026-09-10.md"
"https://bayyinah.tv/","Product home","","unspecified","web","pedagogy","unknown-review-required","200","true","https://bayyinah.tv/","text/html","Wed, 01 Apr 2020 06:05:13 GMT","reachable","","","agents/muslingo-competitive-pedagogy-2026-09-10.md"
"https://bayyinahtv.com/","Bayyinah TV","","ar","web","arabic; foundations; quran","terms-review-required","200","true","https://bayyinahtv.com/","text/html","Mon, 07 Sep 2026 10:11:53 GMT","reachable","","Rights/reuse note: Subscription content; partnership or license required; Source category: quranic-arabic; Subscription content; partnership or license required","islamic-source-catalog-2026-09-10.csv; islamic-source-metadata-2026-09-10.json; islamic-source-seeds.json"
"https://bayyinahtv.zendesk.com/hc/en-us/articles/35040314675095-What-is-Bayyinah-TV","What is Bayyinah TV?","","unspecified","web","foundations","unknown-review-required","403","false","https://bayyinahtv.zendesk.com/hc/en-us/articles/35040314675095-What-is-Bayyinah-TV","text/html; charset=UTF-8","","access-controlled-or-bot-protected","","","agents/muslingo-islamic-studies-curricula-research.md"
"https://bayyinahtv.zendesk.com/hc/en-us/articles/35041918345751-Do-you-offer-regional-pricing","regional pricing","","ar","course","arabic; quran","unknown-review-required","403","false","https://bayyinahtv.zendesk.com/hc/en-us/articles/35041918345751-Do-you-offer-regional-pricing","text/html; charset=UTF-8","","access-controlled-or-bot-protected","","","agents/muslingo_quranic_arabic_course_research_2026-09-10.md"
"https://blog.alifbee.com/quranic-arabic-curriculum","Quranic Arabic curriculum","","ar","course","arabic; pedagogy; quran","unknown-review-required","200","true","https://blog.alifbee.com/quranic-arabic-curriculum/","text/html; charset=UTF-8","Thu, 10 Sep 2026 18:20:03 GMT","reachable","","","agents/muslingo-competitive-pedagogy-2026-09-10.md; agents/muslingo_quranic_arabic_course_research_2026-09-10.md"
"https://blog.duolingo.com/duolingo-101-how-to-learn-a-language-on-duolingo","Duolingo 101","","unspecified","web","pedagogy","unknown-review-required","200","true","https://blog.duolingo.com/duolingo-101-how-to-learn-a-language-on-duolingo/","text/html; charset=utf-8","","reachable","","","agents/muslingo-competitive-pedagogy-2026-09-10.md"
"https://blog.duolingo.com/duolingo-head-of-licensing","licensing contact","","ar","course","arabic; quran","unknown-review-required","200","true","https://blog.duolingo.com/duolingo-head-of-licensing/","text/html; charset=utf-8","","reachable","","","agents/muslingo_quranic_arabic_course_research_2026-09-10.md"
"https://blog.duolingo.com/how-duolingo-experts-work-with-ai","How experts work with AI","","unspecified","web","pedagogy","unknown-review-required","200","true","https://blog.duolingo.com/how-duolingo-experts-work-with-ai/","text/html; charset=utf-8","","reachable","","","agents/muslingo-competitive-pedagogy-2026-09-10.md"
"https://blog.duolingo.com/how-user-reports-improve-course-content","How user reports improve course content","","unspecified","course","pedagogy","unknown-review-required","200","true","https://blog.duolingo.com/how-user-reports-improve-course-content/","text/html; charset=utf-8","","reachable","","","agents/muslingo-competitive-pedagogy-2026-09-10.md"
"https://blog.duolingo.com/how-we-learn-how-you-learn","How we learn how you learn","","unspecified","web","pedagogy","reference-or-link-only","200","true","https://blog.duolingo.com/how-we-learn-how-you-learn/","text/html; charset=utf-8","","reachable","","","agents/muslingo-competitive-pedagogy-2026-09-10.md; agents/product-benchmark-gap-analysis-2026-09-11.md"
"https://blog.duolingo.com/is-duolingo-free","Is Duolingo free?","","unspecified","web","pedagogy","unknown-review-required","200","true","https://blog.duolingo.com/is-duolingo-free/","text/html; charset=utf-8","","reachable","","","agents/muslingo-competitive-pedagogy-2026-09-10.md"
"https://blog.duolingo.com/learning-other-writing-systems","Learning other writing systems","","unspecified","web","foundations; pedagogy","unknown-review-required","200","true","https://blog.duolingo.com/learning-other-writing-systems/","text/html; charset=utf-8","","reachable","","Reference pedagogy only; Rights/reuse note: Reference pedagogy only; Source category: pedagogy","agents/muslingo-competitive-pedagogy-2026-09-10.md; islamic-source-catalog-2026-09-10.csv; islamic-source-metadata-2026-09-10.json; islamic-source-seeds.json; muslingo-content-landscape-2026-09-10.md"
"https://blog.duolingo.com/spaced-repetition-for-learning","spaced repetition","","unspecified","web","pedagogy","reference-or-link-only","200","true","https://blog.duolingo.com/spaced-repetition-for-learning/","text/html; charset=utf-8","","reachable","","","agents/product-benchmark-gap-analysis-2026-09-11.md"
"https://blog.duolingo.com/what-makes-arabic-hard-and-why-that-shouldnt-stop-you-from-learning-it","What makes Arabic hard—and why that shouldn’t stop you","","ar","web","arabic; pedagogy","unknown-review-required","200","true","https://blog.duolingo.com/what-makes-arabic-hard-and-why-that-shouldnt-stop-you-from-learning-it/","text/html; charset=utf-8","","reachable","","","agents/muslingo-competitive-pedagogy-2026-09-10.md"
"https://bolgar.academy/uploads/files/2020/11/18/sbornik-mezhdnprakt-konfteologiya_1605707312.pdf","Сборник о методике преподавания теологических наук","Болгарская исламская академия","ru","course","foundations; quran","terms-review-required","200","true","https://bolgar.academy/uploads/files/2020/11/18/sbornik-mezhdnprakt-konfteologiya_1605707312.pdf","application/pdf","Tue, 09 Nov 2021 13:21:29 GMT","reachable","","Peer/редакционная рамка выше обычного портала, но материалы разнородны и не являются готовым курсом; год отдельных статей нужно учитывать; Rights/reuse note: REFERENCE_ONLY_PERMISSION_REQUIRED; Source category: исламская педагогика; Құран; хадис; теология; Source format: сборник научно-практической конференции PDF","agents/ru-kk-content-gap-analysis-2026-09-11.md; agents/ru-kk-source-expansion-2026-09-11.csv"
"https://corpus.quran.com/","Quranic Arabic Corpus","","ar","data","arabic; foundations; quran","unknown-review-required","200","true","https://corpus.quran.com/","text/html;charset=UTF-8","Thu, 10 Sep 2026 18:09:24 GMT","reachable","","Rights/reuse note: Verify corpus copyright and attribution before integration; Source category: quranic-arabic; Verify corpus copyright and attribution before integration","islamic-source-catalog-2026-09-10.csv; islamic-source-metadata-2026-09-10.json; islamic-source-seeds.json"
"https://corpus.quran.com/download","download/terms","Kais Dukes; University of Leeds Language Research Group; maintained by Quran.com","ar","data","arabic; foundations; quran; tajwid","open-with-conditions; restricted-or-permission-required; terms-review-required","200","true","https://corpus.quran.com/download/","text/html;charset=UTF-8","Thu, 10 Sep 2026 18:42:33 GMT","reachable","","Conditional; Conditional under GPL; Morphology/syntax corpus and v0.4 download; Rights/reuse note: Corpus states open source under GNU public license; downloadable artifact terms should be treated as the same QAC GPL/no-change/attribution terms; Rights/reuse note: GNU General Public License plus corpus terms: verbatim copies; changing file prohibited; source/link and notice required; Rights/reuse note: GPL plus text integrity condition; Rights/reuse note: Site states QAC is under GNU public license; exact ontology export/version terms are not separately stated; Source category: Quran ontology; Source category: Quranic morphology; Source category: Quranic syntax; Yes under GPL/terms; legal review needed for database distribution","agents/canonical-data-integration-analysis-2026-09-11.md; agents/canonical-data-source-expansion-2026-09-11.csv; agents/muslingo_quran_tajwid_sources_2026-09-10.csv"
"https://corpus.quran.com/java","Java Quran analysis API","Kais Dukes / QAC; public fork dsog","unspecified","data","quran","open-with-conditions","200","true","https://corpus.quran.com/java/","text/html;charset=UTF-8","Thu, 10 Sep 2026 19:24:10 GMT","reachable","","Rights/reuse note: Open source under GNU public license; bundled Tanzil Uthmani text remains unmodified and keeps Tanzil terms; Source category: Quran developer library; Yes under GPL obligations","agents/canonical-data-source-expansion-2026-09-11.csv"
"https://corpus.quran.com/license.jsp","Corpus license","University of Leeds","unspecified","data","quran; tajwid","open-with-conditions","200","true","https://corpus.quran.com/license.jsp","text/html;charset=UTF-8","","reachable","","GPL, attribution and Quran text no-modification condition; Rights/reuse note: Core legal evidence","agents/muslingo_quran_tajwid_sources_2026-09-10.csv"
"https://corpus.quran.com/ontology.jsp","Ontology of Quranic concepts","Kais Dukes; University of Leeds","unspecified","data","quran","terms-review-required","200","true","https://corpus.quran.com/ontology.jsp","text/html;charset=UTF-8","Thu, 10 Sep 2026 19:36:05 GMT","reachable","","Conditional; Rights/reuse note: Site states QAC is under GNU public license; exact ontology export/version terms are not separately stated; Source category: Quran ontology","agents/canonical-data-source-expansion-2026-09-11.csv"
"https://corpus.quran.com/treebank.jsp","Quranic Arabic Dependency Treebank","Kais Dukes; University of Leeds","ar","data","arabic; foundations; quran; tajwid","open-with-conditions","200","true","https://corpus.quran.com/treebank.jsp","text/html;charset=UTF-8","Thu, 10 Sep 2026 19:24:14 GMT","reachable","","Conditional under GPL; Rights/reuse note: Corpus states open source under GNU public license; downloadable artifact terms should be treated as the same QAC GPL/no-change/attribution terms; Rights/reuse note: Reference/data use; Source category: Quranic syntax; Syntax and annotation scope","agents/canonical-data-source-expansion-2026-09-11.csv; agents/muslingo_quran_tajwid_sources_2026-09-10.csv"
"https://courses.getquranic.com/courses/uqa","Understand Quranic Arabic","Quranic","ar","course","arabic; pedagogy; quran","terms-review-required","200","true","https://courses.getquranic.com/courses/uqa","text/html; charset=utf-8","","reachable","","App free or USD 49/year Premium; family USD 99/year; course membership USD 30/month or USD 299/year; Rights/reuse note: https://www.getquranic.com/terms/; Source category: Quranic Arabic; Source format: Mobile app and prerecorded courses","agents/muslingo-competitive-pedagogy-2026-09-10.md; agents/muslingo_course_source_table_2026-09-10.csv; agents/muslingo_quranic_arabic_course_research_2026-09-10.md"
"https://courses.getquranic.com/courses/uqa4","sarf/Level 4","","ar","course","arabic; quran","unknown-review-required","200","true","https://courses.getquranic.com/courses/uqa4","text/html; charset=utf-8","","reachable","","","agents/muslingo_quranic_arabic_course_research_2026-09-10.md"
"https://d1.islamhouse.com/html/faq.htm","rights FAQ","IslamHouse","unspecified","audio; web","uncategorized","terms-review-required","","false","https://d1.islamhouse.com/html/faq.htm","","","network-or-tls-error","fetch failed","Per item; own Rabwah-office materials may be commercial unmodified; Rights/reuse note: Registration/API key; attribute IslamHouse API; preserve original material URL. FAQ says site materials may be shared unmodified with source; commercial use allowed only for materials produced by the Rabwah office, while third-party material requires owner discussion; Source category: Dua/adhkar","agents/canonical-data-integration-analysis-2026-09-11.md; agents/canonical-data-source-expansion-2026-09-11.csv"
"https://dar-us-salam.com/kids/educational-series/c61-islamic-education-series-grades-1-12-set-of-12-books.html","Islamic Education Series Grades 1-12","Darussalam","ar; en","web","arabic; foundations","restricted-or-permission-required","200","true","https://dar-us-salam.com/kids/educational-series/c61-islamic-education-series-grades-1-12-set-of-12-books.html","text/html; charset=utf-8","","reachable","","Commercial copyrighted books; permission required; Rights/reuse note: Commercial copyrighted books; permission required; Source format: Publisher","agents/islamic-curricula-expansion-2026-09-11.csv"
"https://darussalam.in/products/fortress-of-the-muslim-black-1","Published Hisn al-Muslim edition","Sa'id ibn Ali ibn Wahf al-Qahtani / Darussalam","unspecified","web","uncategorized","terms-review-required","200","true","https://darussalam.in/products/fortress-of-the-muslim-black-1","text/html; charset=utf-8","","reachable","","No without publisher/translator agreement; Rights/reuse note: Commercial book listing; no open digital redistribution/adaptation license; Source category: Dua/adhkar","agents/canonical-data-source-expansion-2026-09-11.csv"
"https://developers.google.com/youtube/iframe_api_reference","IFrame Player API","","unspecified","video","uncategorized","unknown-review-required","200","true","https://developers.google.com/youtube/iframe_api_reference?hl=ru","text/html; charset=utf-8","Wed, 01 Oct 2025 08:23:37 GMT","reachable","","","agents/video-audio-content-analysis-2026-09-11.md"
"https://developers.google.com/youtube/terms/developer-policies","API Developer Policies","Google / YouTube","unspecified","video","quran; tajwid","unknown-review-required","200","true","https://developers.google.com/youtube/terms/developer-policies","text/html; charset=utf-8","Wed, 24 Jun 2026 18:00:39 GMT","reachable","","No audiovisual download/import/cache/offline playback without approval; Rights/reuse note: Core platform-use evidence","agents/muslingo_quran_tajwid_sources_2026-09-10.csv; agents/video-audio-content-analysis-2026-09-11.md"
"https://developers.islamhouse.com/","current API docs","IslamHouse","unspecified","audio; data","uncategorized","unknown-review-required","","false","https://developers.islamhouse.com/","","","timeout","timeout","Per item; own Rabwah-office materials may be commercial unmodified; Rights/reuse note: Registration/API key; attribute IslamHouse API; preserve original material URL. FAQ says site materials may be shared unmodified with source; commercial use allowed only for materials produced by the Rabwah office, while third-party material requires owner discussion; Source category: Dua/adhkar","agents/canonical-data-integration-analysis-2026-09-11.md; agents/canonical-data-source-expansion-2026-09-11.csv"
"https://docs.ankiweb.net/background.html","Scheduler background","","unspecified","web","pedagogy","reference-or-link-only","200","true","https://docs.ankiweb.net/background.html","text/html; charset=utf-8","Thu, 27 Aug 2026 14:39:36 GMT","reachable","","","agents/product-benchmark-gap-analysis-2026-09-11.md"
"https://docs.ankiweb.net/deck-options.html","deck options","","unspecified","web","pedagogy","reference-or-link-only","200","true","https://docs.ankiweb.net/deck-options.html","text/html; charset=utf-8","Thu, 27 Aug 2026 14:39:36 GMT","reachable","","","agents/product-benchmark-gap-analysis-2026-09-11.md"
"https://docs.safarpublications.org/article/179-is-the-islamic-studies-syllabus-for-me","Learn about Islam Primary","Safar Publications","en","course","foundations; pedagogy","terms-review-required","403","false","https://docs.safarpublications.org/article/179-is-the-islamic-studies-syllabus-for-me","text/html; charset=UTF-8","","access-controlled-or-bot-protected","","Copyrighted; reproduction or adaptation requires prior written permission; Rights/reuse note: Copyrighted; reproduction or adaptation requires prior written permission; Source format: Publisher and academy","agents/islamic-curricula-expansion-2026-09-11.csv"
"https://docs.safarpublications.org/article/7-is-the-safar-curriculum-for-me","Is the Safar curriculum for me?","","unspecified","course","foundations","unknown-review-required","403","false","https://docs.safarpublications.org/article/7-is-the-safar-curriculum-for-me","text/html; charset=UTF-8","","access-controlled-or-bot-protected","","","agents/muslingo-islamic-studies-curricula-research.md"
"https://docs.safarpublications.org/article/76-who-writes-the-textbooks","Who develops and writes the Safar textbooks?","","unspecified","web","foundations","unknown-review-required","403","false","https://docs.safarpublications.org/article/76-who-writes-the-textbooks","text/html; charset=UTF-8","","access-controlled-or-bot-protected","","","agents/muslingo-islamic-studies-curricula-research.md"
"https://docs.safarpublications.org/article/82-what-subjects-does-the-learn-about-islam-series-cover-and-where-can-i-find-a-syllabus-overview","subjects and full syllabus overview","","unspecified","course","uncategorized","unknown-review-required","403","false","https://docs.safarpublications.org/article/82-what-subjects-does-the-learn-about-islam-series-cover-and-where-can-i-find-a-syllabus-overview","text/html; charset=UTF-8","","access-controlled-or-bot-protected","","","agents/foundations-curriculum-gap-analysis-2026-09-11.md"
"https://docs.safarpublications.org/article/86-what-school-of-islamic-law-fiqh-is-the-content-based-on-and-are-the-books-reliable","What school of Islamic law is the content based on and are the books reliable?","","unspecified","web","foundations","unknown-review-required","403","false","https://docs.safarpublications.org/article/86-what-school-of-islamic-law-fiqh-is-the-content-based-on-and-are-the-books-reliable","text/html; charset=UTF-8","","access-controlled-or-bot-protected","","","agents/muslingo-islamic-studies-curricula-research.md"
"https://docs.safarpublications.org/article/93-is-there-a-marking-scheme-for-the-workbooks","workbook marking and assessment schedule","","unspecified","course","pedagogy","unknown-review-required","403","false","https://docs.safarpublications.org/article/93-is-there-a-marking-scheme-for-the-workbooks","text/html; charset=UTF-8","","access-controlled-or-bot-protected","","","agents/foundations-curriculum-gap-analysis-2026-09-11.md"
"https://doi.org/10.1002/dys.1572","DOI","","ar","web","arabic; pedagogy","unknown-review-required","403","false","https://onlinelibrary.wiley.com/doi/10.1002/dys.1572","text/html; charset=UTF-8","","access-controlled-or-bot-protected","","Rights/reuse note: Publisher copyright; no open data or task licence stated.; Source category: Arabic reading disability","agents/learning-science-evidence-2026-09-11.csv; agents/learning-science-gap-analysis-2026-09-11.md"
"https://doi.org/10.1002/rev3.3165","Mahdi & Al Khateeb, 2019","","unspecified","data; web","pedagogy","unknown-review-required","403","false","https://bera-journals.onlinelibrary.wiley.com/doi/10.1002/rev3.3165","text/html; charset=UTF-8","","access-controlled-or-bot-protected","","Rights/reuse note: Publisher copyright; no shared evaluation corpus.; Source category: Computer-assisted pronunciation","agents/learning-science-evidence-2026-09-11.csv; agents/learning-science-gap-analysis-2026-09-11.md"
"https://doi.org/10.1002/rev3.3292","","","unspecified","web","pedagogy","open-with-conditions","403","false","https://bera-journals.onlinelibrary.wiley.com/doi/10.1002/rev3.3292","text/html; charset=UTF-8","","access-controlled-or-bot-protected","","Rights/reuse note: Open access, CC BY 4.0; published PDF available.; Source category: Formative assessment","agents/learning-science-evidence-2026-09-11.csv"
"https://doi.org/10.1002/tesq.67","Saito, 2012","","ar","data; web","arabic; pedagogy","unknown-review-required","403","false","https://onlinelibrary.wiley.com/doi/10.1002/tesq.67","text/html; charset=UTF-8","","access-controlled-or-bot-protected","","Rights/reuse note: Publisher copyright; no open pooled dataset.; Source category: L2 pronunciation","agents/learning-science-evidence-2026-09-11.csv; agents/learning-science-gap-analysis-2026-09-11.md"
"https://doi.org/10.1007/s10648-021-09595-9","Agarwal et al., 2021","","unspecified","web","pedagogy","terms-review-required","200","true","https://link.springer.com/article/10.1007/s10648-021-09595-9?error=cookies_not_supported&code=79103be2-601b-43eb-9248-62bd80ddfa8a","text/html; charset=utf-8","","reachable","","Rights/reuse note: Publisher copyright with accessible author versions; coding resources should be checked before reuse.; Source category: Retrieval in classrooms","agents/learning-science-evidence-2026-09-11.csv; agents/learning-science-gap-analysis-2026-09-11.md"
"https://doi.org/10.1007/s10648-024-09860-7","Zhang et al., 2024","","unspecified","data; web","pedagogy","unknown-review-required","200","true","https://link.springer.com/article/10.1007/s10648-024-09860-7?error=cookies_not_supported&code=dbbc625d-e02f-479e-a619-6de8bb50813d","text/html; charset=utf-8","","reachable","","Rights/reuse note: Publisher copyright; article access may vary; no reusable implementation dataset stated.; Source category: Universal Design for Learning","agents/learning-science-evidence-2026-09-11.csv; agents/learning-science-gap-analysis-2026-09-11.md"
"https://doi.org/10.1007/s10936-015-9362-6","DOI","","ar","web","arabic; pedagogy","unknown-review-required","200","true","https://link.springer.com/article/10.1007/s10936-015-9362-6?error=cookies_not_supported&code=0c65739f-2c8d-440b-9874-2b11e2bc0cb6","text/html; charset=utf-8","","reachable","","Rights/reuse note: Publisher copyright; no open intervention package or participant data stated.; Source category: Arabic phonology and morphology","agents/learning-science-evidence-2026-09-11.csv; agents/learning-science-gap-analysis-2026-09-11.md"
"https://doi.org/10.1016/j.ajme.2011.11.002","","","ar","web","arabic; pedagogy","open-with-conditions","403","false","https://www.tandfonline.com/doi/full/10.1016/j.ajme.2011.11.002","text/html; charset=UTF-8","","access-controlled-or-bot-protected","","Rights/reuse note: Open access under CC BY-NC-ND 4.0; materials/data not released for adaptation.; Source category: Arabic dyslexia","agents/learning-science-evidence-2026-09-11.csv"
"https://doi.org/10.1016/j.dib.2020.106503","dataset paper","","unspecified","audio; data","pedagogy; quran","open-with-conditions","200","true","https://linkinghub.elsevier.com/retrieve/pii/S2352340920313858","text/html;charset=UTF-8","","reachable","","Rights/reuse note: Dataset released on Mendeley Data under CC BY 4.0: https://doi.org/10.17632/3kndp5vs6b.3; source-audio provenance still requires due diligence.; Source category: Quran speech dataset","agents/learning-science-evidence-2026-09-11.csv; agents/learning-science-gap-analysis-2026-09-11.md"
"https://doi.org/10.1016/j.edurev.2017.08.004","","","unspecified","web","pedagogy","unknown-review-required","200","true","https://linkinghub.elsevier.com/retrieve/pii/S1747938X17300313","text/html;charset=UTF-8","","reachable","","Rights/reuse note: Publisher copyright; author manuscript publicly available; no open item bank.; Source category: Self-assessment","agents/learning-science-evidence-2026-09-11.csv"
"https://doi.org/10.1016/j.sbspro.2015.06.092","","","unspecified","audio","pedagogy; quran; tajwid","open-with-conditions","200","true","https://linkinghub.elsevier.com/retrieve/pii/S1877042815035636","text/html;charset=UTF-8","","reachable","","Rights/reuse note: Open access under CC BY-NC-ND 4.0; training data/software not openly released.; Source category: Quran recitation training","agents/learning-science-evidence-2026-09-11.csv"
"https://doi.org/10.1016/j.ssaho.2025.102281","Thomure et al., 2025","","ar","web","arabic; pedagogy","open-with-conditions","200","true","https://linkinghub.elsevier.com/retrieve/pii/S2590291125010125","text/html;charset=UTF-8","","reachable","","Rights/reuse note: Open access, CC BY-NC-ND 4.0; review forms available from authors on request.; Source category: Arabic reading and diglossia","agents/learning-science-evidence-2026-09-11.csv; agents/learning-science-gap-analysis-2026-09-11.md"
"https://doi.org/10.1016/j.system.2019.102185","Lee, Plonsky & Saito, 2020","","unspecified","audio; web","pedagogy","unknown-review-required","200","true","https://linkinghub.elsevier.com/retrieve/pii/S0346251X19305196","text/html;charset=UTF-8","","reachable","","Rights/reuse note: Publisher copyright; no open pooled audio corpus.; Source category: Pronunciation pedagogy","agents/learning-science-evidence-2026-09-11.csv; agents/learning-science-gap-analysis-2026-09-11.md"
"https://doi.org/10.1016/S0166-4115(08)61665-9","","","ar","web","arabic; pedagogy","unknown-review-required","200","true","https://linkinghub.elsevier.com/retrieve/pii/S0166411508616659","text/html;charset=UTF-8","","reachable","","Rights/reuse note: Publisher copyright; no open data stated.; Source category: Arabic decoding","agents/learning-science-evidence-2026-09-11.csv"
"https://doi.org/10.1017/S0305000918000302","Saiegh-Haddad & Haj, 2018","","ar","web","arabic; pedagogy","unknown-review-required","200","true","https://www.cambridge.org/core/journals/journal-of-child-language/article/does-phonological-distance-impact-quality-of-phonological-representations-evidence-from-arabic-diglossia/5C9EBACBF7249D534F52C76B5767FA3A","text/html; charset=utf-8","","reachable","","Rights/reuse note: Publisher copyright; no open data stated.; Source category: Arabic diglossic phonology","agents/learning-science-evidence-2026-09-11.csv; agents/learning-science-gap-analysis-2026-09-11.md"
"https://doi.org/10.1023/A:1023291620997","DOI","","ar","web","arabic; pedagogy","unknown-review-required","200","true","https://link.springer.com/article/10.1023/A:1023291620997?error=cookies_not_supported&code=fe4a5a4a-abf5-4bf4-ad95-979f80ce6708","text/html; charset=utf-8","","reachable","","Rights/reuse note: Publisher copyright; abstract/index openly available; materials and participant data not released.; Source category: Arabic orthography","agents/learning-science-evidence-2026-09-11.csv; agents/learning-science-gap-analysis-2026-09-11.md"
"https://doi.org/10.1037/0033-2909.132.3.354","Cepeda et al., 2006","","unspecified","web","pedagogy","unknown-review-required","200","true","https://psycnet.apa.org/doiLanding?doi=10.1037/0033-2909.132.3.354","text/html; charset=UTF-8","Tue, 01 Sep 2026 20:05:19 GMT","reachable","","Rights/reuse note: APA copyright; article may be author-archived; synthesis data not packaged as a product-ready scheduler.; Source category: Spaced practice","agents/learning-science-evidence-2026-09-11.csv; agents/learning-science-gap-analysis-2026-09-11.md"
"https://doi.org/10.1037/a0037559","Rowland, 2014","","unspecified","web","pedagogy","terms-review-required","200","true","https://psycnet.apa.org/doiLanding?doi=10.1037/a0037559","text/html; charset=UTF-8","Tue, 01 Sep 2026 20:05:19 GMT","reachable","","Rights/reuse note: APA copyright; no openly licensed source materials; extraction availability not clear.; Source category: Retrieval practice","agents/learning-science-evidence-2026-09-11.csv; agents/learning-science-gap-analysis-2026-09-11.md"
"https://doi.org/10.1037/dev0001284","","","ar","web","arabic; pedagogy","terms-review-required","200","true","https://psycnet.apa.org/doiLanding?doi=10.1037/dev0001284","text/html; charset=UTF-8","Tue, 01 Sep 2026 20:05:19 GMT","reachable","","Rights/reuse note: APA copyright; study materials/data not openly licensed in the publisher record.; Source category: Early Arabic literacy","agents/learning-science-evidence-2026-09-11.csv"
"https://doi.org/10.1044/2024_JSLHR-23-00522","Rakhlin et al., 2025","","ar","data; web","arabic; pedagogy","terms-review-required","403","false","https://pubs.asha.org/doi/10.1044/2024_JSLHR-23-00522","text/html; charset=UTF-8","","access-controlled-or-bot-protected","","Rights/reuse note: Publisher page/abstract available; no open dataset or reuse licence stated.; Source category: Arabic oral language and reading","agents/learning-science-evidence-2026-09-11.csv; agents/learning-science-gap-analysis-2026-09-11.md"
"https://doi.org/10.1080/01416200.2026.2688399","Al-Razi & Kusumasari, 2026","","unspecified","data; web","hifz; pedagogy; quran","terms-review-required","403","false","https://www.tandfonline.com/doi/full/10.1080/01416200.2026.2688399","text/html; charset=UTF-8","","access-controlled-or-bot-protected","","Rights/reuse note: Publisher copyright; no open extraction dataset or commercial reuse licence stated.; Source category: Quran memorization","agents/learning-science-evidence-2026-09-11.csv; agents/learning-science-gap-analysis-2026-09-11.md"
"https://doi.org/10.1080/09362835.2016.1196450","Ok et al., 2017","","unspecified","data; web","pedagogy","unknown-review-required","403","false","https://www.tandfonline.com/doi/full/10.1080/09362835.2016.1196450","text/html; charset=UTF-8","","access-controlled-or-bot-protected","","Rights/reuse note: Publisher copyright; no open pooled dataset.; Source category: Universal Design for Learning","agents/learning-science-evidence-2026-09-11.csv; agents/learning-science-gap-analysis-2026-09-11.md"
"https://doi.org/10.1080/09588220802447651","","","ar","web","arabic; pedagogy","terms-review-required","403","false","https://www.tandfonline.com/doi/full/10.1080/09588220802447651","text/html; charset=UTF-8","","access-controlled-or-bot-protected","","Rights/reuse note: Publisher copyright; system/data not openly licensed.; Source category: Child pronunciation technology","agents/learning-science-evidence-2026-09-11.csv"
"https://doi.org/10.1080/09588221.2021.1930057","Booton et al., 2023","","unspecified","web","pedagogy","open-with-conditions","403","false","https://www.tandfonline.com/doi/full/10.1080/09588221.2021.1930057","text/html; charset=UTF-8","","access-controlled-or-bot-protected","","Rights/reuse note: Open access, CC BY-NC-ND 4.0; review extraction data not clearly released.; Source category: Children and mobile literacy","agents/learning-science-evidence-2026-09-11.csv; agents/learning-science-gap-analysis-2026-09-11.md"
"https://doi.org/10.1080/2331186X.2023.2218191","","","ar; en","web","arabic; pedagogy","open-with-conditions","403","false","https://www.tandfonline.com/doi/full/10.1080/2331186X.2023.2218191","text/html; charset=UTF-8","","access-controlled-or-bot-protected","","Rights/reuse note: Open access, CC BY 4.0.; Source category: Universal Design for Learning","agents/learning-science-evidence-2026-09-11.csv"
"https://doi.org/10.1093/applin/amu040","Lee, Jang & Plonsky, 2015","","unspecified","web","pedagogy","unknown-review-required","403","false","https://academic.oup.com/applij/article-lookup/doi/10.1093/applin/amu040","text/html; charset=UTF-8","","access-controlled-or-bot-protected","","Rights/reuse note: Oxford University Press copyright; no open pooled speech data.; Source category: L2 pronunciation","agents/learning-science-evidence-2026-09-11.csv; agents/learning-science-gap-analysis-2026-09-11.md"
"https://doi.org/10.1111/1467-9817.12093","DOI","","ar","data; web","arabic; pedagogy","unknown-review-required","403","false","https://onlinelibrary.wiley.com/doi/10.1111/1467-9817.12093","text/html; charset=UTF-8","","access-controlled-or-bot-protected","","Rights/reuse note: Publisher copyright; no open participant dataset stated.; Source category: Arabic reading development","agents/learning-science-evidence-2026-09-11.csv; agents/learning-science-gap-analysis-2026-09-11.md"
"https://doi.org/10.1111/j.1467-9280.2006.01693.x","Roediger & Karpicke, 2006","","en","web","pedagogy","unknown-review-required","403","false","https://journals.sagepub.com/doi/10.1111/j.1467-9280.2006.01693.x","text/html; charset=UTF-8","","access-controlled-or-bot-protected","","Rights/reuse note: Publisher copyright; author copies available; no open participant data stated.; Source category: Retrieval practice","agents/learning-science-evidence-2026-09-11.csv; agents/learning-science-gap-analysis-2026-09-11.md"
"https://doi.org/10.1111/j.1467-9280.2008.02209.x","Cepeda et al., 2008","","en","web","pedagogy","unknown-review-required","403","false","https://journals.sagepub.com/doi/10.1111/j.1467-9280.2008.02209.x","text/html; charset=UTF-8","","access-controlled-or-bot-protected","","Rights/reuse note: Publisher copyright; author manuscript publicly available; no production licence for content.; Source category: Spacing schedule","agents/learning-science-evidence-2026-09-11.csv; agents/learning-science-gap-analysis-2026-09-11.md"
"https://doi.org/10.1111/j.1745-3992.2011.00220.x","DOI","","unspecified","data; web","pedagogy","unknown-review-required","403","false","https://onlinelibrary.wiley.com/doi/10.1111/j.1745-3992.2011.00220.x","text/html; charset=UTF-8","","access-controlled-or-bot-protected","","Rights/reuse note: Publisher copyright; no open dataset stated.; Source category: Formative assessment","agents/learning-science-evidence-2026-09-11.csv; agents/learning-science-gap-analysis-2026-09-11.md"
"https://doi.org/10.1111/jcal.12079","","","en","data","pedagogy","unknown-review-required","403","false","https://onlinelibrary.wiley.com/doi/10.1111/jcal.12079","text/html; charset=UTF-8","","access-controlled-or-bot-protected","","Rights/reuse note: Publisher copyright; software, speech corpus and scoring model not openly released.; Source category: ASR pronunciation feedback","agents/learning-science-evidence-2026-09-11.csv"
"https://doi.org/10.1111/jcal.12974","Almusharraf et al., 2024","","unspecified","data; web","pedagogy","unknown-review-required","403","false","https://onlinelibrary.wiley.com/doi/10.1111/jcal.12974","text/html; charset=UTF-8","","access-controlled-or-bot-protected","","Rights/reuse note: Publisher copyright; no open combined dataset stated.; Source category: Computer-assisted pronunciation","agents/learning-science-evidence-2026-09-11.csv; agents/learning-science-gap-analysis-2026-09-11.md"
"https://doi.org/10.1126/science.1152408","Karpicke & Roediger, 2008","","unspecified","data; web","arabic; pedagogy","terms-review-required","403","false","https://www.science.org/doi/10.1126/science.1152408","text/html; charset=UTF-8","","access-controlled-or-bot-protected","","Rights/reuse note: AAAS copyright; no open dataset or reuse licence stated.; Source category: Retrieval practice","agents/learning-science-evidence-2026-09-11.csv; agents/learning-science-gap-analysis-2026-09-11.md"
"https://doi.org/10.1177/001440298605300301","","","unspecified","data","pedagogy","unknown-review-required","403","false","https://journals.sagepub.com/doi/10.1177/001440298605300301","text/html; charset=UTF-8","","access-controlled-or-bot-protected","","Rights/reuse note: SAGE copyright; no open extraction dataset.; Source category: Formative assessment","agents/learning-science-evidence-2026-09-11.csv"
"https://doi.org/10.18502/gespr.v1i1.7472","","","ar","web","arabic; pedagogy","open-with-conditions","200","true","https://kneopen.com/gespr/article/view/7472/","text/html; charset=UTF-8","","reachable","","Rights/reuse note: Open access under a Creative Commons Attribution licence; no open learner data found.; Source category: Arabic visual fluency","agents/learning-science-evidence-2026-09-11.csv"
"https://doi.org/10.21093/fj.v16i2.7529","Ikhsan et al., 2024","","unspecified","web","hifz; pedagogy; quran","open-with-conditions","200","true","https://journal.uinsi.ac.id/index.php/fenomena/article/view/7529","text/html; charset=utf-8","","reachable","","Rights/reuse note: Open access, CC BY-NC-SA 4.0; app/content reuse rights not established.; Source category: Quran memorization app","agents/learning-science-evidence-2026-09-11.csv; agents/learning-science-gap-analysis-2026-09-11.md"
"https://doi.org/10.21449/ijate.870300","","","tr","data","pedagogy","terms-review-required","200","true","https://dergipark.org.tr/en/pub/ijate/article/870300","text/html; charset=UTF-8","","reachable","","Rights/reuse note: Open journal access; article licence should be checked before reuse; no learner dataset stated.; Source category: Formative assessment","agents/learning-science-evidence-2026-09-11.csv"
"https://doi.org/10.3102/0034654307313795","DOI","","unspecified","data; web","pedagogy","unknown-review-required","403","false","https://journals.sagepub.com/doi/10.3102/0034654307313795","text/html; charset=UTF-8","","access-controlled-or-bot-protected","","Rights/reuse note: SAGE/AERA copyright; no open dataset.; Source category: Feedback design","agents/learning-science-evidence-2026-09-11.csv; agents/learning-science-gap-analysis-2026-09-11.md"
"https://doi.org/10.31538/tijie.v7i1.2481","Al Arifi et al., 2025","","unspecified","web","hifz; pedagogy; quran","open-with-conditions","200","true","https://pasca.jurnalikhac.ac.id/index.php/tijie/article/view/2481","text/html; charset=utf-8","","reachable","","Rights/reuse note: Open access, CC BY-SA 4.0; no pooled learner data.; Source category: Quran memorization","agents/learning-science-evidence-2026-09-11.csv; agents/learning-science-gap-analysis-2026-09-11.md"
"https://doi.org/10.3389/fcomm.2022.984340","DOI","","ar","data; web","arabic; pedagogy","open-with-conditions","200","true","https://www.frontiersin.org/journals/communication/articles/10.3389/fcomm.2022.984340/full","text/html;charset=utf-8","","reachable","","Rights/reuse note: Open access, CC BY 4.0; no pooled participant dataset.; Source category: Arabic metalinguistic skills","agents/learning-science-evidence-2026-09-11.csv; agents/learning-science-gap-analysis-2026-09-11.md"
"https://doi.org/10.3389/feduc.2019.00005","Moreira et al., 2019","","unspecified","web","pedagogy","open-with-conditions","200","true","https://www.frontiersin.org/journals/education/articles/10.3389/feduc.2019.00005/full","text/html;charset=utf-8","","reachable","","Rights/reuse note: Open access, CC BY 4.0.; Source category: Retrieval in classrooms","agents/learning-science-evidence-2026-09-11.csv; agents/learning-science-gap-analysis-2026-09-11.md"
"https://doi.org/10.3389/fpsyg.2019.03087","Wisniewski et al., 2020","","unspecified","web","pedagogy","open-with-conditions","200","true","https://www.frontiersin.org/journals/psychology/articles/10.3389/fpsyg.2019.03087/full","text/html;charset=utf-8","","reachable","","Rights/reuse note: Open access, CC BY 4.0; article/figures openly available.; Source category: Feedback","agents/learning-science-evidence-2026-09-11.csv; agents/learning-science-gap-analysis-2026-09-11.md"
"https://doi.org/10.3389/fpsyg.2023.1210187","","","unspecified","audio","pedagogy","open-with-conditions","200","true","https://www.frontiersin.org/journals/psychology/articles/10.3389/fpsyg.2023.1210187/full","text/html;charset=utf-8","","reachable","","Rights/reuse note: Open access, CC BY 4.0; underlying learner audio/data availability not prominent.; Source category: ASR-supported speaking","agents/learning-science-evidence-2026-09-11.csv"
"https://doi.org/10.36771/ijre.47.1.23-pp200-229","Jouhar, 2023","","ar","data; web","arabic; foundations; pedagogy","terms-review-required","200","true","https://scholarworks.uaeu.ac.ae/ijre/vol47/iss1/6/","text/html; charset=UTF-8","","reachable","","Rights/reuse note: Institutional full text is publicly downloadable; no reusable dataset or explicit content-reuse licence stated.; Source category: Arabic reading and diglossia","agents/learning-science-evidence-2026-09-11.csv; agents/learning-science-gap-analysis-2026-09-11.md"
"https://doi.org/10.7910/DVN/A8GM5Y","DOI","Academic authors / Harvard Dataverse","unspecified","video; web","quran; tajwid","terms-review-required","202","true","https://dataverse.harvard.edu/citation?persistentId=doi:10.7910/DVN/A8GM5Y","text/html; charset=UTF-8","","reachable","","Not safely established for recordings; Rights/reuse note: Dataset reportedly CC0 1.0, but source audio includes public websites/YouTube/reciter pages; CC0 by dataset authors may not clear performers' and producers' recording rights; Source category: Recitation audio/ASR","agents/canonical-data-integration-analysis-2026-09-11.md; agents/canonical-data-source-expansion-2026-09-11.csv"
"https://dorar.net/article/389","API","Dorar al-Sunniah Foundation and scientific supervisory committee","unspecified","data","foundations","restricted-or-permission-required","403","false","https://dorar.net/article/389","text/html; charset=UTF-8","","access-controlled-or-bot-protected","","Display use supported; wider commercial reuse unclear; No bulk commercial reuse permission; Rights/reuse note: All rights reserved footer; no bulk/open corpus license found; Rights/reuse note: Official page explicitly permits site/forum owners to display search results via JSON examples; all rights reserved; no bulk caching, commercial redistribution, quota or ML grant stated; Source category: Hadith API; Source category: Hadith grading","agents/canonical-data-integration-analysis-2026-09-11.md; agents/canonical-data-source-expansion-2026-09-11.csv"
"https://dorar.net/hadith","Searchable hadith corpus with scholar gradings","Dorar al-Sunniah Foundation and scientific supervisory committee","unspecified","data","foundations","restricted-or-permission-required","403","false","https://dorar.net/hadith","text/html; charset=UTF-8","","access-controlled-or-bot-protected","","No bulk commercial reuse permission; Rights/reuse note: All rights reserved footer; no bulk/open corpus license found; Source category: Hadith grading","agents/canonical-data-source-expansion-2026-09-11.csv"
"https://dorar.net/history","Chronological Islamic history including seerah events","Dorar al-Sunniah Foundation; named university historians","unspecified","data","foundations","restricted-or-permission-required","403","false","https://dorar.net/history","text/html; charset=UTF-8","","access-controlled-or-bot-protected","","No bulk reuse without agreement; Rights/reuse note: All rights reserved; no open dataset or bulk API license found; methodological and reviewer pages are published; Source category: Seerah chronology","agents/canonical-data-source-expansion-2026-09-11.csv"
"https://download.understandquran.com/fileadmin/user_upload/TTC/Orientation/1TTC-Orientation-Eng.pdf","teacher-training outline","","ar","course","arabic; quran","unknown-review-required","200","true","https://download.understandquran.com/fileadmin/user_upload/TTC/Orientation/1TTC-Orientation-Eng.pdf","application/pdf","Mon, 10 Mar 2025 10:33:12 GMT","reachable","","","agents/muslingo_quranic_arabic_course_research_2026-09-10.md"
"https://dumrt.ru/ru/news/news_28090.html","Проекты в области корановедения и переводы Құрана","ДУМ РТ / ИД Хузур","ar; ru","data","arabic; pedagogy; quran","terms-review-required","200","true","https://dumrt.ru/ru/news/news_28090.html","text/html; charset=utf-8","","reachable","","Rights/reuse note: METADATA_ONLY_PARTNERSHIP_CANDIDATE; Source category: Құран текст; перевод; аудио; хифз; қырағат; Source format: мусхафы; аудио; приложения; очные курсы; Высокий institutional authority; новостная сводка не дает recording/text license и versioned API; перевод и аудио нельзя импортировать без договора","agents/ru-kk-source-expansion-2026-09-11.csv"
"https://dumrt.ru/ru/news/news_28875.html","онлайн-медресе ДУМ РТ","Духовное управление мусульман Республики Татарстан (ДУМ РТ) / ИД Хузур","ar; ru","course; web","arabic; foundations; quran; tajwid","reference-or-link-only","200","true","https://dumrt.ru/ru/news/news_28875.html","text/html; charset=utf-8","","reachable","","Rights/reuse note: PARTNERSHIP_ONLY: программа и контент собственные; использовать как benchmark, запрашивать лицензию/рецензирование; Source category: основы ислама; Коран/тафсир; арабский; таджвид; сира; этика; история; Source format: web+iOS+Android; 200+ видео; текст; аудио; Самый полный RU benchmark; конфессиональная рамка явно ханафитская/матуридитская; публичного lesson-level syllabus и лицензии нет","agents/ru-kk-content-gap-analysis-2026-09-11.md; agents/ru-kk-source-expansion-2026-09-11.csv"
"https://duolingodata.com/dat/arfen46v2.html","Arabic from English course extraction","","ar; en","course","arabic; pedagogy","unknown-review-required","200","true","https://duolingodata.com/dat/arfen46v2.html","text/html","Mon, 17 Aug 2026 09:34:29 GMT","reachable","","","agents/muslingo-competitive-pedagogy-2026-09-10.md"
"https://eos.miu.su/course/index.php?categoryid=15","Каталог ЭИОС","Московский исламский институт","ar; ru","course","arabic; foundations; quran","unknown-review-required","","false","https://eos.miu.su/course/index.php?categoryid=15","","","network-or-tls-error","fetch failed","Rights/reuse note: METADATA_ONLY_PARTNERSHIP_REQUIRED; Source category: тафсир; хадис; арабский; чтение Корана; педагогика; Source format: Moodle/ЭИОС; Академическая детализация сильна, но содержимое закрыто; публично видны только названия, без лицензии/результатов","agents/ru-kk-content-gap-analysis-2026-09-11.md; agents/ru-kk-source-expansion-2026-09-11.csv"
"https://everest-academy.com/","KG Islamic Studies and Quran Scope and Sequence","Everest Academy","ar; en","course","arabic; foundations; quran","restricted-or-permission-required","200","true","https://everest-academy.com/","text/html; charset=UTF-8","","reachable","","Public curriculum map; no reuse licence stated; Rights/reuse note: Public curriculum map; no reuse licence stated; Source format: Islamic school","agents/islamic-curricula-expansion-2026-09-11.csv"
"https://everest-academy.com/wp-content/uploads/2022/10/2022_KG-Quran_Islamic_Studies_curriculum_fn.docx.pdf","KG Islamic Studies and Quran Scope and Sequence","Everest Academy","ar; en","course","arabic; foundations; quran","restricted-or-permission-required","200","true","https://everest-academy.com/wp-content/uploads/2022/10/2022_KG-Quran_Islamic_Studies_curriculum_fn.docx.pdf","application/pdf","Mon, 17 Oct 2022 21:53:38 GMT","reachable","","Public curriculum map; no reuse licence stated; Rights/reuse note: Public curriculum map; no reuse licence stated; Source format: Islamic school","agents/islamic-curricula-expansion-2026-09-11.csv"
"https://everyayah.com/","Verse-by-verse recitation archive","EveryAyah / original reciters and publishers","unspecified","audio","quran; tajwid","terms-review-required","200","true","https://everyayah.com/","text/html","Thu, 30 Jan 2025 06:55:25 GMT","reachable","","Rights/reuse note: No site-wide recording license found; timing disclaimer requires backlink; availability does not establish public-domain/commercial rights; Source category: Recitation audio; Unclear/no affirmative grant","agents/canonical-data-source-expansion-2026-09-11.csv"
"https://everyayah.com/data/timings_files","Ayah timing files","EveryAyah / VerseByVerseQuran.com","unspecified","audio","pedagogy; quran; tajwid","terms-review-required","200","true","https://everyayah.com/data/timings_files","text/html","Sun, 02 Jul 2023 15:13:12 GMT","reachable","","Possibly with backlink but ambiguity warrants confirmation; Rights/reuse note: Published disclaimer: must link back to site from product and website to use timings; referenced historical license URL no longer resolves; Source category: Recitation timing","agents/canonical-data-source-expansion-2026-09-11.csv"
"https://everyayah.com/data/timings_files/000_disclaimer.txt","Verse-by-verse recitation archive","EveryAyah / original reciters and publishers","unspecified","audio","pedagogy; quran; tajwid","terms-review-required","200","true","https://everyayah.com/data/timings_files/000_disclaimer.txt","text/plain","Fri, 20 Jan 2023 15:11:55 GMT","reachable","","Possibly with backlink but ambiguity warrants confirmation; Rights/reuse note: No site-wide recording license found; timing disclaimer requires backlink; availability does not establish public-domain/commercial rights; Rights/reuse note: Published disclaimer: must link back to site from product and website to use timings; referenced historical license URL no longer resolves; Source category: Recitation audio; Source category: Recitation timing; Unclear/no affirmative grant","agents/canonical-data-source-expansion-2026-09-11.csv"
"https://explore.bayyinahtv.com/arabic","Dream Arabic","Bayyinah","ar; en","course; video","arabic; pedagogy; quran","restricted-or-permission-required; terms-review-required","200","true","https://explore.bayyinahtv.com/arabic/","text/html; charset=UTF-8","","reachable","","Free beginner playlist; full library USD 11/month or USD 112/year; named-country regional price USD 4.50/month or USD 45/year; One of the deepest public sequences reviewed; separate nahw, sarf, reader and advanced analysis; Rights/reuse note: Proprietary; Bayyinah terms prohibit reproduction/distribution/modification; Rights/reuse note: https://bayyinah.com/terms-and-conditions/; Source category: Quranic Arabic; Source format: Structured video/audio curriculum; Source format: Web app and video","agents/muslingo_course_source_table_2026-09-10.csv; agents/muslingo_quranic_arabic_course_research_2026-09-10.md; agents/video-audio-content-analysis-2026-09-11.md; agents/video-audio-source-expansion-2026-09-11.csv"
"https://explore.bayyinahtv.com/arabic-resources","resources","","ar","course","arabic; quran","unknown-review-required","200","true","https://explore.bayyinahtv.com/arabic-resources/","text/html; charset=UTF-8","","reachable","","","agents/muslingo_quranic_arabic_course_research_2026-09-10.md"
"https://explore.bayyinahtv.com/beginner-arabic","Dream beginner intensives","Bayyinah","ar","course; video","arabic; quran","terms-review-required","200","true","https://explore.bayyinahtv.com/beginner-arabic/","text/html; charset=UTF-8","","reachable","","Free to view; Rights/reuse note: https://bayyinah.com/terms-and-conditions/; Source category: Official playlist; Source format: YouTube playlist","agents/muslingo_course_source_table_2026-09-10.csv; agents/muslingo_quranic_arabic_course_research_2026-09-10.md"
"https://explore.bayyinahtv.com/learn-to-read-quran","Learn to Read Quran","Bayyinah TV","ar; en","video","arabic; pedagogy; quran","restricted-or-permission-required","200","true","https://explore.bayyinahtv.com/learn-to-read-quran/","text/html; charset=UTF-8","","reachable","","Clear single-outcome course from an established Quranic-Arabic publisher; Rights/reuse note: Bayyinah terms prohibit reproduction, distribution or modification without consent; Source format: Structured audiovisual course","agents/video-audio-content-analysis-2026-09-11.md; agents/video-audio-source-expansion-2026-09-11.csv"
"https://explore.bayyinahtv.com/quranstudy","Quran Study","","unspecified","web","pedagogy; quran","unknown-review-required","200","true","https://explore.bayyinahtv.com/quranstudy/","text/html; charset=UTF-8","","reachable","","","agents/muslingo-competitive-pedagogy-2026-09-10.md"
"https://faq.sajda.app/question/104","Are core features free?","","unspecified","web","pedagogy","unknown-review-required","200","true","https://faq.sajda.app/question/104","text/html; charset=UTF-8","","reachable","","","agents/muslingo-competitive-pedagogy-2026-09-10.md"
"https://faq.sajda.app/question/111","What is Sajda+?","","unspecified","web","pedagogy","unknown-review-required","200","true","https://faq.sajda.app/question/111","text/html; charset=UTF-8","","reachable","","","agents/muslingo-competitive-pedagogy-2026-09-10.md"
"https://feedback.tarteel.ai/","Public roadmap and feature requests","","unspecified","web","uncategorized","unknown-review-required","200","true","https://feedback.tarteel.ai/","text/html","","reachable","","","muslingo-content-landscape-2026-09-10.md"
"https://firdawsacademy.com/learn-tajweed-online","","Firdaws Academy","ar; en","video","arabic","terms-review-required","200","true","https://firdawsacademy.com/learn-tajweed-online","text/html; charset=UTF-8","Thu, 10 Sep 2026 19:08:57 GMT","reachable","","Published topics, foundation prerequisite, teacher-first recite/repeat/correct method and tutor profiles; Rights/reuse note: Public downloads do not imply commercial adaptation; no blanket open audiovisual license; Source format: Live teacher audiovisual course","agents/video-audio-source-expansion-2026-09-11.csv"
"https://gethifz.com/","product home","","unspecified","web","pedagogy","reference-or-link-only","200","true","https://gethifz.com/","text/html; charset=utf-8","","reachable","","","agents/muslingo-competitive-pedagogy-2026-09-10.md; agents/product-benchmark-gap-analysis-2026-09-11.md"
"https://gethifz.com/support","Help & Support","HIFZ","ar; en","video; web","arabic; hifz; pedagogy; quran; tajwid","reference-or-link-only; terms-review-required","200","true","https://gethifz.com/support","text/html; charset=utf-8","","reachable","","Explicit traditional revision model translated into a digital workflow and error journal; Listen/read/repeat/recall and Sabaq/Sabqi/Manzil; Rights/reuse note: Proprietary benchmark; Rights/reuse note: Proprietary; no open media/curriculum reuse grant found; Source format: Interactive hifz platform","agents/muslingo-competitive-pedagogy-2026-09-10.md; agents/muslingo_quran_tajwid_sources_2026-09-10.csv; agents/product-benchmark-gap-analysis-2026-09-11.md; agents/video-audio-content-analysis-2026-09-11.md; agents/video-audio-source-expansion-2026-09-11.csv"
"https://gethifz.com/techniques","The Hifz Companion","","unspecified","web","hifz; pedagogy","unknown-review-required","200","true","https://gethifz.com/techniques","text/html; charset=utf-8","","reachable","","","agents/muslingo-competitive-pedagogy-2026-09-10.md"
"https://github.com/cpfair/quran-align","Word-level timing JSON","Collin Fair","unspecified","audio","quran; tajwid","open-with-conditions","200","true","https://github.com/cpfair/quran-align","text/html; charset=utf-8","","reachable","","Rights/reuse note: Timing data CC BY 4.0; software MIT; underlying EveryAyah audio retains separate rights; Source category: Recitation timing; Yes for timing data","agents/canonical-data-source-expansion-2026-09-11.csv"
"https://github.com/cpfair/quran-align/blob/master/README.md","README","Collin Fair","unspecified","audio; data","quran; tajwid","open-with-conditions","200","true","https://github.com/cpfair/quran-align/blob/master/README.md","text/html; charset=utf-8","","reachable","","Rights/reuse note: Timing data CC BY 4.0; software MIT; underlying EveryAyah audio retains separate rights; Source category: Recitation timing; Yes for timing data","agents/canonical-data-integration-analysis-2026-09-11.md; agents/canonical-data-source-expansion-2026-09-11.csv"
"https://github.com/dsog/jqurantree/blob/master/license.txt","Java Quran analysis API","Kais Dukes / QAC; public fork dsog","unspecified","data","quran","open-with-conditions","200","true","https://github.com/dsog/jqurantree/blob/master/license.txt","text/html; charset=utf-8","","reachable","","Rights/reuse note: Open source under GNU public license; bundled Tanzil Uthmani text remains unmodified and keeps Tanzil terms; Source category: Quran developer library; Yes under GPL obligations","agents/canonical-data-source-expansion-2026-09-11.csv"
"https://github.com/fawazahmed0/hadith-api","Multilingual editions and multiple grades","Community project; mixed upstreams","unspecified","data","foundations","terms-review-required","200","true","https://github.com/fawazahmed0/hadith-api","text/html; charset=utf-8","","reachable","","Code/own structure yes; corpus rights mixed; Rights/reuse note: Repository is Unlicense, but that cannot relicense upstream translations/editions; references file must be checked per edition; Source category: Hadith API","agents/canonical-data-source-expansion-2026-09-11.csv"
"https://github.com/fawazahmed0/hadith-api/blob/1/LICENSE","Multilingual editions and multiple grades","Community project; mixed upstreams","unspecified","data","foundations","terms-review-required","200","true","https://github.com/fawazahmed0/hadith-api/blob/1/LICENSE","text/html; charset=utf-8","","reachable","","Code/own structure yes; corpus rights mixed; Rights/reuse note: Repository is Unlicense, but that cannot relicense upstream translations/editions; references file must be checked per edition; Source category: Hadith API","agents/canonical-data-source-expansion-2026-09-11.csv"
"https://github.com/Jaguar16/open-hadith-data","Structured 17/18-collection dataset and Hisn al-Muslim","Jaguar16 community project","ar; en","data","arabic; foundations","open-with-conditions; terms-review-required","200","true","https://github.com/Jaguar16/open-hadith-data","text/html; charset=utf-8","","reachable","","Only cleared structural fields; Only structural data/Arabic layer is plausibly reusable; English translations are not cleared; Rights/reuse note: Schema/organization CC0 1.0; Arabic classical text claimed public domain; English translations are from Sunnah.com and explicitly may be copyrighted; automated extraction not guaranteed complete/correct; Rights/reuse note: Structure CC0; translations/source text rights remain upstream; extraction disclaimer warns accuracy/completeness; Source category: Dua/adhkar; Source category: Hadith dataset","agents/canonical-data-source-expansion-2026-09-11.csv"
"https://github.com/Jaguar16/open-hadith-data/blob/main/DATA_LICENSE.md","Structured 17/18-collection dataset and Hisn al-Muslim","Jaguar16 community project","ar; en","data","arabic; foundations","open-with-conditions; terms-review-required","200","true","https://github.com/Jaguar16/open-hadith-data/blob/main/DATA_LICENSE.md","text/html; charset=utf-8","","reachable","","Only cleared structural fields; Only structural data/Arabic layer is plausibly reusable; English translations are not cleared; Rights/reuse note: Schema/organization CC0 1.0; Arabic classical text claimed public domain; English translations are from Sunnah.com and explicitly may be copyrighted; automated extraction not guaranteed complete/correct; Rights/reuse note: Structure CC0; translations/source text rights remain upstream; extraction disclaimer warns accuracy/completeness; Source category: Dua/adhkar; Source category: Hadith dataset","agents/canonical-data-source-expansion-2026-09-11.csv"
"https://github.com/obadx/quran-muaalem","MIT code repository","","unspecified","data","pedagogy","open-with-conditions","200","true","https://github.com/obadx/quran-muaalem","text/html; charset=utf-8","","reachable","","","agents/learning-science-gap-analysis-2026-09-11.md"
"https://github.com/qataruts/hadith","425-book relational corpus/isnad/narrator graph","Emad Jumaah / qataruts","unspecified","data","foundations","open-with-conditions","200","true","https://github.com/qataruts/hadith","text/html; charset=utf-8","","reachable","","License says yes; upstream text rights/provenance remain a due-diligence risk; Rights/reuse note: Code MIT; separately distributed hadith-kg databases declared CC BY 4.0. Underlying 2017 source dump is not distributed and upstream text/provenance must still be audited; Source category: Hadith knowledge graph","agents/canonical-data-source-expansion-2026-09-11.csv"
"https://github.com/qataruts/hadith/blob/main/LICENSE","425-book relational corpus/isnad/narrator graph","Emad Jumaah / qataruts","unspecified","data","foundations","open-with-conditions","200","true","https://github.com/qataruts/hadith/blob/main/LICENSE","text/html; charset=utf-8","","reachable","","License says yes; upstream text rights/provenance remain a due-diligence risk; Rights/reuse note: Code MIT; separately distributed hadith-kg databases declared CC BY 4.0. Underlying 2017 source dump is not distributed and upstream text/provenance must still be audited; Source category: Hadith knowledge graph","agents/canonical-data-source-expansion-2026-09-11.csv"
"https://github.com/TarteelAI/quranic-universal-library","QUL source repository","Tarteel","unspecified","data","quran; tajwid","open-with-conditions","200","true","https://github.com/TarteelAI/quranic-universal-library","text/html; charset=utf-8","","reachable","","MIT application code and active project; Rights/reuse note: MIT does not cover every dataset","agents/muslingo_quran_tajwid_sources_2026-09-10.csv"
"https://github.com/TarteelAI/quranic-universal-library/blob/main/LICENSE","Structural metadata/surah information/topics","Tarteel AI / upstream contributors","unspecified","data","quran","open-with-conditions","200","true","https://github.com/TarteelAI/quranic-universal-library/blob/main/LICENSE","text/html; charset=utf-8","","reachable","","Per resource; Rights/reuse note: No blanket dataset license; CMS repository MIT covers code only; Source category: Quran metadata","agents/canonical-data-source-expansion-2026-09-11.csv"
"https://gtaf.org/apps/seerah","Ar-Raheeq al-Makhtum and Prophetic Timeline presentation","Greentech Apps Foundation and named book publishers","unspecified","data","foundations; tajwid","restricted-or-permission-required","200","true","https://gtaf.org/apps/seerah","text/html; charset=UTF-8","","reachable","","No reuse grant; Rights/reuse note: App states it contains licensed/prominent books but publishes no content redistribution or API license; Source category: Seerah reference","agents/canonical-data-source-expansion-2026-09-11.csv"
"https://hadeethenc.com/api-docs","Hadith records/categories/translations","HadeethEnc","unspecified","data","foundations","terms-review-required","200","true","https://documenter.getpostman.com/view/5211979/TVev3j7q","text/html; charset=utf-8","","reachable","","Conditional; Rights/reuse note: Same unmodified republication/version/attribution/update terms shown on official site; no explicit request quota or AI license found; Source category: Hadith API","agents/canonical-data-source-expansion-2026-09-11.csv"
"https://hadeethenc.com/en/home","HadeethEnc terms","Encyclopedia of Translated Prophetic Hadiths / IslamHouse ecosystem","unspecified","data; web","foundations","terms-review-required","200","true","https://hadeethenc.com/en/home","text/html; charset=UTF-8","","reachable","","Commercial status not explicit; obtain confirmation; Commercial unclear; Conditional; Rights/reuse note: Download/republication allowed unmodified; cite publisher and HadeethEnc; state version; keep transcript info; report notes; update to latest; no inappropriate advertising; Rights/reuse note: Same unmodified republication/version/attribution/update terms shown on official site; no explicit request quota or AI license found; Rights/reuse note: Unmodified republication with publisher/source/version/transcript/update conditions; Source category: Dua/adhkar; Source category: Hadith API; Source category: Hadith database","agents/canonical-data-integration-analysis-2026-09-11.md; agents/canonical-data-source-expansion-2026-09-11.csv"
"https://hafizon.com/learn-quran-memorization-online","","Hafizon Academy","ar; en","video","arabic; hifz","terms-review-required","200","true","https://hafizon.com/learn-quran-memorization-online/","text/html; charset=UTF-8","Thu, 10 Sep 2026 19:34:05 GMT","reachable","","Dedicated teacher, systematic pace, revision and sanad/ijazah positioning; Rights/reuse note: No open reuse license found; proprietary service; Source format: Live teacher audiovisual course","agents/video-audio-source-expansion-2026-09-11.csv"
"https://help.alifbee.com/hc/en-us/articles/9421698273821--Placement-test","Placement","","unspecified","web","pedagogy","reference-or-link-only","403","false","https://help.alifbee.com/hc/en-us/articles/9421698273821--Placement-test","text/html; charset=UTF-8","","access-controlled-or-bot-protected","","","agents/product-benchmark-gap-analysis-2026-09-11.md"
"https://help.busuu.com/hc/en-gb/articles/16526383831569-What-is-a-Placement-Test","Placement Test","","unspecified","web","pedagogy","reference-or-link-only","403","false","https://help.busuu.com/hc/en-gb/articles/16526383831569-What-is-a-Placement-Test","text/html; charset=UTF-8","","access-controlled-or-bot-protected","","","agents/product-benchmark-gap-analysis-2026-09-11.md"
"https://help.quizlet.com/hc/articles/360029923632","Younger-user safeguards","","unspecified","web","pedagogy","reference-or-link-only","403","false","https://help.quizlet.com/hc/articles/360029923632","text/html; charset=UTF-8","","access-controlled-or-bot-protected","","","agents/product-benchmark-gap-analysis-2026-09-11.md"
"https://help.quizlet.com/hc/en-au/articles/360030640912-Student-activity-data","assessment boundary","","unspecified","web","pedagogy","reference-or-link-only","403","false","https://help.quizlet.com/hc/en-au/articles/360030640912-Student-activity-data","text/html; charset=UTF-8","","access-controlled-or-bot-protected","","","agents/product-benchmark-gap-analysis-2026-09-11.md"
"https://helpdesk.amauacademy.com/articles/billing-subscription-and-payments/choosing-your-amau-academy-plan_-annual-or-monthly","Choosing Your AMAU Academy Plan","","unspecified","course","foundations","unknown-review-required","200","true","https://helpdesk.amauacademy.com/articles/billing-subscription-and-payments/choosing-your-amau-academy-plan_-annual-or-monthly/","text/html; charset=utf-8","","reachable","","","agents/muslingo-islamic-studies-curricula-research.md"
"https://helpdesk.amauacademy.com/articles/getting-started-with-amau/what-is-amau-academy","What is AMAU Academy?","","unspecified","course","foundations","unknown-review-required","200","true","https://helpdesk.amauacademy.com/articles/getting-started-with-amau/what-is-amau-academy/","text/html; charset=utf-8","","reachable","","","agents/muslingo-islamic-studies-curricula-research.md"
"https://helpdesk.amauacademy.com/articles/programs-and-study-paths/arabic-with-amau-explained","Arabic with AMAU","AMAU Academy","ar; en","course; video","arabic; quran","terms-review-required","200","true","https://helpdesk.amauacademy.com/articles/programs-and-study-paths/arabic-with-amau-explained/","text/html; charset=utf-8","","reachable","","Long structured path, tracking, tests and optional mentorship; Rights/reuse note: Terms provide personal non-commercial access; no open reuse; Rights/reuse note: https://www.amauacademy.com/pages/pricing; Source category: Quranic Arabic; Source format: Structured audiovisual course; Source format: Web/mobile subscription; USD 15/month billed USD 180 annually","agents/muslingo_course_source_table_2026-09-10.csv; agents/muslingo_quranic_arabic_course_research_2026-09-10.md; agents/video-audio-source-expansion-2026-09-11.csv"
"https://huggingface.co/datasets/mustknowislam/seera_events","dataset","Must Know Islam community dataset; upstream Dorar","unspecified","data","foundations","open-with-conditions","200","true","https://huggingface.co/datasets/mustknowislam/seera_events","text/html; charset=utf-8","","reachable","","Not safe until upstream permission is shown; Rights/reuse note: Dataset declares CC BY 4.0, but underlying Dorar content is all-rights-reserved and no derivative permission is evidenced; downstream CC license cannot cure upstream rights; Source category: Seerah chronology","agents/canonical-data-integration-analysis-2026-09-11.md; agents/canonical-data-source-expansion-2026-09-11.csv"
"https://huggingface.co/datasets/tarteel-ai/everyayah","dataset card","Tarteel AI on Hugging Face","unspecified","audio; data","quran; tajwid","open-with-conditions","200","true","https://huggingface.co/datasets/tarteel-ai/everyayah","text/html; charset=utf-8","","reachable","","Blocked by license conflict and recording provenance; Rights/reuse note: Dataset card metadata declares MIT while its Licensing Information section says CC BY 4.0; source recordings are derived from EveryAyah where original recording rights are unclear; Source category: Recitation audio/ASR","agents/canonical-data-integration-analysis-2026-09-11.md; agents/canonical-data-source-expansion-2026-09-11.csv"
"https://huzurshop.ru/catalog","Каталог учебной и богословской литературы","ИД Хузур","ar; ru","web","arabic; foundations; quran","unknown-review-required","200","true","https://huzurshop.ru/catalog/","text/html; charset=UTF-8","","reachable","","Rights/reuse note: METADATA_ONLY_PARTNERSHIP_CANDIDATE; Source category: Құран; сира; ахляк; фикх; ақида; хадис; Source format: книги; учебные пособия; Надежный institutional publisher, но каталог не равен лицензированной базе; редакторы/рецензенты не всегда видны","agents/ru-kk-source-expansion-2026-09-11.csv"
"https://huzurshop.ru/catalog/akyda/osnovy_islama","«Основы Ислама» ИД Хузур","ИД Хузур ДУМ РТ","ru","web","foundations","restricted-or-permission-required","404","false","https://huzurshop.ru/catalog/akyda/osnovy_islama","text/html; charset=UTF-8","","stale-or-removed","","Rights/reuse note: PURCHASE_OR_PARTNERSHIP_ONLY: copyrighted book; no reuse grant; Source category: акыда; фикх; ахляк; сира; история; Source format: 688-страничная печатная книга; Широкое покрытие и понятный язык; автор/рецензенты не раскрыты на карточке; слишком объемно для прямой адаптации","agents/ru-kk-content-gap-analysis-2026-09-11.md; agents/ru-kk-source-expansion-2026-09-11.csv"
"https://huzurshop.ru/catalog/akyda/osnovy_islama_rukovodstvo_dlya_nachinayushchikh","Основы Ислама: руководство для начинающих (2023)","ИД Хузур ДУМ РТ","ru","web","foundations; pedagogy","unknown-review-required","404","false","https://huzurshop.ru/catalog/akyda/osnovy_islama_rukovodstvo_dlya_nachinayushchikh","text/html; charset=UTF-8","","stale-or-removed","","Rights/reuse note: PURCHASE_OR_PARTNERSHIP_ONLY; Source category: основы ислама; поклонение; Source format: 184-страничное учебное пособие; Лучше подходит для MVP, чем 688-страничная версия; нет публичной assessment map и reviewer credits","agents/ru-kk-source-expansion-2026-09-11.csv"
"https://huzurshop.ru/catalog/sira/filter/clear/apply?display=list","Каталог книг по сире","ИД Хузур","ru","web","foundations","terms-review-required","404","false","https://huzurshop.ru/catalog/sira/filter/clear/apply?display=list","text/html; charset=UTF-8","","stale-or-removed","","Rights/reuse note: METADATA_ONLY_PARTNERSHIP_CANDIDATE; Source category: сира; истории пророков и сподвижников; Source format: книжный каталог; Хороший acquisition map, но неоднородные авторы/языки/жанры; каждое издание требует отдельного theological және rights review","agents/ru-kk-source-expansion-2026-09-11.csv"
"https://huzurtv.ru/","Образовательные передачи и Алифба","ИД Хузур / Хузур ТВ","ar; ru","web","arabic; pedagogy","reference-or-link-only","403","false","https://huzurtv.ru/","text/html","","access-controlled-or-bot-protected","","Rights/reuse note: LINK_OR_EMBED_ONLY: сайт прямо заявляет все права за ИД Хузур; Source category: арабское чтение; основы; этика; детский контент; Source format: потоковое ТВ; эпизоды; приложения; Официальная редакция и тематическая широта; телевидение пассивно, без практики и оценки; все права заявлены Хузуром","agents/ru-kk-source-expansion-2026-09-11.csv"
"https://icomd.org/","Islamic Studies K-12 Curriculum 2025-26","Islamic Center of Maryland","en","course","foundations","unknown-review-required","200","true","https://icomd.org/","text/html; charset=UTF-8","","reachable","","Curriculum PDF publicly viewable; no derivative licence stated; Rights/reuse note: Curriculum PDF publicly viewable; no derivative licence stated; Source format: Community school","agents/islamic-curricula-expansion-2026-09-11.csv"
"https://icomd.org/wp-content/uploads/Curriculum-2025-26.pdf","Islamic Studies K-12 Curriculum 2025-26","Islamic Center of Maryland","en","course","foundations","unknown-review-required","200","true","https://icomd.org/wp-content/uploads/Curriculum-2025-26.pdf","application/pdf","Wed, 09 Jul 2025 20:30:18 GMT","reachable","","Curriculum PDF publicly viewable; no derivative licence stated; Rights/reuse note: Curriculum PDF publicly viewable; no derivative licence stated; Source format: Community school","agents/islamic-curricula-expansion-2026-09-11.csv"
"https://idmedina.ru/books/islamic?357=","Обзор учебников и программ исламского образования в России","ИД Медина / журнал Ислам в современном мире","ar; ru","web","arabic; foundations; quran","unknown-review-required","200","true","https://idmedina.ru/books/islamic/?357=","text/html; charset=windows-1251","","reachable","","Rights/reuse note: REFERENCE_ONLY; Source category: арабский; Құран оқу; сира; ақида; фикх; Source format: научно-аналитическая статья; Ценный исторический map, но публикация 2007 года: availability, права и педагогика многих книг изменились","agents/ru-kk-source-expansion-2026-09-11.csv"
"https://idmedina.ru/books/school-book?3478=","Ислам в России в XVIII — начале XXI вв.: учебное пособие","ИД Медина","ru","web","foundations","terms-review-required","200","true","https://idmedina.ru/books/school-book/?3478=","text/html; charset=windows-1251","","reachable","","Rights/reuse note: REFERENCE_ONLY_PERMISSION_REQUIRED; Source category: история ислама; исламское образование; Source format: онлайн-главы учебной книги; Содержательно полезно для регионального контекста, но издание старое; исторические формулировки требуют актуальной академической рецензии","agents/ru-kk-source-expansion-2026-09-11.csv"
"https://iifa-aifi.org/en/49700.html","Resolution 244 (6/25) on social media and dissemination of information","International Islamic Fiqh Academy","ar; en; fr","course","arabic; foundations","restricted-or-permission-required","200","true","https://iifa-aifi.org/en/49700.html","text/html; charset=UTF-8","","reachable","","All rights reserved; cite and seek permission for substantial reuse; Rights/reuse note: All rights reserved; cite and seek permission for substantial reuse; Source format: Intergovernmental scholarly academy","agents/foundations-curriculum-gap-analysis-2026-09-11.md; agents/islamic-curricula-expansion-2026-09-11.csv"
"https://imedrese.ru/","Онлайн-медресе начального уровня","iMedrese","ru","course","foundations; quran","reference-or-link-only","200","true","https://imedrese.ru/","text/html; charset=utf-8","","reachable","","Rights/reuse note: BENCHMARK_ONLY_PERMISSION_REQUIRED; Source category: ақида; фикх; Құрановедение; история пророков; этика; Source format: видеоуроки в LMS; доступ 24/7; Экспертные биографии доступны, но институциональная принадлежность и актуальные terms/licensing менее прозрачны, чем у ДУМ РТ","agents/ru-kk-source-expansion-2026-09-11.csv"
"https://investors.duolingo.com/static-files/f19d76fb-dee4-4f13-96ae-138ebfd0f2d3","2026 Form 10-K","","unspecified","web","pedagogy","unknown-review-required","200","true","https://investors.duolingo.com/static-files/f19d76fb-dee4-4f13-96ae-138ebfd0f2d3","application/pdf","Fri, 27 Feb 2026 11:21:43 GMT","reachable","","","agents/muslingo-competitive-pedagogy-2026-09-10.md"
"https://iou.edu.gm/stream/ais","Diploma in Islamic Studies","International Open University","en","course","foundations","terms-review-required","200","true","https://iou.edu.gm/stream/ais/","text/html; charset=UTF-8","","reachable","","Rights/reuse note: Tuition-based copyrighted courses; no open reuse licence; Source format: Online university; Tuition-based copyrighted courses; no open reuse licence","agents/islamic-curricula-expansion-2026-09-11.csv"
"https://iou.edu.gm/wp-content/uploads/2023/07/Prospectus-2023-SinglePage-Compressed.pdf","","International Open University","ar; en","video","arabic; quran","terms-review-required","200","true","https://iou.edu.gm/wp-content/uploads/2023/07/Prospectus-2023-SinglePage-Compressed.pdf","application/pdf","Sat, 26 Aug 2023 13:26:08 GMT","reachable","","Program operating since 2013; published prerequisites and ijazah track; Rights/reuse note: Copyrighted institutional material; no open reuse license; Source format: Institutional live Quran program","agents/video-audio-source-expansion-2026-09-11.csv"
"https://iqranetwork.com/","","IQRA Network","ar; en","video","arabic; pedagogy","terms-review-required","200","true","https://iqranetwork.com/","text/html; charset=UTF-8","Thu, 10 Sep 2026 17:40:32 GMT","reachable","","Established education brand, child-focused visual media and structured learning offerings; Rights/reuse note: No blanket open reuse license found; Source format: Education platform / audiovisual instruction","agents/video-audio-source-expansion-2026-09-11.csv"
"https://islam.muftyat.kz/kk","Ислам сайты және Құран аудиосы","ҚМДБ","ar; kk","audio","arabic; foundations; quran","terms-review-required","200","true","https://islam.muftyat.kz/kk/","text/html; charset=utf-8","","reachable","","Rights/reuse note: STREAM_OR_LINK_ONLY_PERMISSION_REQUIRED: лицензиясыз аудионы көшірмеу; ресми бетке сілтеме/серіктестік; Source category: Құран тыңдау; ислам негіздері; Source format: веб-портал; аят/сүре аудио; мақалалар; Ресми локализация мен аудио құнды; аудио файлдарының кариі, нұсқасы және лицензиясын әр жазбаға жеке архивтеу керек","agents/ru-kk-source-expansion-2026-09-11.csv"
"https://islamdag.ru/news/2021-06-15/v-dagestane-podgotovili-k-izdaniyu-vtoruyu-chast-uchebnika-recitaciya-svyashchennogo","Учебник «Рецитация священного Корана»","Муфтият Республики Дагестан / отдел науки и образования","ar; ru","web","arabic; quran; tajwid","unknown-review-required","200","true","https://islamdag.ru/news/2021-06-15/v-dagestane-podgotovili-k-izdaniyu-vtoruyu-chast-uchebnika-recitaciya-svyashchennogo","text/html; charset=utf-8","Thu, 10 Sep 2026 19:16:18 GMT","reachable","","Rights/reuse note: PARTNERSHIP_OR_PURCHASE_ONLY; Source category: арабское чтение; махрадж; тәжуид; Source format: 2-частный учебник; методичка учителя; рабочие тетради; Редкий полный комплект learner+teacher; купить/скачать и проверить финальное издание, авторов, рецензентов и школу чтения до адаптации","agents/ru-kk-content-gap-analysis-2026-09-11.md; agents/ru-kk-source-expansion-2026-09-11.csv"
"https://islamdag.ru/node/59517","Онлайн-школа по заучиванию Корана для мужчин","Центр заучивания Корана при Муфтияте Республики Дагестан","ru","course","hifz; quran; tajwid","unknown-review-required","200","true","https://islamdag.ru/node/59517","text/html; charset=utf-8","Thu, 10 Sep 2026 19:16:19 GMT","reachable","","Rights/reuse note: REFERRAL_OR_PARTNERSHIP_ONLY; Source category: хифз; тәжуид; махрадж; Source format: живые онлайн-группы; Сильная дифференциация по уровню и живая обратная связь; только мужчины; нет опубликованных rubric/lesson assets","agents/ru-kk-source-expansion-2026-09-11.csv"
"https://islamdag.ru/node/60217","Летние курсы по основам Ислама для детей","Муфтият Республики Дагестан","ru","course","foundations; pedagogy; quran","unknown-review-required","200","true","https://islamdag.ru/node/60217","text/html; charset=utf-8","Thu, 10 Sep 2026 19:21:47 GMT","reachable","","Rights/reuse note: METADATA_ONLY_PARTNERSHIP_CANDIDATE; Source category: основы ислама; Құран; намаз; этика; Source format: очные курсы во всех мечетях региона; Возрастная направленность и character education сильны; подробный syllabus, safeguarding және assessment не опубликованы","agents/ru-kk-source-expansion-2026-09-11.csv"
"https://islamdag.ru/verouchenie/23681","Таджвид — обязанность и роль устного наставника","Муфтият Республики Дагестан / IslamDag","ru","course","quran; tajwid","terms-review-required","200","true","https://islamdag.ru/verouchenie/23681","text/html; charset=utf-8","Thu, 10 Sep 2026 19:21:47 GMT","reachable","","Rights/reuse note: REFERENCE_ONLY_PERMISSION_REQUIRED; Source category: тәжуид; методика Құран оқу; Source format: экспертная статья; Полезна как policy guardrail, но не curriculum; богословские формулировки должны пройти собственный совет Muslingo","agents/ru-kk-source-expansion-2026-09-11.csv"
"https://isstschools.com/","NISS National Islamic Studies Standards","Islamic Studies Standardized Tests","en","web","foundations","reference-or-link-only","521","false","https://obral4d.org/","text/html; charset=UTF-8","","upstream-error","","Copyright status not clearly open; use as benchmark only; Rights/reuse note: Copyright status not clearly open; use as benchmark only; Source format: Standards body","agents/islamic-curricula-expansion-2026-09-11.csv"
"https://isstschools.com/national_standard.html","National Islamic Studies Standards","Islamic Studies Standardized Tests","en","course; web","foundations","reference-or-link-only","200","true","https://obral4d.org/","text/html","Thu, 10 Sep 2026 16:53:37 GMT","reachable","","Copyright status not clearly open; use as benchmark only; Rights/reuse note: Copyright status not clearly open; use as benchmark only; Source format: Standards body","agents/foundations-curriculum-gap-analysis-2026-09-11.md; agents/islamic-curricula-expansion-2026-09-11.csv"
"https://jamiyahacademy.sg/","Madrasah at Jamiyah","Jamiyah Academy Singapore","ar; en","course","arabic; foundations","unknown-review-required","200","true","https://jamiyahacademy.sg/","text/html; charset=UTF-8","Thu, 10 Sep 2026 14:12:49 GMT","reachable","","No open licence found; Rights/reuse note: No open licence found; Source format: Academy and community institution","agents/islamic-curricula-expansion-2026-09-11.csv"
"https://jamiyahacademy.sg/program-page/madrasah-jamiyah-2026","Madrasah at Jamiyah","Jamiyah Academy Singapore","ar; en","course","arabic; foundations","unknown-review-required","200","true","https://jamiyahacademy.sg/program-page/madrasah-jamiyah-2026/","text/html; charset=UTF-8","Thu, 10 Sep 2026 19:21:16 GMT","reachable","","No open licence found; Rights/reuse note: No open licence found; Source format: Academy and community institution","agents/islamic-curricula-expansion-2026-09-11.csv"
"https://journey2jannah.com/docs/how-to-complete-a-full-lesson","full lesson completion","","unspecified","course","uncategorized","unknown-review-required","200","true","https://journey2jannah.com/docs/how-to-complete-a-full-lesson/","text/html; charset=UTF-8","Thu, 10 Sep 2026 19:34:06 GMT","reachable","","","agents/foundations-curriculum-gap-analysis-2026-09-11.md"
"https://journey2jannah.com/docs/what-is-the-structure-of-the-learning","Learning structure","Safar Publications","en","course; web","foundations; pedagogy","restricted-or-permission-required","200","true","https://journey2jannah.com/docs/what-is-the-structure-of-the-learning/","text/html; charset=UTF-8","Thu, 10 Sep 2026 19:21:08 GMT","reachable","","Commercial platform; no open reuse right; permission required; Rights/reuse note: Commercial platform; no open reuse right; permission required; Source format: Digital learning platform","agents/foundations-curriculum-gap-analysis-2026-09-11.md; agents/islamic-curricula-expansion-2026-09-11.csv"
"https://kalimah-center.com/","Kalimah Center","Kalimah Center","ar; en","video","arabic; quran; tajwid","terms-review-required","200","true","https://kalimah-center.com/","text/html; charset=UTF-8","","reachable","","16 Arabic levels/400+ hours, 13 Quran/tajwid levels, ijazah-certified teachers and per-level certificates; Rights/reuse note: No open reuse license found; course material proprietary; Source format: Live teacher audiovisual platform","agents/video-audio-content-analysis-2026-09-11.md; agents/video-audio-source-expansion-2026-09-11.csv"
"https://kalimah-center.com/teachers","teachers","","unspecified","video","uncategorized","unknown-review-required","200","true","https://kalimah-center.com/teachers/","text/html; charset=UTF-8","","reachable","","","agents/video-audio-content-analysis-2026-09-11.md"
"https://kazanriu.ru/nauchnaya-deyatelnost/nauchnye-meropriyatiya","Научно-методические мероприятия по исламским дисциплинам и арабскому","Российский исламский институт","ar; ru","web","arabic; foundations; quran","unknown-review-required","200","true","https://kazanriu.ru/nauchnaya-deyatelnost/nauchnye-meropriyatiya/","text/html; charset=UTF-8","","reachable","","Rights/reuse note: METADATA_ONLY_PARTNERSHIP_CANDIDATE; Source category: педагогика; арабский; коранические науки; Source format: семинары; конференции; программы; Не learner content; актуальность и доступность материалов различаются","agents/ru-kk-source-expansion-2026-09-11.csv"
"https://kazanriu.ru/novosti/mezhdunarodnaya-stazhirovka-po-arabskomu-yazyku-i-tadzhvidu-v-egipte/03/2025/07","Стажировка по арабскому языку и таджвиду","РИИ / Университет аль-Азхар / Центр шейха Аль-Хусари","ar; ru","web","arabic; pedagogy; tajwid","unknown-review-required","200","true","https://kazanriu.ru/novosti/mezhdunarodnaya-stazhirovka-po-arabskomu-yazyku-i-tadzhvidu-v-egipte/03/2025/07/","text/html; charset=UTF-8","","reachable","","Rights/reuse note: PARTNERSHIP_OR_REFERRAL_ONLY; Source category: арабский язык; тәжуид; Source format: очная стажировка; Высокий экспертный потенциал; коммерческая поездка, syllabus и assessment публично не раскрыты","agents/ru-kk-source-expansion-2026-09-11.csv"
"https://kazanriu.ru/sveden/obrazovanie","Официальный реестр образовательных программ и оценочных материалов","Российский исламский институт","ar; ru","course","arabic; foundations","terms-review-required","200","true","https://kazanriu.ru/sveden/obrazovanie/","text/html; charset=UTF-8","","reachable","","Rights/reuse note: REFERENCE_ONLY_PERMISSION_REQUIRED; Source category: теология; лингвистика; арабский язык; исламские науки; Source format: веб-реестр; ОПОП; учебные планы; аннотации; фонды оценочных средств; Сильная доказательная база curriculum, но таблица сложна и отдельные вложения меняют URL; learner assets не открытая лицензия","agents/ru-kk-source-expansion-2026-09-11.csv"
"https://kemenag.go.id/en/nasional/ini-persamaan-dan-penyempurnaan-kurikulum-pai-dan-bahasa-arab-madrasah-p3qbwe","KMA 183 of 2019 PAI and Arabic Madrasah Curriculum","Ministry of Religious Affairs Indonesia","ar","course","arabic; foundations","unknown-review-required","","false","https://kemenag.go.id/en/nasional/ini-persamaan-dan-penyempurnaan-kurikulum-pai-dan-bahasa-arab-madrasah-p3qbwe","","","network-or-tls-error","fetch failed","Official government publication; no open commercial content licence stated; Rights/reuse note: Official government publication; no open commercial content licence stated; Source format: Government ministry","agents/foundations-curriculum-gap-analysis-2026-09-11.md; agents/islamic-curricula-expansion-2026-09-11.csv"
"https://kitap.muftyat.kz/kk/read/284","Бабалар ізімен: Қазақ даласындағы мұсылмандық мектеп","ҚМДБ / Muftiyat баспасы","kk","web","foundations","terms-review-required","200","true","https://kitap.muftyat.kz/kk/read/284/","text/html; charset=utf-8","","reachable","","Rights/reuse note: METADATA_ONLY_PERMISSION_REQUIRED: сипаттамаға сілтеме жасауға болады; мәтінді лицензиясыз алмау; Source category: ислам тарихы; негіздер; этика; дәстүр; Source format: кітап таныстырылымы; баспа еңбегі; Қазақстандық мәдени контекст өте құнды; толық мазмұн/аппарат бетте жоқ; дәстүр мен діни үкімді интерфейсте шатастырмау қажет","agents/ru-kk-source-expansion-2026-09-11.csv"
"https://kitap.muftyat.kz/kk/view/17","Имани гүл","ҚМДБ электрондық кітапханасы","kk","web","foundations","terms-review-required","200","true","https://kitap.muftyat.kz/kk/view/17/","text/html; charset=utf-8","","reachable","","Rights/reuse note: REFERENCE_ONLY_PERMISSION_REQUIRED: авторлық еңбек; лицензия көрсетілмеген; Source category: ислам негіздері; этика; заманауи сұрақтар; Source format: онлайн оқу; PDF кітап; Тілі қолжетімді және жергілікті контекст мықты; көлемді прозаны қысқа оқу мақсаттарына бөлмей тікелей көшіруге болмайды","agents/ru-kk-source-expansion-2026-09-11.csv"
"https://madinaharabic.com/free-content/reading","Arabic Reading and Grammar courses","Madinah Arabic","ar; en","course; video; web","arabic; foundations; quran","terms-review-required","200","true","https://madinaharabic.com/free-content/reading","text/html; charset=utf-8","","reachable","","23-part cumulative reading course with free access and connected grammar track; Free access does not imply reuse; verify written terms; Free public courses; tutoring separate; Rights/reuse note: Free access does not imply reuse; verify written terms; Rights/reuse note: Free access is not an open commercial reuse license; treat media as proprietary; Rights/reuse note: https://madinaharabic.com/terms-of-service; Source category: Arabic literacy; Source category: arabic-reading; Source format: Interactive website and tutoring; Source format: Public multimedia course","agents/muslingo_course_source_table_2026-09-10.csv; agents/muslingo_quranic_arabic_course_research_2026-09-10.md; agents/video-audio-content-analysis-2026-09-11.md; agents/video-audio-source-expansion-2026-09-11.csv; islamic-source-catalog-2026-09-10.csv; islamic-source-metadata-2026-09-10.json; islamic-source-seeds.json; muslingo-content-landscape-2026-09-10.md"
"https://madinaharabic.com/terms-of-service","Arabic Reading and Grammar courses","Madinah Arabic","ar","course","arabic; quran","terms-review-required","200","true","https://madinaharabic.com/terms-of-service","text/html; charset=utf-8","","reachable","","Free public courses; tutoring separate; Rights/reuse note: https://madinaharabic.com/terms-of-service; Source category: Arabic literacy; Source format: Interactive website and tutoring","agents/muslingo_course_source_table_2026-09-10.csv; agents/muslingo_quranic_arabic_course_research_2026-09-10.md"
"https://maqraa.org/en","","maqraa.org","ar; en","video","arabic; quran","terms-review-required","200","true","https://maqraa.org/en/","text/html","","reachable","","Quran-specific circle scheduling, teacher invites and free hosted option; project identifies itself as open source; Rights/reuse note: Open-source claim requires repository/license verification before code reuse; lesson content remains teacher-owned; Source format: Open-source teaching platform","agents/video-audio-source-expansion-2026-09-11.csv"
"https://maqraa.prh.gov.sa/en","Official learning platform","Maqraa Al-Harmain","ar; en","video; web","arabic; hifz; pedagogy; quran; tajwid","restricted-or-permission-required","200","true","https://maqraa.prh.gov.sa/en","text/html; charset=utf-8","","reachable","","Live teachers, Tajwid, hifz, plans, evaluation and certificates; Qualified teachers, personalized plans, certificates/ijazah, performance monitoring and 24/7 sessions; Rights/reuse note: All rights reserved; Rights/reuse note: All rights reserved/no open content reuse grant located; Source format: Government-supervised live Quran platform","agents/muslingo_quran_tajwid_sources_2026-09-10.csv; agents/video-audio-content-analysis-2026-09-11.md; agents/video-audio-source-expansion-2026-09-11.csv"
"https://mccnextgen.com/","Youth Curriculum","MCC NextGen","en","course","foundations","unknown-review-required","200","true","https://mccnextgen.com/","text/html","","reachable","","No open licence found; Rights/reuse note: No open licence found; Source format: Community education program","agents/islamic-curricula-expansion-2026-09-11.csv"
"https://mccnextgen.com/curriculum","Youth Curriculum","MCC NextGen","en","course","foundations","unknown-review-required","200","true","https://mccnextgen.com/curriculum/","text/html","","reachable","","No open licence found; Rights/reuse note: No open licence found; Source format: Community education program","agents/islamic-curricula-expansion-2026-09-11.csv"
"https://medrese.tatar/about","курс ДУМ РТ","ДУМ РТ / ИД Хузур","ar; ru","course; web","arabic; foundations; pedagogy; quran","unknown-review-required","200","true","https://medrese.tatar/about","text/html; charset=utf-8","Mon, 27 Jul 2026 12:47:46 GMT","reachable","","Rights/reuse note: REFERENCE_ONLY_PARTNERSHIP_REQUIRED; Source category: основы ислама; Коран; арабский; сира; этика; Source format: видео; аудио; текст; мобильное приложение; Хорошая multi-format модель; сайт отмечен как реконструируемый; часть UI/списка предметов зависит от JS","agents/ru-kk-content-gap-analysis-2026-09-11.md; agents/ru-kk-source-expansion-2026-09-11.csv"
"https://mishkahacademy.com/tutors","","Mishkah Academy","ar; en","video","arabic; pedagogy","terms-review-required","200","true","https://mishkahacademy.com/tutors/","text/html; charset=UTF-8","Thu, 10 Sep 2026 17:41:46 GMT","reachable","","Named tutor profiles, specialisms and years of experience; male/female teachers; Rights/reuse note: No open reuse license found; tutor and academy material proprietary; Source format: Teacher marketplace / live learning","agents/video-audio-source-expansion-2026-09-11.csv"
"https://mishkahu.com/academics/undergraduate-studies/bachelors-degree","BA in Islamic Studies in English","Mishkah University","ar; en","web","arabic; foundations","unknown-review-required","200","true","https://mishkahu.com/academics/undergraduate-studies/bachelors-degree/","text/html; charset=UTF-8","Thu, 10 Sep 2026 19:21:18 GMT","reachable","","Copyrighted degree content; no open licence; Rights/reuse note: Copyrighted degree content; no open licence; Source format: Online university","agents/islamic-curricula-expansion-2026-09-11.csv"
"https://mishkahu.com/wp-content/uploads/2022/11/Student-Handbook-2022_2023.pdf","BA in Islamic Studies in English","Mishkah University","ar; en","web","arabic; foundations","unknown-review-required","200","true","https://mishkahu.com/wp-content/uploads/2022/11/Student-Handbook-2022_2023.pdf","application/pdf","Tue, 22 Nov 2022 10:37:41 GMT","reachable","","Copyrighted degree content; no open licence; Rights/reuse note: Copyrighted degree content; no open licence; Source format: Online university","agents/islamic-curricula-expansion-2026-09-11.csv"
"https://miu.su/","Исламская теология — образовательные программы","Московский исламский институт / ДУМ РФ","ar; ru","course","arabic; foundations; pedagogy","unknown-review-required","200","true","https://miu.su/","text/html; charset=UTF-8","","reachable","","Rights/reuse note: REFERENCE_ONLY_PARTNERSHIP_CANDIDATE; Source category: исламская теология; арабский; исламские науки; Source format: высшее образование; очное/заочное; Авторитетная институциональная база; consumer microlearning и lesson assets не открыты","agents/ru-kk-source-expansion-2026-09-11.csv"
"https://mualim-app.com/en","Official product page","","unspecified","web","pedagogy","reference-or-link-only","200","true","https://mualim-app.com/en","text/html; charset=utf-8","","reachable","","","agents/product-benchmark-gap-analysis-2026-09-11.md"
"https://muslim.kz/kz/news/ayiel-zhamagatyna-arnalgan-onlayin-sauat-ashu-kursy-bastaldy-keste","Әйел жамағатына арналған онлайн сауат ашу курсы","ҚМДБ Астана өкілдігі / Muslim.kz","kk","course","foundations; quran","unknown-review-required","200","true","https://muslim.kz/kz/news/ayiel-zhamagatyna-arnalgan-onlayin-sauat-ashu-kursy-bastaldy-keste","text/html; charset=UTF-8","","reachable","","Rights/reuse note: PARTNERSHIP_ONLY: курсқа қатысу/сілтеме; материалға рұқсат қажет; Source category: Құран; тәжуид; иман; ақида; Source format: Zoom/әлеуметтік желі арқылы тірі сабақтар; Нақты мұғалімдік қолдау бар, бірақ 2020 жылғы уақытша формат; жазбалар мен бағалау рубрикасы ашық емес","agents/ru-kk-source-expansion-2026-09-11.csv"
"https://muslim.kz/news/elordada-quran-ustazdaryna-bir-kundik-seminar-otti-foto","Құран ұстаздарына арналған оқу-әдістемелік семинар","ҚМДБ Астана өкілдігі / Әзірет Сұлтан мешіті","kk","course","quran","unknown-review-required","200","true","https://muslim.kz/news/elordada-quran-ustazdaryna-bir-kundik-seminar-otti-foto","text/html; charset=UTF-8","","reachable","","Rights/reuse note: METADATA_ONLY_PARTNERSHIP_CANDIDATE; Source category: Құран; тәжуид; педагогика; Source format: бір күндік практикалық семинар; Күшті педагогикалық сигнал, бірақ толық материал/рубрика жарияланбаған; жаңалық беті курс орнына жүрмейді","agents/ru-kk-source-expansion-2026-09-11.csv"
"https://naml-app.com/en","Product and pedagogy","","unspecified","web","pedagogy","reference-or-link-only","200","true","https://naml-app.com/en","text/html; charset=utf-8","","reachable","","","agents/product-benchmark-gap-analysis-2026-09-11.md"
"https://naml-app.com/en/pricing","Pricing","","unspecified","web","pedagogy","reference-or-link-only","200","true","https://naml-app.com/en/pricing","text/html; charset=utf-8","","reachable","","","agents/product-benchmark-gap-analysis-2026-09-11.md"
"https://ncc.gov.pk/","Islamiyat Grades 1-10 Curriculum Guidelines","National Curriculum Council Pakistan","en; ur","course","foundations","restricted-or-permission-required","200","true","https://ncc.gov.pk/","text/html; charset=utf-8","","reachable","","All rights reserved government site; benchmark use only; Rights/reuse note: All rights reserved government site; benchmark use only; Source format: Government curriculum body","agents/islamic-curricula-expansion-2026-09-11.csv"
"https://ncc.gov.pk/Detail/ZmFmNTZhMDEtNjBjYy00ZmIyLThhYTctMTg5YmMzNWRkNjkz","Islamiyat standards, SLOs and progression grid for Grades 1–10","National Curriculum Council Pakistan","en; ur","course","foundations","restricted-or-permission-required","200","true","https://ncc.gov.pk/Detail/ZmFmNTZhMDEtNjBjYy00ZmIyLThhYTctMTg5YmMzNWRkNjkz","text/html; charset=utf-8","","reachable","","All rights reserved government site; benchmark use only; Rights/reuse note: All rights reserved government site; benchmark use only; Source format: Government curriculum body","agents/foundations-curriculum-gap-analysis-2026-09-11.md; agents/islamic-curricula-expansion-2026-09-11.csv"
"https://old.kazanriu.ru/Dokumenti/Annotacii/Annotacii%2045.03.02%20Lingvistika%20b%20FGOS%203%2B%2B.pdf","Аннотации дисциплин","Российский исламский институт","ar; ru","web","arabic; foundations; pedagogy; quran","terms-review-required","200","true","https://old.kazanriu.ru/Dokumenti/Annotacii/Annotacii%2045.03.02%20Lingvistika%20b%20FGOS%203%2B%2B.pdf","application/pdf","Fri, 04 Mar 2022 12:12:09 GMT","reachable","","Rights/reuse note: REFERENCE_ONLY_PERMISSION_REQUIRED; Source category: Құран оқу; тәжуид; қысқа сүрелер; Source format: официальный PDF силлабус; Есть learning outcomes и академическая рамка; документ относится к конкретной ОПОП и может быть устаревшим","agents/ru-kk-content-gap-analysis-2026-09-11.md; agents/ru-kk-source-expansion-2026-09-11.csv"
"https://orders.an-nasihah.com/product-category/islamic-curriculum","Islamic Curriculum","","unspecified","course","foundations","unknown-review-required","200","true","https://orders.an-nasihah.com/product-category/islamic-curriculum/","text/html; charset=UTF-8","","reachable","","","agents/muslingo-islamic-studies-curricula-research.md"
"https://planomasjid.org/","Comprehensive Islamic Studies Curriculum","IACC Sunday School","en","course","foundations","unknown-review-required","200","true","https://planomasjid.org/","text/html; charset=UTF-8","","reachable","","No open licence found; Rights/reuse note: No open licence found; Source format: Community school","agents/islamic-curricula-expansion-2026-09-11.csv"
"https://planomasjid.org/sundayschool/curriculum","Comprehensive Islamic Studies Curriculum","IACC Sunday School","en","course","foundations","unknown-review-required","200","true","https://planomasjid.org/sundayschool/curriculum/","text/html; charset=UTF-8","Tue, 28 Jul 2026 23:53:37 GMT","reachable","","No open licence found; Rights/reuse note: No open licence found; Source format: Community school","agents/islamic-curricula-expansion-2026-09-11.csv"
"https://play.google.com/store/apps/details?hl=en_US&id=com.quranly.app","Google Play listing","","unspecified","app","pedagogy","unknown-review-required","200","true","https://play.google.com/store/apps/details?hl=en_US&id=com.quranly.app","text/html; charset=utf-8","","reachable","","","agents/muslingo-competitive-pedagogy-2026-09-10.md"
"https://play.google.com/store/apps/details?hl=ru&id=huzur.app.ru","Онлайн-медресе для Android","ДУМ РТ","ar; ru","course","arabic; foundations; pedagogy; quran; tajwid","reference-or-link-only","200","true","https://play.google.com/store/apps/details?hl=ru&id=huzur.app.ru","text/html; charset=utf-8","","reachable","","Rights/reuse note: BENCHMARK_ONLY: приложение и assets proprietary; Source category: основы ислама; Коран; арабский; таджвид; сира; этика; Source format: Android приложение; Store listing подтверждает продукт, но не раскрывает lesson-level качество; privacy/data statements нужно перепроверять по версиям","agents/ru-kk-source-expansion-2026-09-11.csv"
"https://policy.qurancomplex.gov.sa/?Lan=en","Policies","King Fahd Complex","unspecified","web","quran; tajwid","terms-review-required","","false","https://policy.qurancomplex.gov.sa/?Lan=en","","","network-or-tls-error","fetch failed","Ownership; exception for content explicitly declared public use; Rights/reuse note: Do not infer blanket reuse","agents/muslingo_quran_tajwid_sources_2026-09-10.csv"
"https://qariah.app/","Qariah","","unspecified","audio","foundations; tajwid","terms-review-required","200","true","https://qariah.org/","text/html","","reachable","","Obtain permission for recitations and curriculum assets; Rights/reuse note: Obtain permission for recitations and curriculum assets; Source category: recitation","islamic-source-catalog-2026-09-10.csv; islamic-source-metadata-2026-09-10.json; islamic-source-seeds.json"
"https://qariah.app/Surah_Sajdah_Curriculum.pdf","Surah As-Sajdah curriculum","","unspecified","audio","quran","unknown-review-required","200","true","https://qariah.org/Surah_Sajdah_Curriculum.pdf","text/html","","reachable","","","muslingo-content-landscape-2026-09-10.md"
"https://qariah.org/","Qariah","","unspecified","audio","foundations; tajwid","terms-review-required","200","true","https://qariah.org/","text/html","","reachable","","Obtain permission for recitations and curriculum assets; Rights/reuse note: Obtain permission for recitations and curriculum assets; Source category: recitation","islamic-source-catalog-2026-09-10.csv; islamic-source-metadata-2026-09-10.json"
"https://qariah.org/terms","Terms of Use","","unspecified","audio","pedagogy","terms-review-required","200","true","https://qariah.org/terms","text/html","","reachable","","","agents/muslingo-competitive-pedagogy-2026-09-10.md"
"https://qc-dev.qurancomplex.gov.sa/quran-audios","King Fahd Complex audio library","King Fahd Glorious Quran Printing Complex","ar","video","arabic; quran; tajwid","terms-review-required","","false","https://qc-dev.qurancomplex.gov.sa/quran-audios","","","network-or-tls-error","fetch failed","Approved reciters, multiple riwayat and explicit institutional review of recordings; Rights/reuse note: Page explicitly permits listed digital recitations for general free use in apps, websites, radio and private/government works worldwide; retain source and file-specific terms; Source format: Government/official audio library","agents/video-audio-content-analysis-2026-09-11.md; agents/video-audio-source-expansion-2026-09-11.csv"
"https://qna.org.qa/en/news/news-details?date=24/06/2026&id=moehe-launches-digital-citizenship-curricula-for-students","Digital Citizenship Curricula for Grades 5 and 8","Qatar Ministry of Education and Higher Education","ar","course","arabic; foundations","terms-review-required","200","true","https://qna.org.qa/en/news/news-details?date=24/06/2026&id=moehe-launches-digital-citizenship-curricula-for-students","text/html; charset=utf-8","","reachable","","Government program; no open app-content reuse right stated; Rights/reuse note: Government program; no open app-content reuse right stated; Source format: Government school program","agents/foundations-curriculum-gap-analysis-2026-09-11.md; agents/islamic-curricula-expansion-2026-09-11.csv"
"https://qul.tarteel.ai/","Quranic Universal Library","Tarteel / QUL","unspecified","audio","arabic; quran; tajwid","terms-review-required","200","true","https://qul.tarteel.ai/","text/html; charset=utf-8","","reachable","","Rights/reuse note: Dataset-specific licenses; Scripts, translations, audio, Tajwid, morphology and metadata","agents/muslingo_quran_tajwid_sources_2026-09-10.csv"
"https://qul.tarteel.ai/docs","Documentation","Tarteel / QUL","unspecified","data","quran; tajwid","terms-review-required","200","true","https://qul.tarteel.ai/docs","text/html; charset=utf-8","","reachable","","Data model and resource guides; Rights/reuse note: Dataset-specific licenses","agents/muslingo_quran_tajwid_sources_2026-09-10.csv"
"https://qul.tarteel.ai/docs/datasets","Structural metadata/surah information/topics","Tarteel AI / upstream contributors","unspecified","data","quran","open-with-conditions","200","true","https://qul.tarteel.ai/docs/datasets","text/html; charset=utf-8","","reachable","","Per resource; Rights/reuse note: No blanket dataset license; CMS repository MIT covers code only; Source category: Quran metadata","agents/canonical-data-source-expansion-2026-09-11.csv"
"https://qul.tarteel.ai/docs/faq","Quran script datasets","Tarteel AI / upstream publishers","unspecified","data; video; web","arabic; foundations; quran; tajwid","open-with-conditions; terms-review-required","200","true","https://qul.tarteel.ai/docs/faq","text/html; charset=utf-8","","reachable","","Downloads, self-hosting and commercial license cautions; Per resource; Per resource only; Per resource; assume no until verified; Rights/reuse note: Core licensing caveat; Rights/reuse note: No blanket data license; resource-specific rights apply; Rights/reuse note: No blanket license; QUL software MIT does not relicense translations; Rights/reuse note: QUL CMS code is MIT; downloaded datasets keep resource-specific upstream licenses. QUL FAQ explicitly tells users to inspect each resource license; no catalogue-wide data license; Rights/reuse note: QUL lists six downloadable morphology resources; catalogue does not expose one blanket license; upstream licenses must be retained; Source category: Quran data hub; Source category: Quran translations; Source category: Quranic morphology; Source category: Tafsir","agents/canonical-data-source-expansion-2026-09-11.csv; agents/muslingo_quran_tajwid_sources_2026-09-10.csv; agents/video-audio-content-analysis-2026-09-11.md"
"https://qul.tarteel.ai/docs/tutorial-recitation-end-to-end","Recitation tutorial","Tarteel / QUL","ar","audio; video","arabic; quran; tajwid","open-with-conditions; terms-review-required","200","true","https://qul.tarteel.ai/docs/tutorial-recitation-end-to-end","text/html; charset=utf-8","","reachable","","Explicit end-to-end guide, self-hosting model and word/ayah timing resources; Gapped/gapless audio and word/ayah timing; no hotlinking; Rights/reuse note: Dataset-specific licenses; MIT repository code does not license every dataset; FAQ warns to verify commercial rights; Rights/reuse note: Self-host licensed data; Source format: Developer audio/data library","agents/muslingo_quran_tajwid_sources_2026-09-10.csv; agents/video-audio-content-analysis-2026-09-11.md; agents/video-audio-source-expansion-2026-09-11.csv"
"https://qul.tarteel.ai/faq","FAQ","","unspecified","web","pedagogy","unknown-review-required","200","true","https://qul.tarteel.ai/faq","text/html; charset=utf-8","","reachable","","","agents/muslingo-competitive-pedagogy-2026-09-10.md"
"https://qul.tarteel.ai/resources/morphology","Roots/lemmas/stems/POS exports","Tarteel AI / upstream datasets","unspecified","data","arabic; foundations; quran","terms-review-required","200","true","https://qul.tarteel.ai/resources/morphology","text/html; charset=utf-8","","reachable","","Per resource; Rights/reuse note: QUL lists six downloadable morphology resources; catalogue does not expose one blanket license; upstream licenses must be retained; Source category: Quranic morphology","agents/canonical-data-source-expansion-2026-09-11.csv"
"https://qul.tarteel.ai/resources/quran-script","Quran script datasets","Tarteel AI / upstream publishers","unspecified","data","quran","open-with-conditions","200","true","https://qul.tarteel.ai/resources/quran-script","text/html; charset=utf-8","","reachable","","Per resource only; Rights/reuse note: QUL CMS code is MIT; downloaded datasets keep resource-specific upstream licenses. QUL FAQ explicitly tells users to inspect each resource license; no catalogue-wide data license; Source category: Quran data hub","agents/canonical-data-source-expansion-2026-09-11.csv"
"https://qul.tarteel.ai/resources/tafsir","Tafsir datasets","Tarteel AI / named tafsir owners","unspecified","data","quran","terms-review-required","200","true","https://qul.tarteel.ai/resources/tafsir","text/html; charset=utf-8","","reachable","","Per resource; Rights/reuse note: No blanket data license; resource-specific rights apply; Source category: Tafsir","agents/canonical-data-source-expansion-2026-09-11.csv"
"https://qul.tarteel.ai/resources/translation","Translation datasets","Tarteel AI / named translators and publishers","unspecified","data","quran","open-with-conditions","200","true","https://qul.tarteel.ai/resources/translation","text/html; charset=utf-8","","reachable","","Per resource; assume no until verified; Rights/reuse note: No blanket license; QUL software MIT does not relicense translations; Source category: Quran translations","agents/canonical-data-source-expansion-2026-09-11.csv"
"https://quran-api.lpmqkemenag.id/","API access","Lajnah Pentashihan Mushaf Al-Quran, Ministry of Religious Affairs Indonesia","unspecified","data","quran","open-with-conditions","200","true","https://quran-api.lpmqkemenag.id/","text/html","Mon, 19 May 2025 02:08:41 GMT","reachable","","Only with approved terms; Rights/reuse note: Access requires registration, formal request letter to LPMQ, activation and token; no blanket open license is presented; Source category: Quran text/translation/tafsir","agents/canonical-data-integration-analysis-2026-09-11.md; agents/canonical-data-source-expansion-2026-09-11.csv"
"https://quran.com/","Quran.com","","unspecified","data; web","foundations; quran","terms-review-required","200","true","https://quran.com/","text/html; charset=utf-8","","reachable","","Rights/reuse note: Use Quran Foundation APIs and applicable content licenses; Source category: quran-reader; Use Quran Foundation APIs and applicable content licenses","islamic-source-catalog-2026-09-10.csv; islamic-source-metadata-2026-09-10.json; islamic-source-seeds.json"
"https://quran.com/about-us?locale=en","About Us","Quran Foundation","ar","video; web","arabic; pedagogy; quran; tajwid","terms-review-required","200","true","https://quran.com/about-us?locale=en","text/html; charset=utf-8","","reachable","","Named nonprofit governance, world-renowned reciters, word-level audio and developer program; Nonprofit/waqf governance and product scope; Rights/reuse note: Developer terms govern API use, caching, attribution and commercial limitations; underlying recording rights vary; Rights/reuse note: Reference/attribution; Source format: Nonprofit recitation platform and API ecosystem","agents/muslingo-competitive-pedagogy-2026-09-10.md; agents/muslingo_quran_tajwid_sources_2026-09-10.csv; agents/video-audio-content-analysis-2026-09-11.md; agents/video-audio-source-expansion-2026-09-11.csv"
"https://quran.com/developers","Developers","","unspecified","web","pedagogy","unknown-review-required","200","true","https://quran.com/developers","text/html; charset=utf-8","","reachable","","","agents/muslingo-competitive-pedagogy-2026-09-10.md"
"https://quran.com/en/product-updates/new-study-mode-on-quran-com","New Study Mode on Quran.com","","unspecified","web","pedagogy; quran","unknown-review-required","200","true","https://quran.com/en/product-updates/new-study-mode-on-quran-com","text/html; charset=utf-8","","reachable","","","agents/muslingo-competitive-pedagogy-2026-09-10.md"
"https://quran.com/en/product-updates/updated-word-by-word-recitation-feature","Updated word-by-word recitation","","unspecified","audio","pedagogy; tajwid","unknown-review-required","200","true","https://quran.com/en/product-updates/updated-word-by-word-recitation-feature","text/html; charset=utf-8","","reachable","","","agents/muslingo-competitive-pedagogy-2026-09-10.md"
"https://quran.com/fa/about-the-quran","About the Quran experience","","unspecified","web","pedagogy; quran","unknown-review-required","200","true","https://quran.com/fa/about-the-quran","text/html; charset=utf-8","","reachable","","","agents/muslingo-competitive-pedagogy-2026-09-10.md"
"https://quran.com/learning-plans","","Quran.Foundation / Quran.com","ar; en","video","arabic; pedagogy; quran","terms-review-required","200","true","https://quran.com/learning-plans","text/html; charset=utf-8","","reachable","","Rights/reuse note: Quran.com developer/content terms apply; plan text is not automatically reusable; Short guided plans connected to trusted Quran text/audio and user progress; Source format: Structured digital learning collection","agents/video-audio-source-expansion-2026-09-11.csv"
"https://quran.mara.gov.om/","Electronic Quran teaching program","Oman Ministry of Endowments and Religious Affairs","ar","video","arabic; quran","terms-review-required","200","true","https://quran.mara.gov.om/","text/html; charset=UTF-8","","reachable","","Government operation, live lessons, motivational methodology and completion certificates; Rights/reuse note: No open reuse license found; government-site content not assumed reusable; Source format: Government live Quran platform","agents/video-audio-content-analysis-2026-09-11.md; agents/video-audio-source-expansion-2026-09-11.csv"
"https://quran.zayenha.com/?lang=en","","Zayenha Hub","ar; en","video","arabic; hifz; pedagogy; quran","terms-review-required","200","true","https://quran.zayenha.com/?lang=en","text/html;charset=UTF-8","","reachable","","Claims 1,076 verified cards, 42 tools, all 114 surahs and nine categories; path selection and hifz tools; Rights/reuse note: No clear open content license located; verification claims require source-level sampling; Source format: Interactive Quran learning platform","agents/video-audio-source-expansion-2026-09-11.csv"
"https://quranacademy.io/","Quran Academy","","unspecified","course","foundations; hifz; quran","terms-review-required","200","true","https://quranacademy.io/","text/html; charset=UTF-8","","reachable","","Rights/reuse note: Verify current terms before any integration; Source category: memorization; Verify current terms before any integration","islamic-source-catalog-2026-09-10.csv; islamic-source-metadata-2026-09-10.json; islamic-source-seeds.json"
"https://qurancentral.com/","","Quran Central / Muslim Central","ar","video","arabic; hifz; quran","terms-review-required","200","true","https://qurancentral.com/","text/html","","reachable","","600+ reciters claimed, ad-free playback, murattal/mujawwad and memorization features; Rights/reuse note: No blanket recording reuse license found; reciter rights may vary; Source format: Public audio platform","agents/video-audio-source-expansion-2026-09-11.csv"
"https://qurancomplex.gov.sa/category/moratal/hafs","Hafs recitation downloads","King Fahd Complex","unspecified","audio; web","foundations; quran; tajwid","terms-review-required","","false","https://qurancomplex.gov.sa/category/moratal/hafs","","","network-or-tls-error","fetch failed","Approved reciters and downloads; Rights/reuse note: Archive recording-level rights page; Rights/reuse note: Verify the grant for each exact recording and retain source and reciter attribution; Source category: quran-audio; Verify the grant for each exact recording and retain source and reciter attribution","agents/muslingo_quran_tajwid_sources_2026-09-10.csv; islamic-source-catalog-2026-09-10.csv; islamic-source-metadata-2026-09-10.json; islamic-source-seeds.json; muslingo-content-landscape-2026-09-10.md"
"https://qurancomplex.gov.sa/en/category/translations","Official translations catalogue","King Fahd Glorious Quran Printing Complex","unspecified","audio","quran","open-with-conditions","","false","https://qurancomplex.gov.sa/en/category/translations","","","network-or-tls-error","fetch failed","Permission/edition review required; Rights/reuse note: Official downloads are offered but no blanket open license covering every translation/audio edition was found; edition-specific rights must be checked; Source category: Quran translations","agents/canonical-data-source-expansion-2026-09-11.csv"
"https://qurancomplex.gov.sa/en/kfgqpc/kfq-structure","organizational page","","unspecified","video","uncategorized","unknown-review-required","","false","https://qurancomplex.gov.sa/en/kfgqpc/kfq-structure","","","network-or-tls-error","fetch failed","","agents/video-audio-content-analysis-2026-09-11.md"
"https://qurancomplex.gov.sa/en/kfgqpc/vision","Vision and mandate","King Fahd Complex","unspecified","web","quran; tajwid","reference-or-link-only","","false","https://qurancomplex.gov.sa/en/kfgqpc/vision","","","network-or-tls-error","fetch failed","Rights/reuse note: Reference only; Safeguarding Quran text and translations","agents/muslingo_quran_tajwid_sources_2026-09-10.csv"
"https://qurancomplex.gov.sa/en/techquran/dev","platform","King Fahd Glorious Quran Printing Complex","unspecified","web","foundations; quran; tajwid","open-with-conditions; terms-review-required","","false","https://qurancomplex.gov.sa/en/techquran/dev","","","network-or-tls-error","fetch failed","Conditional; commercial terms not explicit; Conditional; intended app use is stated but monetized redistribution is not expressly licensed; Conditional; monetized reuse not explicit; Developer Quran text formats, metadata, riwayat and Tajwid reference materials; Not established; use as editorial reference unless licensed; Rights/reuse note: File-specific public-use status must be retained; Rights/reuse note: Official downloadable publication; no open-license or adaptation permission found; Rights/reuse note: Official page authorizes use in apps and research but publishes no named open license or derivative-use grant; Rights/reuse note: Official page explicitly offers files for desktop, mobile, browser, educational and publishing use; no standalone open-license text was found and printing is subject to the site's privacy policy; Rights/reuse note: Official page says approved content is provided to developers/researchers/publishers for application and research use; no explicit open license or AI clause found; Source category: Quran text; Source category: Quranic lexicon; Source category: Tafsir; Source category: Tajwid reference","agents/canonical-data-integration-analysis-2026-09-11.md; agents/canonical-data-source-expansion-2026-09-11.csv; agents/muslingo_quran_tajwid_sources_2026-09-10.csv"
"https://quranenc.com/en/home","Translation repository","QuranEnc","unspecified","web","foundations; quran; tajwid","terms-review-required","200","true","https://quranenc.com/en/home","text/html; charset=UTF-8","","reachable","","80+ languages; versioned translations; downloadable formats; Edition-specific conditions; preserve attribution, version and text integrity; Rights/reuse note: Edition terms apply; Rights/reuse note: Edition-specific conditions; preserve attribution, version and text integrity; Source category: quran-translation","agents/muslingo_quran_tajwid_sources_2026-09-10.csv; islamic-source-catalog-2026-09-10.csv; islamic-source-metadata-2026-09-10.json; islamic-source-seeds.json; muslingo-content-landscape-2026-09-10.md"
"https://quranenc.com/en/home/api","QuranEnc API and terms","QuranEnc / IslamHouse ecosystem","unspecified","audio; data","foundations; quran; tajwid","terms-review-required","200","true","https://quranenc.com/en/home/api","text/html; charset=UTF-8","","reachable","","Commercial status not explicitly stated; obtain confirmation for paid/freemium app; Endpoints; no modification; attribution/version/update duties; Rights/reuse note: Core legal evidence; Rights/reuse note: Republishing allowed only unmodified; identify publisher and QuranEnc; include version/transcript metadata; report notes; update to latest version; no inappropriate advertising; Rights/reuse note: Same published translation terms; audio recording rights are not separately detailed; Source category: Quran translation audio; Source category: Quran translations; Unclear; recording rights need written confirmation","agents/canonical-data-integration-analysis-2026-09-11.md; agents/canonical-data-source-expansion-2026-09-11.csv; agents/muslingo_quran_tajwid_sources_2026-09-10.csv"
"https://quranflow.org/","Program page","Quran Flow","ar; en","course; video; web","arabic; foundations; pedagogy; quran; tajwid","reference-or-link-only; restricted-or-permission-required; terms-review-required","403","false","https://quranflow.org/","text/html","","access-controlled-or-bot-protected","","Commercial curriculum; partnership or license required; Placement, coaching, circles and published level progression; Placement, four skill levels, coaching, circles and pricing; Rights/reuse note: Commercial benchmark; Rights/reuse note: Commercial curriculum; partnership or license required; Rights/reuse note: Policy grants limited personal use and prohibits derivatives/redistribution; Source category: tajwid; Source format: Coached audiovisual learning platform","agents/muslingo_quran_tajwid_sources_2026-09-10.csv; agents/video-audio-source-expansion-2026-09-11.csv; islamic-source-catalog-2026-09-10.csv; islamic-source-metadata-2026-09-10.json"
"https://quranflow.org/privacy-policies","Privacy/content-use terms","Quran Flow","unspecified","web","quran; tajwid","terms-review-required","403","false","https://quranflow.org/privacy-policies","text/html","","access-controlled-or-bot-protected","","Limited personal-use license; no derivatives or redistribution; Rights/reuse note: Core legal evidence","agents/muslingo_quran_tajwid_sources_2026-09-10.csv"
"https://quranicaudio.com/about","about","QuranicAudio.com / multiple recording publishers","unspecified","audio","quran; tajwid","restricted-or-permission-required","200","true","https://quranicaudio.com/about","text/html","","reachable","","No; Rights/reuse note: Personal use free; commercial use prohibited; files come from varied CDs/sites and publisher rules; Source category: Recitation audio","agents/canonical-data-integration-analysis-2026-09-11.md; agents/canonical-data-source-expansion-2026-09-11.csv"
"https://quranrevolution.com/","Quran Revolution","","unspecified","course; web","foundations; quran; tajwid","terms-review-required","403","false","https://quranflow.org/","text/html","","access-controlled-or-bot-protected","","Commercial curriculum; partnership or license required; Rights/reuse note: Commercial curriculum; partnership or license required; Source category: tajwid","islamic-source-catalog-2026-09-10.csv; islamic-source-metadata-2026-09-10.json; islamic-source-seeds.json"
"https://rabata.org/wp-content/uploads/2022/01/Student-Handbook-2022.pdf","Student Handbook","Ribaat Academic Institute","ar; en","course","arabic; foundations; quran","unknown-review-required","200","true","https://rabata.org/wp-content/uploads/2022/01/Student-Handbook-2022.pdf","application/pdf","Tue, 18 Jan 2022 01:54:14 GMT","reachable","","Materials are intellectual property and cannot be repurposed without written consent; Rights/reuse note: Materials are intellectual property and cannot be repurposed without written consent; Source format: Academic institute","agents/foundations-curriculum-gap-analysis-2026-09-11.md; agents/islamic-curricula-expansion-2026-09-11.csv"
"https://revealed.bayyinahtv.com/","Revealed","Bayyinah","ar","course; video; web","arabic; pedagogy; quran","terms-review-required","200","true","https://revealed.bayyinahtv.com/","text/html","Fri, 01 May 2026 09:55:18 GMT","reachable","","Free beginner playlist; full library USD 11/month or USD 112/year; named-country regional price USD 4.50/month or USD 45/year; Rights/reuse note: https://bayyinah.com/terms-and-conditions/; Source category: Quranic Arabic; Source format: Web app and video","agents/muslingo-competitive-pedagogy-2026-09-10.md; agents/muslingo_course_source_table_2026-09-10.csv; agents/muslingo_quranic_arabic_course_research_2026-09-10.md"
"https://riwaqalquran.com/all-instructors","instructors","","unspecified","video","uncategorized","unknown-review-required","403","false","https://riwaqalquran.com/all-instructors/","text/html; charset=UTF-8","","access-controlled-or-bot-protected","","","agents/video-audio-content-analysis-2026-09-11.md"
"https://riwaqalquran.com/courses/recitation-with-tajweed","Riwaq Al Quran","Riwaq Al Quran","ar; en; ru","video","arabic; quran; tajwid","terms-review-required","403","false","https://riwaqalquran.com/courses/recitation-with-tajweed/","text/html; charset=UTF-8","","access-controlled-or-bot-protected","","Rights/reuse note: No open reuse license found; treat curriculum and recordings as proprietary; Source format: Live teacher audiovisual course; Ten published levels, talaqqi model, named teachers and explicit mastery-before-advance principle","agents/video-audio-content-analysis-2026-09-11.md; agents/video-audio-source-expansion-2026-09-11.csv"
"https://s3.us-east-1.amazonaws.com/unode1/assets%2Fassets%2F43421%2Fprospectus-amaujr.1691160495.pdf","AMAU Junior Prospectus","","unspecified","web","foundations","unknown-review-required","200","true","https://s3.us-east-1.amazonaws.com/unode1/assets%2Fassets%2F43421%2Fprospectus-amaujr.1691160495.pdf","application/pdf","Fri, 04 Aug 2023 14:48:17 GMT","reachable","","","agents/muslingo-islamic-studies-curricula-research.md"
"https://sadr.app/privacy","Privacy","","unspecified","web","pedagogy","reference-or-link-only","200","true","https://sadr.app/privacy","text/html; charset=UTF-8","","reachable","","","agents/product-benchmark-gap-analysis-2026-09-11.md"
"https://sadr.app/terms","Terms","","unspecified","web","pedagogy","reference-or-link-only","200","true","https://sadr.app/terms","text/html; charset=UTF-8","","reachable","","","agents/product-benchmark-gap-analysis-2026-09-11.md"
"https://safarpublications.org/help-center/islamic-studies/primary-islamic-studies-syllabus/can-i-print-or-reproduce-safar-publications-books-or-content","Learn about Islam Primary","Safar Publications","en","course; web","foundations; pedagogy","restricted-or-permission-required; terms-review-required","403","false","https://safarpublications.org/help-center/islamic-studies/primary-islamic-studies-syllabus/can-i-print-or-reproduce-safar-publications-books-or-content","text/html; charset=UTF-8","","access-controlled-or-bot-protected","","Copyrighted; reproduction or adaptation requires prior written permission; Copyrighted; written adaptation permission required; Rights/reuse note: Copyrighted; reproduction or adaptation requires prior written permission; Rights/reuse note: Copyrighted; written adaptation permission required; Source format: Publisher and academy","agents/islamic-curricula-expansion-2026-09-11.csv; agents/muslingo-islamic-studies-curricula-research.md"
"https://safarpublications.org/help-center/islamic-studies/primary-islamic-studies-syllabus/what-should-i-teach-after-textbook-6","secondary implementation","Safar Publications","en","course","foundations","restricted-or-permission-required","403","false","https://safarpublications.org/help-center/islamic-studies/primary-islamic-studies-syllabus/what-should-i-teach-after-textbook-6","text/html; charset=UTF-8","","access-controlled-or-bot-protected","","Copyrighted; written adaptation permission required; Rights/reuse note: Copyrighted; written adaptation permission required; Source format: Publisher and academy","agents/foundations-curriculum-gap-analysis-2026-09-11.md; agents/islamic-curricula-expansion-2026-09-11.csv"
"https://safarpublications.org/islamic-studies-primary","primary series","","unspecified","web","foundations; pedagogy","reference-or-link-only","403","false","https://safarpublications.org/islamic-studies-primary","text/html; charset=UTF-8","","access-controlled-or-bot-protected","","","agents/muslingo-islamic-studies-curricula-research.md; agents/product-benchmark-gap-analysis-2026-09-11.md"
"https://safarpublications.org/product/islamic-studies-textbook-1-learn-about-islam-series","Islamic Studies: Textbook 1","","unspecified","web","foundations","unknown-review-required","403","false","https://safarpublications.org/product/islamic-studies-textbook-1-learn-about-islam-series","text/html; charset=UTF-8","","access-controlled-or-bot-protected","","","agents/muslingo-islamic-studies-curricula-research.md"
"https://safarpublications.org/product/islamic-studies-workbook-3-learn-about-islam-series","Islamic Studies: Workbook 3","","unspecified","web","foundations","unknown-review-required","403","false","https://safarpublications.org/product/islamic-studies-workbook-3-learn-about-islam-series","text/html; charset=UTF-8","","access-controlled-or-bot-protected","","","agents/muslingo-islamic-studies-curricula-research.md"
"https://safarpublications.org/terms-conditions","Journey2Jannah","Safar Publications","en","web","foundations; pedagogy","restricted-or-permission-required","403","false","https://safarpublications.org/terms-conditions","text/html; charset=UTF-8","","access-controlled-or-bot-protected","","Commercial platform; no open reuse right; permission required; Rights/reuse note: Commercial platform; no open reuse right; permission required; Source format: Digital learning platform","agents/islamic-curricula-expansion-2026-09-11.csv"
"https://sajda.com/","Sajda","","unspecified","web","foundations; pedagogy","unknown-review-required","200","true","https://sajda.com/en","text/html; charset=utf-8","","reachable","","Reference product behavior only; Rights/reuse note: Reference product behavior only; Source category: competitor","islamic-source-catalog-2026-09-10.csv; islamic-source-metadata-2026-09-10.json; islamic-source-seeds.json"
"https://sajda.com/en","Product home and Academy","","unspecified","course; web","foundations; pedagogy","unknown-review-required","200","true","https://sajda.com/en","text/html; charset=utf-8","","reachable","","Reference product behavior only; Rights/reuse note: Reference product behavior only; Source category: competitor","agents/muslingo-competitive-pedagogy-2026-09-10.md; islamic-source-catalog-2026-09-10.csv; islamic-source-metadata-2026-09-10.json"
"https://sajda.com/en/academy/prayer/shafi-men-english/dhuhr-prayer-fard","Dhuhr prayer course lesson","","unspecified","course","pedagogy","unknown-review-required","200","true","https://sajda.com/en/academy/prayer/shafi-men-english/dhuhr-prayer-fard","text/html; charset=utf-8","","reachable","","","agents/muslingo-competitive-pedagogy-2026-09-10.md"
"https://sajda.com/en/academy/ramadan/foundations/perseverance","Perseverance course lesson","","unspecified","course","pedagogy","unknown-review-required","200","true","https://sajda.com/en/academy/ramadan/foundations/perseverance","text/html; charset=utf-8","","reachable","","","agents/muslingo-competitive-pedagogy-2026-09-10.md"
"https://seekersguidance.org/","program overview","","ar","course","arabic; quran","unknown-review-required","200","true","https://seekersguidance.org/","text/html; charset=UTF-8","Thu, 10 Sep 2026 19:34:29 GMT","reachable","","","agents/muslingo_quranic_arabic_course_research_2026-09-10.md"
"https://seekersguidance.org/answers/general-counsel/what-is-the-belief-and-approach-of-seekersguidance-and-its-online-islamic-courses","belief and approach","","unspecified","course","foundations","unknown-review-required","200","true","https://seekersguidance.org/uncategorized/what-is-the-belief-and-approach-of-seekersguidance-and-its-online-islamic-courses/","text/html; charset=UTF-8","Fri, 17 Jun 2022 00:45:07 GMT","reachable","","","agents/foundations-curriculum-gap-analysis-2026-09-11.md; agents/muslingo-islamic-studies-curricula-research.md"
"https://seekersguidance.org/articles/teaching/seekershub-steps-curriculum","SeekersGuidance Curriculum","","unspecified","course","foundations","terms-review-required","200","true","https://seekersguidance.org/uncategorized/seekershub-steps-curriculum/","text/html; charset=UTF-8","Sat, 23 Jan 2021 09:52:33 GMT","reachable","","Reference structure; seek permission for course content; Rights/reuse note: Reference structure; seek permission for course content; Source category: islamic-studies","islamic-source-catalog-2026-09-10.csv; islamic-source-metadata-2026-09-10.json; islamic-source-seeds.json"
"https://seerah.page/","Citation-rich 61-event timeline","Independent seerah.page project","unspecified","data","foundations","restricted-or-permission-required","200","true","https://seerah.page/","text/html","","reachable","","No reuse grant; Rights/reuse note: Site exposes 396 citations and disagreement markers but no explicit reuse/API/commercial license was found; Source category: Seerah chronology","agents/canonical-data-source-expansion-2026-09-11.csv"
"https://sifah.org/","Weekend Islamic School Curriculum","SIFAH","en","course","foundations","unknown-review-required","200","true","https://sifah.org/","text/html; charset=UTF-8","","reachable","","Copyrighted; no open licence found; Rights/reuse note: Copyrighted; no open licence found; Source format: School and publisher","agents/islamic-curricula-expansion-2026-09-11.csv"
"https://sifah.org/year-high-school","Weekend Islamic School Curriculum","SIFAH","en","course","foundations","unknown-review-required","200","true","https://sifah.org/year-high-school","text/html; charset=UTF-8","","reachable","","Copyrighted; no open licence found; Rights/reuse note: Copyrighted; no open licence found; Source format: School and publisher","agents/islamic-curricula-expansion-2026-09-11.csv"
"https://sina.birzeit.edu/qabas","Arabic lexicographic database","SinaLab, Birzeit University","ar","data","arabic","terms-review-required","200","true","https://sina.birzeit.edu/qabas","text/html; charset=utf-8","","reachable","","Rights/reuse note: Described in peer-reviewed publication as open source; exact dataset license was not reliably surfaced on the official page during verification; Source category: Arabic lexicon; Unconfirmed until license file obtained","agents/canonical-data-source-expansion-2026-09-11.csv"
"https://sina.birzeit.edu/quran","Lemmatization and POS-tagged Quran corpus","SinaLab, Birzeit University","unspecified","data","arabic; foundations; pedagogy; quran","open-with-conditions","200","true","https://sina.birzeit.edu/quran/","text/html; charset=UTF-8","Sun, 21 Jun 2026 19:30:47 GMT","reachable","","Potentially yes but exact official license must be obtained; Rights/reuse note: Official page calls it downloadable/open-source in the paper but the landing page does not display the exact license text; a third-party preserved copy reports CC BY 4.0, which is not sufficient production proof; Source category: Quranic morphology","agents/canonical-data-source-expansion-2026-09-11.csv"
"https://store.alifbee.com/ar/products/alifbee-premium","AlifBee Premium","","unspecified","web","pedagogy","unknown-review-required","200","true","https://store.alifbee.com/products/alifbee-premium","text/html; charset=utf-8","","reachable","","","agents/muslingo-competitive-pedagogy-2026-09-10.md"
"https://store.alifbee.com/products/alifbee-premium","Arabic From A to Z and Quranic curriculum","AlifBee","ar","course","arabic; pedagogy; quran","reference-or-link-only; terms-review-required","200","true","https://store.alifbee.com/products/alifbee-premium","text/html; charset=utf-8","","reachable","","About 20% free; store options start at AED 19 for one week; longer prices vary; Rights/reuse note: https://www.alifbee.com/en/terms-conditions; Source category: MSA app; Source format: Web iOS and Android","agents/muslingo_course_source_table_2026-09-10.csv; agents/muslingo_quranic_arabic_course_research_2026-09-10.md; agents/product-benchmark-gap-analysis-2026-09-11.md"
"https://store.arabic101.org/85landing","Free courses and guided/live academy","Arabic101","ar","course; video","arabic; quran","unknown-review-required","200","true","https://store.arabic101.org/85landing/","text/html; charset=UTF-8","","reachable","","Free to view; Rights/reuse note: https://store.arabic101.org/85landing/; Self-study free; guided USD 40-60/month; live from USD 9/hour; ebook EUR 0-7.99; Source category: Official playlist; Source category: Quranic Arabic; Source format: Website app books video and live classes; Source format: YouTube playlist","agents/muslingo_course_source_table_2026-09-10.csv; agents/muslingo_quranic_arabic_course_research_2026-09-10.md"
"https://studentportal.awqaf.gov.ae/","Student portal","UAE Awqaf","unspecified","web","quran; tajwid","unknown-review-required","200","true","https://studentportal.awqaf.gov.ae/","text/html; charset=utf-8","","reachable","","Enrollment/delivery access; Rights/reuse note: Service use only","agents/muslingo_quran_tajwid_sources_2026-09-10.csv"
"https://studioarabiya.com/lp/tajweed-courses","Studio Arabiya","Studio Arabiya","ar; en","video","arabic; tajwid","restricted-or-permission-required","403","false","https://studioarabiya.com/lp/tajweed-courses","text/html","","access-controlled-or-bot-protected","","Placement, live correction, games, practice center and structured lesson plans; Rights/reuse note: All rights reserved; no open reuse; Source format: Live teacher audiovisual platform","agents/video-audio-content-analysis-2026-09-11.md; agents/video-audio-source-expansion-2026-09-11.csv"
"https://sunnah.com/about","about","Sunnah.com","unspecified","data; web","foundations; pedagogy","restricted-or-permission-required","403","false","https://sunnah.com/about","text/html; charset=UTF-8","","access-controlled-or-bot-protected","","No mass commercial reproduction right; Rights/reuse note: Scraping and mass reproduction of books/collections prohibited; individual selections allowed for teaching; use API for snapshots; Source category: Hadith database","agents/canonical-data-integration-analysis-2026-09-11.md; agents/canonical-data-source-expansion-2026-09-11.csv"
"https://sunnah.com/developers","developers","Sunnah.com","unspecified","data; web","foundations; pedagogy","restricted-or-permission-required","403","false","https://sunnah.com/developers","text/html; charset=UTF-8","","access-controlled-or-bot-protected","","Permission required for production scope; Rights/reuse note: API key required; API page grants access but publishes no broad redistribution/commercial/ML license; offline dump may be requested but is not yet available; Source category: Hadith API","agents/canonical-data-integration-analysis-2026-09-11.md; agents/canonical-data-source-expansion-2026-09-11.csv"
"https://support.google.com/youtube/answer/2797468?hl=en","official license guidance","","unspecified","video","uncategorized","terms-review-required","200","true","https://support.google.com/youtube/answer/2797468?hl=en","text/html; charset=UTF-8","","reachable","","","agents/video-audio-content-analysis-2026-09-11.md"
"https://support.tarteel.ai/en/articles/12041685-multi-language-support","Multi-language support","","unspecified","web","pedagogy","unknown-review-required","200","true","https://support.tarteel.ai/en/articles/12041685-multi-language-support","text/html; charset=utf-8","","reachable","","","agents/muslingo-competitive-pedagogy-2026-09-10.md"
"https://support.tarteel.ai/en/articles/12160141-what-do-the-different-text-colours-mean","Text colour meanings","","unspecified","web","pedagogy","unknown-review-required","200","true","https://support.tarteel.ai/en/articles/12160141-what-do-the-different-text-colours-mean","text/html; charset=utf-8","","reachable","","","agents/muslingo-competitive-pedagogy-2026-09-10.md"
"https://support.tarteel.ai/en/articles/12267535-can-i-use-tarteel-for-free","Free vs premium","Tarteel AI","unspecified","web","pedagogy; quran; tajwid","reference-or-link-only","200","true","https://support.tarteel.ai/en/articles/12267535-can-i-use-tarteel-for-free","text/html; charset=utf-8","","reachable","","Feature/access split; Rights/reuse note: Benchmark only","agents/muslingo_quran_tajwid_sources_2026-09-10.csv; agents/product-benchmark-gap-analysis-2026-09-11.md"
"https://support.tarteel.ai/en/articles/12414407-memorization-tracker","Memorization Tracker","","unspecified","web","hifz; pedagogy","unknown-review-required","200","true","https://support.tarteel.ai/en/articles/12414407-memorization-tracker","text/html; charset=utf-8","","reachable","","","agents/muslingo-competitive-pedagogy-2026-09-10.md"
"https://support.tarteel.ai/en/articles/12414420-how-to-turn-on-tashkeel-recognition","Tashkeel recognition","","unspecified","web","pedagogy","unknown-review-required","200","true","https://support.tarteel.ai/en/articles/12414420-how-to-turn-on-tashkeel-recognition","text/html; charset=utf-8","","reachable","","","agents/muslingo-competitive-pedagogy-2026-09-10.md"
"https://support.tarteel.ai/en/articles/12414457-tarteel-is-not-recognising-my-tajweed-mistakes","Tarteel is not recognising my Tajweed mistakes","","unspecified","web","pedagogy; tajwid","unknown-review-required","200","true","https://support.tarteel.ai/en/articles/12414457-tarteel-is-not-recognising-my-tajweed-mistakes","text/html; charset=utf-8","","reachable","","","agents/muslingo-competitive-pedagogy-2026-09-10.md"
"https://support.tarteel.ai/en/articles/12414460-what-features-do-i-unlock-with-tarteel-premium","What features do I unlock with Tarteel Premium?","","unspecified","web","pedagogy","unknown-review-required","200","true","https://support.tarteel.ai/en/articles/12414460-what-features-do-i-unlock-with-tarteel-premium","text/html; charset=utf-8","","reachable","","","agents/muslingo-competitive-pedagogy-2026-09-10.md"
"https://support.tarteel.ai/en/articles/12414464-do-you-have-an-api-i-can-use","API availability","Tarteel AI","unspecified","data","quran; tajwid","unknown-review-required","200","true","https://support.tarteel.ai/en/articles/12414464-do-you-have-an-api-i-can-use","text/html; charset=utf-8","","reachable","","No public Tarteel API; directs to QUL; Rights/reuse note: Do not integrate private service","agents/muslingo_quran_tajwid_sources_2026-09-10.csv"
"https://support.tarteel.ai/en/articles/12782033-how-do-i-use-the-goals-feature","How do I use the Goals feature?","","unspecified","web","pedagogy","unknown-review-required","200","true","https://support.tarteel.ai/en/articles/12782033-how-do-i-use-the-goals-feature","text/html; charset=utf-8","","reachable","","","agents/muslingo-competitive-pedagogy-2026-09-10.md"
"https://support.tarteel.ai/en/articles/14423894-how-to-listen-to-your-recitation-recordings-and-mistakes","Listen to recordings and mistakes","","unspecified","audio","pedagogy","unknown-review-required","200","true","https://support.tarteel.ai/en/articles/14423894-how-to-listen-to-your-recitation-recordings-and-mistakes","text/html; charset=utf-8","","reachable","","","agents/muslingo-competitive-pedagogy-2026-09-10.md"
"https://support.tarteel.ai/en/articles/14936922-understanding-tajweed-colors-in-the-tarteel-mushaf","Tajweed colors","","unspecified","web","pedagogy; tajwid","unknown-review-required","200","true","https://support.tarteel.ai/en/articles/14936922-understanding-tajweed-colors-in-the-tarteel-mushaf","text/html; charset=utf-8","","reachable","","","agents/muslingo-competitive-pedagogy-2026-09-10.md"
"https://support.tarteel.ai/en/articles/16557351-testing-faqs","Testing FAQs","","unspecified","web","pedagogy","unknown-review-required","200","true","https://support.tarteel.ai/en/articles/16557351-testing-faqs","text/html; charset=utf-8","","reachable","","","agents/muslingo-competitive-pedagogy-2026-09-10.md"
"https://support.tarteel.ai/en/articles/16557456-getting-started-with-testing","Getting Started with Testing","Tarteel AI","unspecified","web","pedagogy; quran; tajwid","reference-or-link-only","200","true","https://support.tarteel.ai/en/articles/16557456-getting-started-with-testing","text/html; charset=utf-8","","reachable","","Flashcard-style testing parameters; Rights/reuse note: Benchmark only","agents/muslingo-competitive-pedagogy-2026-09-10.md; agents/muslingo_quran_tajwid_sources_2026-09-10.csv"
"https://support.tarteel.ai/en/articles/16558156-what-are-the-suggested-for-you-tests","What are the Suggested for You Tests?","","unspecified","web","pedagogy","unknown-review-required","200","true","https://support.tarteel.ai/en/articles/16558156-what-are-the-suggested-for-you-tests","text/html; charset=utf-8","","reachable","","","agents/muslingo-competitive-pedagogy-2026-09-10.md"
"https://support.tarteel.ai/en/collections/15105266-tarteel-features","Tarteel Features","","unspecified","web","foundations; hifz; pedagogy","reference-or-link-only","200","true","https://support.tarteel.ai/en/collections/15105266-tarteel-features","text/html; charset=utf-8","","reachable","","Reference product behavior only; Rights/reuse note: Reference product behavior only; Source category: memorization","agents/product-benchmark-gap-analysis-2026-09-11.md; islamic-source-catalog-2026-09-10.csv; islamic-source-metadata-2026-09-10.json; islamic-source-seeds.json; muslingo-content-landscape-2026-09-10.md"
"https://support.zad-academy.com/en/275805-Exams","assessment model","","unspecified","course","pedagogy","reference-or-link-only","200","true","https://support.zad-academy.com/en/275805-Exams","text/html; charset=UTF-8","","reachable","","","agents/foundations-curriculum-gap-analysis-2026-09-11.md; agents/product-benchmark-gap-analysis-2026-09-11.md"
"https://tajweedmate.com/","Product","","unspecified","web","pedagogy","reference-or-link-only","200","true","https://tajweedmate.com/","text/html","Sun, 23 Aug 2026 16:20:16 GMT","reachable","","","agents/product-benchmark-gap-analysis-2026-09-11.md"
"https://tajweedmate.com/privacy.html","Privacy","","unspecified","web","pedagogy","reference-or-link-only","200","true","https://tajweedmate.com/privacy.html","text/html","Sun, 26 Jul 2026 16:48:12 GMT","reachable","","","agents/product-benchmark-gap-analysis-2026-09-11.md"
"https://tajwid.learn-quran.co/","Curriculum","","unspecified","course","pedagogy","reference-or-link-only","200","true","https://tajwid.learn-quran.co/","text/html","Tue, 11 Aug 2026 09:03:14 GMT","reachable","","","agents/product-benchmark-gap-analysis-2026-09-11.md"
"https://tanzil.net/docs/download","Uthmani and Imlaei text","Tanzil Project","unspecified","web","quran; tajwid","restricted-or-permission-required; terms-review-required","200","true","https://tanzil.net/docs/download","text/html; charset=utf-8","","reachable","","Rights/reuse note: Creative Commons Attribution 3.0 plus explicit terms: verbatim copying/distribution allowed; changing text prohibited; source/link and copyright notice required; Rights/reuse note: Follow linked text license; Source category: Quran text; Versioned Uthmani/Imlaei Quran text download; Yes if verbatim and attributed","agents/canonical-data-source-expansion-2026-09-11.csv; agents/muslingo_quran_tajwid_sources_2026-09-10.csv"
"https://tanzil.net/docs/quran_metadata","Surah/partition/page/sajdah metadata","Tanzil Project","unspecified","web","quran","open-with-conditions","200","true","https://tanzil.net/docs/quran_metadata","text/html; charset=utf-8","","reachable","","Rights/reuse note: No separate license is printed on metadata page; do not infer the Quran-text CC BY terms automatically; Source category: Quran metadata; Unclear until confirmed","agents/canonical-data-source-expansion-2026-09-11.csv"
"https://tanzil.net/docs/tanzil_project","Project verification","Tanzil Project","unspecified","web","quran; tajwid","unknown-review-required","200","true","https://tanzil.net/docs/tanzil_project","text/html; charset=utf-8","","reachable","","Automated and manual text verification with specialists/huffaz; Rights/reuse note: Methodology reference","agents/muslingo_quran_tajwid_sources_2026-09-10.csv"
"https://tanzil.net/docs/text_license","Text License","Tanzil Project","unspecified","web","quran","restricted-or-permission-required; terms-review-required","200","true","https://tanzil.net/docs/text_license","text/html; charset=utf-8","","reachable","","Rights/reuse note: Creative Commons Attribution 3.0 plus explicit terms: verbatim copying/distribution allowed; changing text prohibited; source/link and copyright notice required; Source category: Quran text; Yes if verbatim and attributed","agents/canonical-data-integration-analysis-2026-09-11.md; agents/canonical-data-source-expansion-2026-09-11.csv"
"https://tanzil.net/docs/Text_License","Text license","Tanzil Project","unspecified","web","foundations; quran; tajwid","open-with-conditions; terms-review-required","200","true","https://tanzil.net/docs/Text_License","text/html; charset=utf-8","","reachable","","CC BY 3.0; verbatim text only; attribution and update link required; CC BY 3.0; verbatim text; attribution; no changes; Rights/reuse note: CC BY 3.0; verbatim text only; attribution and update link required; Rights/reuse note: Core legal evidence; Source category: quran-data","agents/muslingo_quran_tajwid_sources_2026-09-10.csv; islamic-source-catalog-2026-09-10.csv; islamic-source-metadata-2026-09-10.json; islamic-source-seeds.json; muslingo-content-landscape-2026-09-10.md"
"https://tanzil.net/trans","terms","Tanzil Project and named translators/publishers","unspecified","web","quran","restricted-or-permission-required; terms-review-required","200","true","https://tanzil.net/trans/","text/html; charset=UTF-8","","reachable","","No without separate permission; Rights/reuse note: Non-commercial purposes only; other use requires permission from translator/publisher; link back required when more than three translations are used; redistribution of the list is prohibited without Tanzil permission; Source category: Quran translations","agents/canonical-data-integration-analysis-2026-09-11.md; agents/canonical-data-source-expansion-2026-09-11.csv"
"https://tarteel.ai/","Product site","Tarteel AI","ar","video; web","arabic; pedagogy; quran; tajwid","unknown-review-required","200","true","https://tarteel.ai/","text/html; charset=utf-8","","reachable","","Production voice workflow, word-level follow-along, test mode and progress tracking; Rights/reuse note: Proprietary; Rights/reuse note: Proprietary; no public Tarteel API; QUL is the separate data route; Source format: Voice-learning platform; Voice follow-along, mistake detection, goals and tracking","agents/muslingo_quran_tajwid_sources_2026-09-10.csv; agents/video-audio-content-analysis-2026-09-11.md; agents/video-audio-source-expansion-2026-09-11.csv"
"https://tarteel.ai/blog/from-page-to-screen-rethinking-quran-rendering-for-the-digital-age/amp","Rethinking Quran rendering","","unspecified","web","pedagogy; quran","unknown-review-required","200","true","https://tarteel.ai/blog/from-page-to-screen-rethinking-quran-rendering-for-the-digital-age/amp/","text/html; charset=utf-8","","reachable","","","agents/muslingo-competitive-pedagogy-2026-09-10.md"
"https://tarteel.ai/blog/introducing-mistake-detection/amp","Introducing Mistake Detection","","unspecified","web","pedagogy","unknown-review-required","200","true","https://tarteel.ai/blog/introducing-mistake-detection/amp/","text/html; charset=utf-8","","reachable","","","agents/muslingo-competitive-pedagogy-2026-09-10.md"
"https://tarteel.ai/en/pricing","Tarteel","","unspecified","web","foundations; hifz; pedagogy","terms-review-required","200","true","https://tarteel.ai/pricing","text/html; charset=utf-8","","reachable","","Reference product behavior only; no content reuse without permission; Rights/reuse note: Reference product behavior only; no content reuse without permission; Source category: memorization","islamic-source-catalog-2026-09-10.csv; islamic-source-metadata-2026-09-10.json; islamic-source-seeds.json; muslingo-content-landscape-2026-09-10.md"
"https://tarteel.ai/pricing","Tarteel","","unspecified","web","foundations; hifz; pedagogy","terms-review-required","200","true","https://tarteel.ai/pricing","text/html; charset=utf-8","","reachable","","Reference product behavior only; no content reuse without permission; Rights/reuse note: Reference product behavior only; no content reuse without permission; Source category: memorization","islamic-source-catalog-2026-09-10.csv; islamic-source-metadata-2026-09-10.json"
"https://uk.youtube.com/t/terms","Terms of Service","","unspecified","video","uncategorized","terms-review-required","200","true","https://www.youtube.com/t/terms?gl=GB","text/html; charset=utf-8","","reachable","","","agents/video-audio-content-analysis-2026-09-11.md"
"https://understandquran.com/","Read and Understand Quran pathway","Understand Al Quran Academy","ar","course; video","arabic; quran","unknown-review-required","200","true","https://understandquran.com/","text/html; charset=UTF-8","","reachable","","Recorded courses free; overseas individual diploma USD 90/month; group/maktab USD 12/month; Rights/reuse note: https://understandquran.com/downloads/; Source category: Quranic Arabic; Source format: Website videos apps and live classes","agents/muslingo_course_source_table_2026-09-10.csv; agents/muslingo_quranic_arabic_course_research_2026-09-10.md"
"https://understandquran.com/downloads","Read and Understand Quran pathway","Understand Al Quran Academy","ar","course; video","arabic; quran","unknown-review-required","200","true","https://understandquran.com/downloads/","text/html; charset=UTF-8","","reachable","","Recorded courses free; overseas individual diploma USD 90/month; group/maktab USD 12/month; Rights/reuse note: https://understandquran.com/downloads/; Source category: Quranic Arabic; Source format: Website videos apps and live classes","agents/muslingo_course_source_table_2026-09-10.csv; agents/muslingo_quranic_arabic_course_research_2026-09-10.md"
"https://understandquran.com/how-to-access-courses-after-subscribing","Read and Understand Quran pathway","Understand Al Quran Academy","ar","course; video","arabic; quran","unknown-review-required","200","true","https://understandquran.com/how-to-access-courses-after-subscribing/","text/html; charset=UTF-8","","reachable","","Recorded courses free; overseas individual diploma USD 90/month; group/maktab USD 12/month; Rights/reuse note: https://understandquran.com/downloads/; Source category: Quranic Arabic; Source format: Website videos apps and live classes","agents/muslingo_course_source_table_2026-09-10.csv; agents/muslingo_quranic_arabic_course_research_2026-09-10.md"
"https://understandquran.com/learn-tajweed-the-easy-way-english","Tajweed the Easy Way","Understand Al-Quran Academy","ar; en; ur","video","arabic; pedagogy; quran; tajwid","restricted-or-permission-required","200","true","https://understandquran.com/learn-tajweed-the-easy-way-english/","text/html; charset=UTF-8","","reachable","","Course topics, videos, PDFs, quizzes and exams; Each lesson links watch/read/write/test; concrete assessment sequence and short media; Rights/reuse note: Academy terms do not grant commercial adaptation; written permission required; Rights/reuse note: Permission required for adaptation; Source format: Public multimedia course","agents/muslingo_quran_tajwid_sources_2026-09-10.csv; agents/video-audio-content-analysis-2026-09-11.md; agents/video-audio-source-expansion-2026-09-11.csv"
"https://understandquran.com/online-madrasah","Read and Understand Quran pathway","Understand Al Quran Academy","ar","course; video","arabic; quran","unknown-review-required","200","true","https://understandquran.com/online-madrasah/","text/html; charset=UTF-8","","reachable","","Recorded courses free; overseas individual diploma USD 90/month; group/maktab USD 12/month; Rights/reuse note: https://understandquran.com/downloads/; Source category: Quranic Arabic; Source format: Website videos apps and live classes","agents/muslingo_course_source_table_2026-09-10.csv; agents/muslingo_quranic_arabic_course_research_2026-09-10.md"
"https://understandquran.com/teacher-resource-center-english/class-first","School teacher resources","Understand Al-Quran Academy","unspecified","course","quran; tajwid","restricted-or-permission-required","200","true","https://understandquran.com/teacher-resource-center-english/class-first/","text/html; charset=UTF-8","","reachable","","Grade structure and teaching assets; Rights/reuse note: Permission required","agents/muslingo_quran_tajwid_sources_2026-09-10.csv"
"https://understandquran.com/teacher-training-course-english","Teacher training","Understand Al-Quran Academy","unspecified","course","pedagogy; quran; tajwid","restricted-or-permission-required","200","true","https://understandquran.com/teacher-training-course-english/","text/html; charset=UTF-8","","reachable","","Pedagogy, planning and assessment training; Rights/reuse note: Permission required","agents/muslingo_quran_tajwid_sources_2026-09-10.csv"
"https://understandquran.com/term-conditions","Terms and conditions","Understand Al-Quran Academy","unspecified","course; web","foundations; pedagogy; quran; tajwid","restricted-or-permission-required; terms-review-required","200","true","https://understandquran.com/term-conditions/","text/html; charset=UTF-8","","reachable","","No copying or reproduction without written permission; clean-room authoring or a license required; Prohibition on reproduction/copy/exploitation without written permission; Rights/reuse note: Core legal evidence; Rights/reuse note: No copying or reproduction without written permission; clean-room authoring or a license required; Source category: tajwid-rights","agents/muslingo_quran_tajwid_sources_2026-09-10.csv; islamic-source-catalog-2026-09-10.csv; islamic-source-metadata-2026-09-10.json; islamic-source-seeds.json; muslingo-content-landscape-2026-09-10.md"
"https://us.alkisafoundation.org/collections/grades-7-12-pilot","Grades 7–12 pilot","Al-Kisa Foundation","en","course","foundations","unknown-review-required","200","true","https://us.alkisafoundation.org/collections/grades-7-12-pilot","text/html; charset=utf-8","","reachable","","Rights/reuse note: Some digital resources are free but no blanket open commercial derivative licence is stated; Some digital resources are free but no blanket open commercial derivative licence is stated; Source format: Foundation and publisher","agents/foundations-curriculum-gap-analysis-2026-09-11.md; agents/islamic-curricula-expansion-2026-09-11.csv"
"https://weekendlearning.com/collections/islamic-studies","Revised Islamic Studies","","unspecified","web","foundations","unknown-review-required","200","true","https://weekendlearning.com/collections/islamic-studies","text/html; charset=utf-8","","reachable","","","agents/muslingo-islamic-studies-curricula-research.md"
"https://weekendlearning.com/collections/message-of-islam","Message of Islam","","unspecified","web","foundations","unknown-review-required","200","true","https://weekendlearning.com/collections/message-of-islam","text/html; charset=utf-8","","reachable","","","agents/muslingo-islamic-studies-curricula-research.md"
"https://weekendlearning.com/pages/about","Who Are We","","unspecified","web","foundations","unknown-review-required","200","true","https://weekendlearning.com/pages/about","text/html; charset=utf-8","","reachable","","","agents/muslingo-islamic-studies-curricula-research.md"
"https://weekendlearning.com/pages/authors","Our Authors","","unspecified","web","foundations","unknown-review-required","200","true","https://weekendlearning.com/pages/authors","text/html; charset=utf-8","","reachable","","","agents/muslingo-islamic-studies-curricula-research.md"
"https://weekendlearning.com/pages/curriculum","Our Curriculum","Weekend Learning Publishers","en","course","foundations; pedagogy","unknown-review-required","200","true","https://weekendlearning.com/pages/curriculum","text/html; charset=utf-8","","reachable","","Copyrighted commercial books; no open adaptation licence found; Rights/reuse note: Copyrighted commercial books; no open adaptation licence found; Source format: Publisher","agents/foundations-curriculum-gap-analysis-2026-09-11.md; agents/islamic-curricula-expansion-2026-09-11.csv; agents/muslingo-islamic-studies-curricula-research.md"
"https://weekendlearning.com/policies/terms-of-service","Revised Islamic Studies K-12","Weekend Learning Publishers","en","web","foundations; pedagogy","unknown-review-required","200","true","https://weekendlearning.com/policies/terms-of-service","text/html; charset=utf-8","","reachable","","Copyrighted commercial books; no open adaptation licence found; Rights/reuse note: Copyrighted commercial books; no open adaptation licence found; Source format: Publisher","agents/islamic-curricula-expansion-2026-09-11.csv"
"https://www.aishamosque.org/","Madrassah Islamic Studies Curriculum","Aisha Mosque and Islamic Centre","ar; en","course","arabic; foundations","unknown-review-required","200","true","https://www.aishamosque.org/","text/html; charset=UTF-8","","reachable","","No open licence found; Rights/reuse note: No open licence found; Source format: Community school","agents/islamic-curricula-expansion-2026-09-11.csv"
"https://www.aishamosque.org/madrassah/curriculum","Madrassah Islamic Studies Curriculum","Aisha Mosque and Islamic Centre","ar; en","course","arabic; foundations","unknown-review-required","200","true","https://www.aishamosque.org/madrassah/curriculum/","text/html; charset=UTF-8","","reachable","","No open licence found; Rights/reuse note: No open licence found; Source format: Community school","agents/islamic-curricula-expansion-2026-09-11.csv"
"https://www.albalaghacademy.org/course/diploma-in-islamic-studies-programme","Diploma in Islamic Studies","Al Balagh Academy","en","course","foundations","restricted-or-permission-required","200","true","https://www.albalaghacademy.org/course/diploma-in-islamic-studies-programme/","text/html; charset=UTF-8","Thu, 10 Sep 2026 19:21:19 GMT","reachable","","Paid copyrighted course; permission required; Rights/reuse note: Paid copyrighted course; permission required; Source format: Online academy","agents/islamic-curricula-expansion-2026-09-11.csv"
"https://www.albalaghacademy.org/course/mastering-quranic-arabic-level-1","Al Balagh","Al Balagh Academy","ar; en","video","arabic; quran","terms-review-required","200","true","https://www.albalaghacademy.org/course/mastering-quranic-arabic-level-1/","text/html; charset=UTF-8","Thu, 10 Sep 2026 19:30:58 GMT","reachable","","Four-level plan, 40+ teaching hours per six-month level, 1,000-word and 20+ grammar goals, cohort cap; Rights/reuse note: No open reuse license found; proprietary LMS recordings/materials; Source format: Live and recorded audiovisual course","agents/video-audio-content-analysis-2026-09-11.md; agents/video-audio-source-expansion-2026-09-11.csv"
"https://www.albalaghacademy.org/terms-and-conditions","Diploma in Islamic Studies","Al Balagh Academy","en","course","foundations","restricted-or-permission-required","200","true","https://www.albalaghacademy.org/terms-and-conditions/","text/html; charset=UTF-8","Thu, 10 Sep 2026 19:22:49 GMT","reachable","","Paid copyrighted course; permission required; Rights/reuse note: Paid copyrighted course; permission required; Source format: Online academy","agents/islamic-curricula-expansion-2026-09-11.csv"
"https://www.alifbee.com/ar/price-page","Pricing","","unspecified","web","pedagogy","unknown-review-required","200","true","https://www.alifbee.com/ar/price-page","text/html; charset=utf-8","","reachable","","","agents/muslingo-competitive-pedagogy-2026-09-10.md"
"https://www.alifbee.com/en","Arabic From A to Z and Quranic curriculum","AlifBee","ar","course; web","arabic; pedagogy; quran","reference-or-link-only; terms-review-required","200","true","https://www.alifbee.com/en","text/html; charset=utf-8","","reachable","","About 20% free; store options start at AED 19 for one week; longer prices vary; Rights/reuse note: https://www.alifbee.com/en/terms-conditions; Source category: MSA app; Source format: Web iOS and Android","agents/muslingo_course_source_table_2026-09-10.csv; agents/muslingo_quranic_arabic_course_research_2026-09-10.md; agents/product-benchmark-gap-analysis-2026-09-11.md"
"https://www.alifbee.com/en/terms-conditions","Arabic From A to Z and Quranic curriculum","AlifBee","ar","course","arabic; quran","terms-review-required","200","true","https://www.alifbee.com/en/terms-conditions","text/html; charset=utf-8","","reachable","","About 20% free; store options start at AED 19 for one week; longer prices vary; Rights/reuse note: https://www.alifbee.com/en/terms-conditions; Source category: MSA app; Source format: Web iOS and Android","agents/muslingo_course_source_table_2026-09-10.csv; agents/muslingo_quranic_arabic_course_research_2026-09-10.md"
"https://www.almaghrib.org/allaccess","Faith Essentials","AlMaghrib Institute","en","web","foundations","restricted-or-permission-required","403","false","https://www.almaghrib.org/allaccess","text/html","","access-controlled-or-bot-protected","","Limited personal viewing licence; redistribution and derivatives prohibited; Rights/reuse note: Limited personal viewing licence; redistribution and derivatives prohibited; Source format: Online education provider","agents/islamic-curricula-expansion-2026-09-11.csv"
"https://www.almaghrib.org/associate-degree","Associate and Bachelor Degree Pathways","AlMaghrib Institute","en","web","foundations","terms-review-required","403","false","https://www.almaghrib.org/associate-degree","text/html","","access-controlled-or-bot-protected","","Copyrighted portal content under limited-use terms; Rights/reuse note: Copyrighted portal content under limited-use terms; Source format: Education provider","agents/islamic-curricula-expansion-2026-09-11.csv"
"https://www.almaghrib.org/policies","Faith Essentials","AlMaghrib Institute","en","web","foundations","restricted-or-permission-required; terms-review-required","403","false","https://www.almaghrib.org/policies","text/html","","access-controlled-or-bot-protected","","Copyrighted portal content under limited-use terms; Limited personal viewing licence; redistribution and derivatives prohibited; Rights/reuse note: Copyrighted portal content under limited-use terms; Rights/reuse note: Limited personal viewing licence; redistribution and derivatives prohibited; Source format: Education provider; Source format: Online education provider","agents/islamic-curricula-expansion-2026-09-11.csv"
"https://www.amauacademy.com/","AMAU Academy","","unspecified","course","foundations","unknown-review-required","200","true","https://www.amauacademy.com/","text/html; charset=utf-8","","reachable","","","agents/muslingo-islamic-studies-curricula-research.md"
"https://www.amauacademy.com/pages/amau-junior987654321","AMAU Junior","AMAU Academy","en","course","foundations","restricted-or-permission-required","200","true","https://www.amauacademy.com/pages/amau-junior987654321","text/html; charset=utf-8","","reachable","","Rights/reuse note: Subscription content; terms prohibit unauthorized use; Source format: Online academy; Subscription content; terms prohibit unauthorized use","agents/islamic-curricula-expansion-2026-09-11.csv; agents/muslingo-islamic-studies-curricula-research.md"
"https://www.amauacademy.com/pages/manfst","Our Mission","","unspecified","course","foundations","unknown-review-required","404","false","https://www.amauacademy.com/pages/manfst","application/json; charset=utf-8","","stale-or-removed","","","agents/muslingo-islamic-studies-curricula-research.md"
"https://www.amauacademy.com/pages/plans","Plans","","unspecified","course","foundations","unknown-review-required","200","true","https://www.amauacademy.com/pages/plans","text/html; charset=utf-8","","reachable","","","agents/muslingo-islamic-studies-curricula-research.md"
"https://www.amauacademy.com/pages/pricing","Arabic with AMAU","AMAU Academy","ar","course","arabic; quran","unknown-review-required","200","true","https://www.amauacademy.com/pages/pricing","text/html; charset=utf-8","","reachable","","Rights/reuse note: https://www.amauacademy.com/pages/pricing; Source category: Quranic Arabic; Source format: Web/mobile subscription; USD 15/month billed USD 180 annually","agents/muslingo_course_source_table_2026-09-10.csv; agents/muslingo_quranic_arabic_course_research_2026-09-10.md"
"https://www.amauacademy.com/pages/terms","AMAU Junior","AMAU Academy","en","course","foundations","restricted-or-permission-required; terms-review-required","200","true","https://www.amauacademy.com/terms","text/html; charset=utf-8","","reachable","","Rights/reuse note: Subscription content; terms prohibit unauthorized use; Source format: Online academy; Subscription content; terms prohibit unauthorized use","agents/islamic-curricula-expansion-2026-09-11.csv; agents/muslingo-islamic-studies-curricula-research.md"
"https://www.awqaf.gov.ae/?lang=en","Official portal","UAE Awqaf","unspecified","web","quran; tajwid","restricted-or-permission-required","200","true","https://www.awqaf.gov.ae/?lang=en","text/html","Thu, 10 Sep 2026 07:15:34 GMT","reachable","","Quran education service and centers; Rights/reuse note: No reuse grant located","agents/muslingo_quran_tajwid_sources_2026-09-10.csv"
"https://www.awqaf.gov.ae/assets/servicesguide/ServicesGuide-EN.pdf","Services guide","UAE Awqaf","ar; en","video; web","arabic; foundations; hifz; quran; tajwid","reference-or-link-only","200","true","https://www.awqaf.gov.ae/assets/servicesguide/ServicesGuide-EN.pdf","application/pdf","Thu, 07 May 2026 12:38:50 GMT","reachable","","Official centers/platform, semesters and certification/authorization services; Rights/reuse note: Reference only; Rights/reuse note: Reference only; no open reuse grant located; Semesters, memorization, Tajwid and certification; Source format: Government service guide / teacher platform","agents/muslingo_quran_tajwid_sources_2026-09-10.csv; agents/video-audio-source-expansion-2026-09-11.csv"
"https://www.bayyinahtv.com/index","Bayyinah TV","","unspecified","web","foundations; quran","unknown-review-required","200","true","https://www.bayyinahtv.com/index","text/html","Mon, 07 Sep 2026 10:11:53 GMT","reachable","","","agents/muslingo-islamic-studies-curricula-research.md"
"https://www.busuu.com/en/course/learn-arabic-online","Complete Arabic A1-B2","Busuu","ar","course","arabic; pedagogy; quran","reference-or-link-only; terms-review-required","200","true","https://www.busuu.com/en/course/learn-arabic-online","text/html; charset=utf-8","","reachable","","Free tier; Premium prices vary by regional checkout; Rights/reuse note: https://www.busuu.com/en/terms; Source category: MSA app; Source format: Web iOS and Android","agents/muslingo_course_source_table_2026-09-10.csv; agents/muslingo_quranic_arabic_course_research_2026-09-10.md; agents/product-benchmark-gap-analysis-2026-09-11.md"
"https://www.busuu.com/en/premium-plans","Complete Arabic A1-B2","Busuu","ar","course","arabic; quran","terms-review-required","200","true","https://www.busuu.com/en/premium-plans","text/html; charset=utf-8","","reachable","","Free tier; Premium prices vary by regional checkout; Rights/reuse note: https://www.busuu.com/en/terms; Source category: MSA app; Source format: Web iOS and Android","agents/muslingo_course_source_table_2026-09-10.csv; agents/muslingo_quranic_arabic_course_research_2026-09-10.md"
"https://www.busuu.com/en/terms","Complete Arabic A1-B2","Busuu","ar","course","arabic; quran","terms-review-required","200","true","https://www.busuu.com/en/terms","text/html; charset=utf-8","","reachable","","Free tier; Premium prices vary by regional checkout; Rights/reuse note: https://www.busuu.com/en/terms; Source category: MSA app; Source format: Web iOS and Android","agents/muslingo_course_source_table_2026-09-10.csv; agents/muslingo_quranic_arabic_course_research_2026-09-10.md"
"https://www.cambridgeinternational.org/Images/697174-2026-2027-syllabus.pdf","2026–2027 syllabus PDF","","unspecified","course","uncategorized","unknown-review-required","200","true","https://www.cambridgeinternational.org/Images/697174-2026-2027-syllabus.pdf","application/pdf","Tue, 16 Apr 2024 11:08:49 GMT","reachable","","","agents/foundations-curriculum-gap-analysis-2026-09-11.md"
"https://www.cambridgeinternational.org/Images/697279-2026-2027-syllabus.pdf","2026–2027 syllabus PDF","","unspecified","course","uncategorized","unknown-review-required","200","true","https://www.cambridgeinternational.org/Images/697279-2026-2027-syllabus.pdf","application/pdf","Tue, 26 Sep 2023 09:29:51 GMT","reachable","","","agents/foundations-curriculum-gap-analysis-2026-09-11.md"
"https://www.cambridgeinternational.org/programmes-and-qualifications/cambridge-igcse-islamiyat-0493","IGCSE Islamiyat 0493","Cambridge International","ar; en","course","arabic; foundations","terms-review-required","200","true","https://www.cambridgeinternational.org/programmes-and-qualifications/cambridge-igcse-islamiyat-0493/","text/html; charset=utf-8","Thu, 10 Sep 2026 19:36:59 GMT","reachable","","Copyrighted syllabus; classroom use under Cambridge terms; no app adaptation right; Rights/reuse note: Copyrighted syllabus; classroom use under Cambridge terms; no app adaptation right; Source format: International examination board","agents/foundations-curriculum-gap-analysis-2026-09-11.md; agents/islamic-curricula-expansion-2026-09-11.csv"
"https://www.cambridgeinternational.org/programmes-and-qualifications/view/cambridge-o-level-islamiyat-2058","O Level Islamiyat 2058","Cambridge International","ar; en","course","arabic; foundations","unknown-review-required","200","true","https://www.cambridgeinternational.org/programmes-and-qualifications/cambridge-o-level-islamiyat-2058/","text/html; charset=utf-8","Thu, 10 Sep 2026 19:36:59 GMT","reachable","","Copyrighted; no commercial adaptation right; Rights/reuse note: Copyrighted; no commercial adaptation right; Source format: International examination board","agents/foundations-curriculum-gap-analysis-2026-09-11.md; agents/islamic-curricula-expansion-2026-09-11.csv"
"https://www.cambridgemuslimcollege.ac.uk/onlinelearning","Online Learning Courses","Cambridge Muslim College","en","course; web","foundations; pedagogy","restricted-or-permission-required","200","true","https://www.cambridgemuslimcollege.ac.uk/onlinelearning/","text/html; charset=utf-8","Thu, 10 Sep 2026 05:10:27 GMT","reachable","","Paid copyrighted courses; permission required; Rights/reuse note: Paid copyrighted courses; permission required; Source format: Higher education institution","agents/islamic-curricula-expansion-2026-09-11.csv; agents/muslingo-islamic-studies-curricula-research.md"
"https://www.cambridgemuslimcollege.ac.uk/programmes/isba","BA Honours in Islamic Studies","Cambridge Muslim College","ar; en","course","arabic; foundations","terms-review-required","200","true","https://www.cambridgemuslimcollege.ac.uk/programmes/isba/","text/html; charset=utf-8","Thu, 10 Sep 2026 04:28:38 GMT","reachable","","Curriculum copyrighted; not reusable without permission; Rights/reuse note: Curriculum copyrighted; not reusable without permission; Source format: Validated higher education program","agents/islamic-curricula-expansion-2026-09-11.csv; agents/muslingo-islamic-studies-curricula-research.md"
"https://www.comqt.sa/quran-online","","Furqan Association for Quran Memorization in Taif","ar","video","arabic; hifz; quran","terms-review-required","200","true","https://www.comqt.sa/quran-online/","text/html; charset=UTF-8","","reachable","","Rights/reuse note: No open reuse license found; Separate male/female portals and explicit circle types; teacher/student supervision; Source format: Association live Quran platform","agents/video-audio-source-expansion-2026-09-11.csv"
"https://www.coursera.org/about/terms","Arabic for Beginners specialization","Khalifa University and Coursera","ar","course","arabic","terms-review-required","200","true","https://www.coursera.org/about/terms","text/html","","reachable","","Enrollment can start free; paid certificate/Plus varies by market; Rights/reuse note: https://www.coursera.org/about/terms; Source category: MOOC; Source format: MOOC","agents/muslingo_course_source_table_2026-09-10.csv"
"https://www.coursera.org/learn/arabic-for-beginners-1-arabic-alphabet-and-phonology","Arabic for Beginners specialization","Khalifa University and Coursera","ar","course","arabic; quran","terms-review-required","200","true","https://www.coursera.org/learn/arabic-for-beginners-1-arabic-alphabet-and-phonology","text/html","","reachable","","Enrollment can start free; paid certificate/Plus varies by market; Rights/reuse note: https://www.coursera.org/about/terms; Source category: MOOC; Source format: MOOC","agents/muslingo_course_source_table_2026-09-10.csv; agents/muslingo_quranic_arabic_course_research_2026-09-10.md"
"https://www.duolingo.com/course/ar/en/Learn-Arabic","Arabic for English speakers","Duolingo","ar; en","course","arabic; quran","terms-review-required","200","true","https://www.duolingo.com/course/ar/en/Learn-Arabic","text/html; charset=UTF-8","","reachable","","Core free/ad-supported; paid plan prices vary by market/device; Rights/reuse note: https://www.duolingo.com/terms; Source category: MSA app; Source format: Web iOS and Android","agents/muslingo_course_source_table_2026-09-10.csv; agents/muslingo_quranic_arabic_course_research_2026-09-10.md"
"https://www.duolingo.com/terms","Arabic for English speakers","Duolingo","ar; en","course","arabic","terms-review-required","200","true","https://www.duolingo.com/terms","text/html; charset=UTF-8","","reachable","","Core free/ad-supported; paid plan prices vary by market/device; Rights/reuse note: https://www.duolingo.com/terms; Source category: MSA app; Source format: Web iOS and Android","agents/muslingo_course_source_table_2026-09-10.csv"
"https://www.getquranic.com/home","product home","","unspecified","web","pedagogy","unknown-review-required","403","false","https://www.getquranic.com/home","text/html","","access-controlled-or-bot-protected","","","agents/muslingo-competitive-pedagogy-2026-09-10.md"
"https://www.getquranic.com/landing-page","learning approach","","ar","course; web","arabic; pedagogy; quran","unknown-review-required","403","false","https://www.getquranic.com/landing-page","text/html","","access-controlled-or-bot-protected","","","agents/muslingo-competitive-pedagogy-2026-09-10.md; agents/muslingo_quranic_arabic_course_research_2026-09-10.md"
"https://www.getquranic.com/learners","App and Understanding Quranic Arabic","Quranic","ar; en","course; video; web","arabic; pedagogy; quran","reference-or-link-only; terms-review-required","403","false","https://www.getquranic.com/learners","text/html","","access-controlled-or-bot-protected","","App free or USD 49/year Premium; family USD 99/year; course membership USD 30/month or USD 299/year; Frequency-first vocabulary, contextual ayah/story teaching and customizable quizzes; Rights/reuse note: Proprietary; terms bar copying, resale and exploitation; Rights/reuse note: https://www.getquranic.com/terms/; Source category: Quranic Arabic; Source format: Interactive audiovisual course platform; Source format: Mobile app and prerecorded courses","agents/muslingo_course_source_table_2026-09-10.csv; agents/muslingo_quranic_arabic_course_research_2026-09-10.md; agents/product-benchmark-gap-analysis-2026-09-11.md; agents/video-audio-source-expansion-2026-09-11.csv"
"https://www.getquranic.com/pricing","Pricing","Quranic","ar","course; web","arabic; pedagogy; quran","reference-or-link-only; terms-review-required","200","true","https://www.getquranic.com/pricing/index.html","text/html","Wed, 15 Jul 2026 16:42:46 GMT","reachable","","App free or USD 49/year Premium; family USD 99/year; course membership USD 30/month or USD 299/year; Rights/reuse note: https://www.getquranic.com/terms/; Source category: Quranic Arabic; Source format: Mobile app and prerecorded courses","agents/muslingo-competitive-pedagogy-2026-09-10.md; agents/muslingo_course_source_table_2026-09-10.csv; agents/muslingo_quranic_arabic_course_research_2026-09-10.md; agents/product-benchmark-gap-analysis-2026-09-11.md"
"https://www.getquranic.com/terms","App and Understanding Quranic Arabic","Quranic","ar","course","arabic; quran","terms-review-required","403","false","https://www.getquranic.com/terms","text/html","","access-controlled-or-bot-protected","","App free or USD 49/year Premium; family USD 99/year; course membership USD 30/month or USD 299/year; Rights/reuse note: https://www.getquranic.com/terms/; Source category: Quranic Arabic; Source format: Mobile app and prerecorded courses","agents/muslingo_course_source_table_2026-09-10.csv; agents/muslingo_quranic_arabic_course_research_2026-09-10.md"
"https://www.gov.uk/government/publications/education-for-a-connected-world","Education for a Connected World","UK Council for Internet Safety","en","course; web","foundations","terms-review-required","200","true","https://www.gov.uk/government/publications/education-for-a-connected-world","text/html; charset=utf-8","","reachable","","Open government publication terms apply; check document notice; Rights/reuse note: Open government publication terms apply; check document notice; Source format: Safety framework","agents/foundations-curriculum-gap-analysis-2026-09-11.md; agents/islamic-curricula-expansion-2026-09-11.csv"
"https://www.hec.gov.pk/english/services/universities/RevisedCurricula/Documents/2024-2025/Islamic-Studies.pdf","Islamic Studies Curriculum 2025","Higher Education Commission Pakistan","en; ur","course","foundations","unknown-review-required","","false","https://www.hec.gov.pk/english/services/universities/RevisedCurricula/Documents/2024-2025/Islamic-Studies.pdf","","","network-or-tls-error","fetch failed","Government document; no explicit open derivative licence visible; Rights/reuse note: Government document; no explicit open derivative licence visible; Source format: Government higher-education framework","agents/islamic-curricula-expansion-2026-09-11.csv"
"https://www.huzurshop.ru/catalog/sira/filter/clear/apply?display=list","каталог сиры Хузур","","unspecified","web","uncategorized","unknown-review-required","","false","https://www.huzurshop.ru/catalog/sira/filter/clear/apply?display=list","","","network-or-tls-error","fetch failed","","agents/ru-kk-content-gap-analysis-2026-09-11.md"
"https://www.iacad.gov.ae/en/initiatives/quran-teaching-and-memorization","A Hafiz in Every Home","Islamic Affairs and Charitable Activities Department, Dubai","ar","video","arabic; foundations; hifz; pedagogy; quran","restricted-or-permission-required","403","false","https://www.iacad.gov.ae/en/initiatives/quran-teaching-and-memorization","text/html; charset=UTF-8","","access-controlled-or-bot-protected","","Published levels, duration ranges, post-stage assessments and certification/sanad paths; Rights/reuse note: Reference only; no reuse grant; Source format: Government Quran program","agents/video-audio-content-analysis-2026-09-11.md; agents/video-audio-source-expansion-2026-09-11.csv"
"https://www.iconetwork.com/about-ico","About ICO","","unspecified","web","foundations","unknown-review-required","200","true","https://www.iconetwork.com/about-ico/","text/html; charset=UTF-8","Thu, 10 Sep 2026 19:34:51 GMT","reachable","","","agents/muslingo-islamic-studies-curricula-research.md"
"https://www.iconetwork.com/international-curricula-journey-achievements","A Journey of Achievements","","unspecified","web","foundations","unknown-review-required","200","true","https://www.iconetwork.com/international-curricula-journey-achievements/","text/html; charset=UTF-8","Thu, 10 Sep 2026 19:34:50 GMT","reachable","","","agents/muslingo-islamic-studies-curricula-research.md"
"https://www.iconetwork.com/product-category/islamic-studies","Islamic Studies Grades 1–12","International Curricula Organization","en; fr","course; web","foundations","restricted-or-permission-required","200","true","https://www.iconetwork.com/product-category/islamic-studies/","text/html; charset=UTF-8","Thu, 10 Sep 2026 19:21:10 GMT","reachable","","Commercial copyrighted curriculum; permission required; Rights/reuse note: Commercial copyrighted curriculum; permission required; Source format: Publisher and curriculum organization","agents/foundations-curriculum-gap-analysis-2026-09-11.md; agents/islamic-curricula-expansion-2026-09-11.csv; agents/muslingo-islamic-studies-curricula-research.md"
"https://www.iconetwork.com/product/islamic-studies-grades-6-teachers-manual","Grade 6 Teacher’s Manual","","unspecified","web","foundations","unknown-review-required","200","true","https://www.iconetwork.com/product/islamic-studies-grades-6-teachers-manual/","text/html; charset=UTF-8","Thu, 10 Sep 2026 19:34:50 GMT","reachable","","","agents/muslingo-islamic-studies-curricula-research.md"
"https://www.iconetwork.com/quote","Request for Price Quotation","","unspecified","web","foundations","unknown-review-required","200","true","https://www.iconetwork.com/quote/","text/html; charset=UTF-8","Thu, 10 Sep 2026 19:34:50 GMT","reachable","","","agents/muslingo-islamic-studies-curricula-research.md"
"https://www.islam.gov.my/ms/dasar-privasi","KAFA Curriculum 2.0","JAKIM","ar","course","arabic; foundations","terms-review-required","","false","https://www.islam.gov.my/ms/dasar-privasi","","","network-or-tls-error","fetch failed","Government publication; copyright applies and commercial reuse must be cleared; Rights/reuse note: Government publication; copyright applies and commercial reuse must be cleared; Source format: Government Islamic affairs department","agents/islamic-curricula-expansion-2026-09-11.csv"
"https://www.islam.gov.my/ms/e-penerbitan/2164-buku-sukatan-pelajaran-kafa-jakim-2-0","KAFA Curriculum 2.0","JAKIM","ar","course","arabic; foundations","terms-review-required","","false","https://www.islam.gov.my/ms/e-penerbitan/2164-buku-sukatan-pelajaran-kafa-jakim-2-0","","","network-or-tls-error","fetch failed","Government publication; copyright applies and commercial reuse must be cleared; Rights/reuse note: Government publication; copyright applies and commercial reuse must be cleared; Source format: Government Islamic affairs department","agents/foundations-curriculum-gap-analysis-2026-09-11.md; agents/islamic-curricula-expansion-2026-09-11.csv"
"https://www.isyllabus.org/","iSyllabus Islamic Studies Pathway","iSyllabus","ar; en","course","arabic; foundations","unknown-review-required","200","true","https://www.isyllabus.org/","text/html; charset=UTF-8","Thu, 10 Sep 2026 19:22:41 GMT","reachable","","Copyrighted; no open adaptation licence found; Rights/reuse note: Copyrighted; no open adaptation licence found; Source format: Curriculum institute","agents/islamic-curricula-expansion-2026-09-11.csv"
"https://www.isyllabus.org/about-2","iSyllabus Islamic Studies Pathway","iSyllabus","ar; en","course","arabic; foundations","unknown-review-required","200","true","https://www.isyllabus.org/about-2/","text/html; charset=UTF-8","Thu, 10 Sep 2026 19:25:42 GMT","reachable","","Copyrighted; no open adaptation licence found; Rights/reuse note: Copyrighted; no open adaptation licence found; Source format: Curriculum institute","agents/islamic-curricula-expansion-2026-09-11.csv"
"https://www.lingq.com/en/ios-app","Mobile/SRS/offline","","unspecified","web","pedagogy","reference-or-link-only","200","true","https://www.lingq.com/en/ios-app/","text/html; charset=utf-8","","reachable","","","agents/product-benchmark-gap-analysis-2026-09-11.md"
"https://www.lingq.com/en/schools","teacher workflow","","unspecified","web","pedagogy","reference-or-link-only","200","true","https://www.lingq.com/en/schools/","text/html; charset=utf-8","","reachable","","","agents/product-benchmark-gap-analysis-2026-09-11.md"
"https://www.lqtoronto.com/audio.html","Official lesson-by-lesson audio archive","","ar","audio","arabic; quran","unknown-review-required","200","true","https://www.lqtoronto.com/audio.html","text/html","Tue, 20 Aug 2013 14:58:46 GMT","reachable","","","agents/muslingo_quranic_arabic_course_research_2026-09-10.md"
"https://www.lqtoronto.com/downloads.html","Madina Books archive","LQToronto","ar","course; video","arabic; quran","unknown-review-required","200","true","https://www.lqtoronto.com/downloads.html","text/html","Mon, 08 Jul 2024 17:59:27 GMT","reachable","","Free/non-profit; Rights/reuse note: https://www.lqtoronto.com/talkingarabic.html; Source category: Classical and Quranic; Source format: Books audio and video archive","agents/muslingo_course_source_table_2026-09-10.csv; agents/muslingo_quranic_arabic_course_research_2026-09-10.md"
"https://www.lqtoronto.com/talkingarabic.html","Madina Books archive","LQToronto","ar","course; video","arabic; quran","unknown-review-required","200","true","https://www.lqtoronto.com/talkingarabic.html","text/html","Mon, 08 Jul 2024 17:59:43 GMT","reachable","","Free/non-profit; Rights/reuse note: https://www.lqtoronto.com/talkingarabic.html; Source category: Classical and Quranic; Source format: Books audio and video archive","agents/muslingo_course_source_table_2026-09-10.csv; agents/muslingo_quranic_arabic_course_research_2026-09-10.md"
"https://www.lqtoronto.com/videodlmac.html","Madina Books archive","LQToronto","ar","video","arabic; quran","unknown-review-required","200","true","https://www.lqtoronto.com/videodlmac.html","text/html","Tue, 20 Aug 2013 14:58:32 GMT","reachable","","Free/non-profit; Rights/reuse note: https://www.lqtoronto.com/talkingarabic.html; Source category: Classical and Quranic; Source format: Books audio and video archive","agents/muslingo_course_source_table_2026-09-10.csv; agents/muslingo_quranic_arabic_course_research_2026-09-10.md"
"https://www.lqtoronto.com/videos.html","LQToronto","LQToronto","ar; en","video","arabic; quran","terms-review-required","200","true","https://www.lqtoronto.com/videos.html","text/html","Thu, 27 Nov 2014 18:39:38 GMT","reachable","","Extensive book-by-book sequence, answer keys and advanced Quranic grammar archive; Rights/reuse note: Site states no copyrights reserved for personal use and no commercial use; not suitable for commercial adaptation without permission; Source format: Public video course archive","agents/video-audio-content-analysis-2026-09-11.md; agents/video-audio-source-expansion-2026-09-11.csv"
"https://www.memrise.com/about","About Memrise","","unspecified","web","pedagogy","reference-or-link-only","200","true","https://www.memrise.com/about","text/html; charset=UTF-8","Sat, 22 Aug 2026 15:42:09 GMT","reachable","","","agents/muslingo-competitive-pedagogy-2026-09-10.md; agents/product-benchmark-gap-analysis-2026-09-11.md"
"https://www.memrise.com/ar","Official localized plans page","","unspecified","web","pedagogy","unknown-review-required","200","true","https://www.memrise.com/ar/","text/html; charset=UTF-8","Sat, 29 Aug 2026 15:43:11 GMT","reachable","","","agents/muslingo-competitive-pedagogy-2026-09-10.md"
"https://www.memrise.com/blog/changes-to-memrise-app","current app changes","","unspecified","web","pedagogy","reference-or-link-only","404","false","https://www.memrise.com/blog/changes-to-memrise-app","text/html","","stale-or-removed","","","agents/product-benchmark-gap-analysis-2026-09-11.md"
"https://www.memrise.com/blog/changes-to-the-memrise-app","Changes to the Memrise app","","unspecified","web","pedagogy","unknown-review-required","200","true","https://www.memrise.com/blog/changes-to-the-memrise-app","text/html; charset=UTF-8","Tue, 04 Aug 2026 14:29:15 GMT","reachable","","","agents/muslingo-competitive-pedagogy-2026-09-10.md"
"https://www.memrise.com/blog/how-to-remember-vocabulary-long-term","How to remember vocabulary long term","","unspecified","web","arabic; pedagogy","unknown-review-required","200","true","https://www.memrise.com/blog/how-to-remember-vocabulary-long-term","text/html; charset=UTF-8","Tue, 01 Sep 2026 15:06:40 GMT","reachable","","","agents/muslingo-competitive-pedagogy-2026-09-10.md"
"https://www.memrise.com/blog/new-progress-tracking-for-language-learning","New progress tracking for language learning","","unspecified","web","pedagogy","unknown-review-required","200","true","https://www.memrise.com/blog/new-progress-tracking-for-language-learning","text/html; charset=UTF-8","Tue, 04 Aug 2026 14:29:15 GMT","reachable","","","agents/muslingo-competitive-pedagogy-2026-09-10.md"
"https://www.memrise.com/en/learn-arabic","Learn Arabic","","ar","web","arabic; foundations; pedagogy","unknown-review-required","200","true","https://www.memrise.com/en/learn-arabic","text/html; charset=UTF-8","Thu, 03 Sep 2026 09:40:14 GMT","reachable","","Reference pedagogy only; Rights/reuse note: Reference pedagogy only; Source category: arabic-language","agents/muslingo-competitive-pedagogy-2026-09-10.md; islamic-source-catalog-2026-09-10.csv; islamic-source-metadata-2026-09-10.json; islamic-source-seeds.json"
"https://www.mp3quran.net/ar/api/2","API v3","MP3Quran","unspecified","audio","quran; tajwid","unknown-review-required","200","true","https://www.mp3quran.net/ar/api/2","text/html; charset=utf-8","","reachable","","Reciters, chapters, ayah/range and radio endpoints; Rights/reuse note: Recording-level check advised","agents/muslingo_quran_tajwid_sources_2026-09-10.csv"
"https://www.mp3quran.net/eng","English site","MP3Quran","en","audio","quran; tajwid","unknown-review-required","200","true","https://www.mp3quran.net/eng","text/html; charset=utf-8","","reachable","","Reciter library and supported interface languages; Rights/reuse note: Reference/streaming","agents/muslingo_quran_tajwid_sources_2026-09-10.csv"
"https://www.mp3quran.net/eng/api","Reciter/riwayah/surah recordings","MP3Quran.net","ar; en; ru","audio; video","arabic; quran; tajwid","open-with-conditions; terms-review-required","200","true","https://www.mp3quran.net/eng/api","text/html; charset=utf-8","","reachable","","Large reciter/riwayah catalogue, current API records and multilingual metadata; Rights/reuse note: Official API available; no explicit data license/commercial/offline/AI clause found; Rights/reuse note: Official API docs expose recordings but no explicit recording license, commercial/offline/ML terms or rate limit were found; Rights/reuse note: Official contact page says rights are available to everyone and copying site material/using URLs is allowed; retain proof and seek written confirmation for commercial offline bundling; Source category: Recitation audio; Source category: Recitation timing; Source format: Public audio API/library; Unclear","agents/canonical-data-source-expansion-2026-09-11.csv; agents/video-audio-content-analysis-2026-09-11.md; agents/video-audio-source-expansion-2026-09-11.csv"
"https://www.mp3quran.net/eng/contact-us","Contact / permissions","MP3Quran","unspecified","audio; video","quran; tajwid","terms-review-required","200","true","https://www.mp3quran.net/eng/contact-us","text/html; charset=utf-8","","reachable","","Broad permission to copy site material/use URLs; Rights/reuse note: Seek written commercial/offline confirmation","agents/muslingo_quran_tajwid_sources_2026-09-10.csv; agents/video-audio-content-analysis-2026-09-11.md"
"https://www.muftiyat.kz/kk/book/28695","Құран оқып - үйренейік!","","unspecified","web","quran","unknown-review-required","500","false","https://www.muftiyat.kz/kk/book/28695","text/html; charset=utf-8","","upstream-error","","","agents/ru-kk-content-gap-analysis-2026-09-11.md"
"https://www.muftiyat.kz/kk/books","Электрондық кітапхана","Қазақстан мұсылмандары діни басқармасы (ҚМДБ)","ar; kk","course; web","arabic; foundations; quran","terms-review-required","500","false","https://www.muftiyat.kz/kk/books","text/html; charset=utf-8","","upstream-error","","Rights/reuse note: REFERENCE_ONLY_PERMISSION_REQUIRED: ашық оқу/жүктеу бар, бірақ коммерциялық өңдеу лицензиясы табылмады; Source category: Құран; ислам негіздері; сира; этика; Source format: PDF кітаптар; журналдар; каталог; Біркелкі курс емес; ескі PDF-терде метадерек пен ISBN толық емес; әр кітаптың сараптама мәртебесін жеке тексеру қажет","agents/ru-kk-content-gap-analysis-2026-09-11.md; agents/ru-kk-source-expansion-2026-09-11.csv"
"https://www.muftiyat.kz/kk/nasihat","Жұма мінбері ҚМДБ","ҚМДБ Уағыз-насихат бөлімі","kk","web","foundations","terms-review-required","500","false","https://www.muftiyat.kz/kk/nasihat","text/html; charset=utf-8","","upstream-error","","Rights/reuse note: REFERENCE_ONLY_PERMISSION_REQUIRED: сілтеме және қысқа метадерек; толық мәтінді рұқсатсыз алмау; Source category: этика; ислам негіздері; рухани тәрбие; Source format: мерзімді мәтіндік уағыздар; Ресми әрі өзекті, бірақ жанр мотивациялық; хадис дәрежесі мен бастапқы сілтемелер біркелкі емес; кәмелетке толмағандарға бейімдеу керек","agents/ru-kk-content-gap-analysis-2026-09-11.md; agents/ru-kk-source-expansion-2026-09-11.csv"
"https://www.muftyat.kz/kk/articles/qmdb/2026-01-13/47646-zhyildyi-esep---2025-muftiyat-baspasyinan-37-zhaa-ktap-zharyi-krd","2025 жылы шыққан 37 жаңа кітап туралы ресми есеп","ҚМДБ / Muftiyat баспасы","kk","web","foundations; quran","unknown-review-required","500","false","https://www.muftyat.kz/kk/articles/qmdb/2026-01-13/47646-zhyildyi-esep---2025-muftiyat-baspasyinan-37-zhaa-ktap-zharyi-krd","text/html; charset=utf-8","","upstream-error","","Rights/reuse note: METADATA_ONLY_PARTNERSHIP_CANDIDATE; Source category: ислам негіздері; Құран; отбасы; сира; этика; Source format: баспа портфелі туралы ресми есеп; Бұл тек портфель картасы; жеке кітаптардың авторы, рецензиясы және құқықтары бөлек сұралады","agents/ru-kk-source-expansion-2026-09-11.csv"
"https://www.muftyat.kz/kk/book/28695","Құран оқып - үйренейік!","ҚМДБ","ar; kk","web","arabic; quran","terms-review-required","500","false","https://www.muftyat.kz/kk/book/28695","text/html; charset=utf-8","","upstream-error","","Rights/reuse note: DOWNLOAD_AVAILABLE_RIGHTS_UNCLEAR: PDF ресми түрде жүктеледі; туынды/коммерциялық пайдалану құқығы көрсетілмеген; Source category: арабша оқу; Құран; тәжуид; Source format: 104 беттік PDF оқулық; Күшті тақырыптық реттілік, бірақ цифрлық бағалау, тыңдап ажырату және дыбыстық кері байланыс жоқ; кейбір қаріп белгілері ескі PDF-де бұзылады","agents/ru-kk-source-expansion-2026-09-11.csv"
"https://www.muftyat.kz/media/muftyat/967689_1387344824.pdf","«Иман негіздері» ҚМДБ","ҚМДБ","kk","course; web","foundations","terms-review-required","200","true","https://www.muftyat.kz/media/muftyat/967689_1387344824.pdf","application/pdf","Wed, 08 May 2019 20:22:07 GMT","reachable","","Rights/reuse note: DOWNLOAD_AVAILABLE_RIGHTS_UNCLEAR: ресми PDF; ашық лицензия жоқ; Source category: ислам негіздері; ақида; Source format: PDF монография/оқу кітабы; Дереккөздерге сүйенеді және жүйелі, бірақ интерактивті курс емес; кейбір тұжырымдарды жас ерекшелігіне бейімдеп, кеңес рецензиясынан өткізу керек","agents/ru-kk-content-gap-analysis-2026-09-11.md; agents/ru-kk-source-expansion-2026-09-11.csv"
"https://www.muftyat.kz/media/muftyat/book_6350.pdf","ҚМДБ оқу орындарының ресми тізімі/анықтамалығы","ҚМДБ","ar; kk","course","arabic; quran","unknown-review-required","200","true","https://www.muftyat.kz/media/muftyat/book_6350.pdf","application/pdf","Wed, 08 May 2019 19:54:46 GMT","reachable","","Rights/reuse note: METADATA_ONLY: сарапшы/серіктес картасы ретінде пайдалану; оқу мәтіні жоқ; Source category: оқу стандарттары; Құран; тәжуид; араб тілі; Source format: PDF анықтамалық; Бұл контент курстың өзі емес және ескі болуы мүмкін; байланыстар мен мәртебені қайта растау қажет","agents/ru-kk-source-expansion-2026-09-11.csv"
"https://www.muslim.kz/ru/videos/view/2204","Уроки таджуида: введение и понятие","ҚМДБ Астана өкілдігі / Muslim.kz","ar","video","arabic; tajwid","reference-or-link-only","200","true","https://www.muslim.kz/ru/videos/view/2204","text/html; charset=UTF-8","","reachable","","Rights/reuse note: LINK_OR_EMBED_ONLY_PERMISSION_REQUIRED: YouTube/сайт ойнатқышы; жүктеп қайта таратпау; Source category: тәжуид; арабша оқу; Source format: ресми видео сабақ; Автор көрсетілген; серияның толық syllabus-ы және рецензенттері бетте көрінбейді; бейне сапасын lesson-by-lesson бағалау керек","agents/ru-kk-source-expansion-2026-09-11.csv"
"https://www.nationalarchives.gov.uk/doc/open-government-licence/version/3","Education for a Connected World","UK Council for Internet Safety","en","web","foundations","terms-review-required","200","true","https://www.nationalarchives.gov.uk/doc/open-government-licence/version/3/","text/html","","reachable","","Open government publication terms apply; check document notice; Rights/reuse note: Open government publication terms apply; check document notice; Source format: Safety framework","agents/islamic-curricula-expansion-2026-09-11.csv"
"https://www.nmu.edu.kz/wp-content/uploads/2022/04/2019-2020-oku-zhylyna-arnalgan-bilim-beru-bagdarlamasy.pdf","6B02201 Исламтану бағдарламасы (2019-2020)","Нұр-Мүбарак университеті","ar; kk","web","arabic; foundations","unknown-review-required","200","true","https://www.nmu.edu.kz/wp-content/uploads/2022/04/2019-2020-oku-zhylyna-arnalgan-bilim-beru-bagdarlamasy.pdf","application/pdf","Sun, 07 Dec 2025 08:01:51 GMT","reachable","","Rights/reuse note: REFERENCE_ONLY; Source category: исламтану; араб тілі; теология; Source format: ресми PDF оқу бағдарламасы; Ескі нұсқа; тек тарихи салыстыруға жарайды; ағымдағы пән атауларын 2025 жоспарымен басым растау керек","agents/ru-kk-source-expansion-2026-09-11.csv"
"https://www.nmu.edu.kz/wp-content/uploads/2025/05/%D0%BC%D0%B0%D0%B3%D0%B8%D1%81%D1%82%D1%80%D0%B0%D1%82%D1%83%D1%80%D0%B0-%D0%98%D1%81%D0%BB%D0%B0%D0%BC%D1%82%D0%B0%D0%BD%D1%83-%D0%91%D0%91%D0%91.pdf","7M02201 Исламтану магистратурасына арналған араб тілі бағдарламасы","Нұр-Мүбарак университеті","ar; kk","web","arabic; foundations","terms-review-required","200","true","https://www.nmu.edu.kz/wp-content/uploads/2025/05/%D0%BC%D0%B0%D0%B3%D0%B8%D1%81%D1%82%D1%80%D0%B0%D1%82%D1%83%D1%80%D0%B0-%D0%98%D1%81%D0%BB%D0%B0%D0%BC%D1%82%D0%B0%D0%BD%D1%83-%D0%91%D0%91%D0%91.pdf","application/pdf","Sun, 07 Dec 2025 08:45:57 GMT","reachable","","Rights/reuse note: REFERENCE_ONLY_PERMISSION_REQUIRED; Source category: араб тілі; тыңдалым; оқылым; жазылым; сөйлеу; Source format: ресми PDF емтихан бағдарламасы; Бастаушы learner content емес; жоғары деңгейге арналған; нақты тапсырмалар мен бағалау шкаласын қолдануға рұқсат қажет","agents/ru-kk-source-expansion-2026-09-11.csv"
"https://www.nmu.edu.kz/wp-content/uploads/2025/12/BBB_6B.pdf","Нұр-Мүбарак curriculum","Нұр-Мүбарак Египет ислам мәдениеті университеті","ar; kk","course; web","arabic; foundations; hifz; quran","reference-or-link-only","200","true","https://www.nmu.edu.kz/wp-content/uploads/2025/12/BBB_6B.pdf","application/pdf","Fri, 19 Dec 2025 07:42:40 GMT","reachable","","Rights/reuse note: REFERENCE_ONLY_PERMISSION_REQUIRED: оқу жоспарын benchmark ету; мәтін/тапсырмаларды лицензиясыз алмау; Source category: араб тілі; Құран фонетикасы; жаттау; қырағат; ислам негіздері; тарих; Source format: 36 беттік ресми оқу жоспары; Ең мықты жергілікті curriculum map, бірақ бакалавр көлемі consumer app үшін тым терең; оқу нәтижелерін микросабақтарға қайта жобалау керек","agents/ru-kk-content-gap-analysis-2026-09-11.md; agents/ru-kk-source-expansion-2026-09-11.csv"
"https://www.open.edu/openlearn/education-development/introduction-arabic","Introduction to Arabic","Open University OpenLearn","ar","course","arabic; foundations; quran","unknown-review-required","403","false","https://www.open.edu/openlearn/education-development/introduction-arabic","text/html; charset=UTF-8","","access-controlled-or-bot-protected","","Free; Rights/reuse note: https://www.open.edu/openlearn/education-development/introduction-arabic/altformat-printable; Source category: Open course; Source format: Open web course and downloadable formats","agents/muslingo_course_source_table_2026-09-10.csv; agents/muslingo_quranic_arabic_course_research_2026-09-10.md"
"https://www.open.edu/openlearn/education-development/introduction-arabic/altformat-printable","Introduction to Arabic","Open University OpenLearn","ar","course","arabic; foundations; quran","unknown-review-required","403","false","https://www.open.edu/openlearn/education-development/introduction-arabic/altformat-printable","text/html; charset=UTF-8","","access-controlled-or-bot-protected","","Free; Rights/reuse note: https://www.open.edu/openlearn/education-development/introduction-arabic/altformat-printable; Source category: Open course; Source format: Open web course and downloadable formats","agents/muslingo_course_source_table_2026-09-10.csv; agents/muslingo_quranic_arabic_course_research_2026-09-10.md"
"https://www.pimsleur.com/","Official method and product","","unspecified","web","pedagogy","reference-or-link-only","200","true","https://www.pimsleur.com/","text/html","Wed, 09 Sep 2026 17:26:17 GMT","reachable","","","agents/product-benchmark-gap-analysis-2026-09-11.md"
"https://www.qalam.institute/hifdh","Full-Time Hifdh Program","Qalam Institute","ar; en","course","arabic; foundations","terms-review-required","200","true","https://www.qalam.institute/hifdh","text/html;charset=utf-8","","reachable","","Program materials copyrighted; no open reuse licence; Rights/reuse note: Program materials copyrighted; no open reuse licence; Source format: Academy","agents/islamic-curricula-expansion-2026-09-11.csv"
"https://www.qalam.institute/online-class-recordings","class recordings","Qalam Institute","ar; en","video; web","arabic; foundations","terms-review-required","200","true","https://www.qalam.institute/online-class-recordings","text/html;charset=utf-8","","reachable","","Named instructors, long-running serialized audio and seminary context; Rights/reuse note: Qalam terms restrict derivatives and resale; sharing official recordings may be encouraged case-by-case; Source format: Public lecture/podcast archive","agents/muslingo-islamic-studies-curricula-research.md; agents/video-audio-source-expansion-2026-09-11.csv"
"https://www.qalam.institute/quran-intensive","Qur’an Intensive","","unspecified","web","foundations","unknown-review-required","200","true","https://www.qalam.institute/quran-intensive","text/html;charset=utf-8","","reachable","","","agents/muslingo-islamic-studies-curricula-research.md"
"https://www.qalam.institute/ramadan-resources","Ramadan Resources","","unspecified","web","foundations","unknown-review-required","200","true","https://www.qalam.institute/ramadan-resources","text/html;charset=utf-8","","reachable","","","agents/muslingo-islamic-studies-curricula-research.md"
"https://www.qalam.institute/seerah-intensive","Seerah Intensive","","unspecified","web","foundations","unknown-review-required","200","true","https://www.qalam.institute/seerah-intensive","text/html;charset=utf-8","","reachable","","","agents/muslingo-islamic-studies-curricula-research.md"
"https://www.qalam.institute/terms-conditions","Qalam Seminary Curriculum","Qalam Institute","ar; en","audio; course; web","arabic; foundations","restricted-or-permission-required; terms-review-required","200","true","https://www.qalam.institute/terms-conditions","text/html;charset=utf-8","","reachable","","Copyrighted syllabus and instruction; permission required; Program materials copyrighted; no open reuse licence; Rights/reuse note: Copyrighted syllabus and instruction; permission required; Rights/reuse note: Program materials copyrighted; no open reuse licence; Rights/reuse note: Sharing recordings is encouraged but derivative or commercial reuse requires permission; Sharing recordings is encouraged but derivative or commercial reuse requires permission; Source format: Academy; Source format: Institute; Source format: Seminary","agents/islamic-curricula-expansion-2026-09-11.csv; agents/muslingo-islamic-studies-curricula-research.md"
"https://www.qalaminstitute.org/seerah","Seerah Podcast and Course","Qalam Institute","en","audio; web","foundations","terms-review-required","200","true","https://www.qalaminstitute.org/seerah/","text/html; charset=UTF-8","","reachable","","Rights/reuse note: Sharing recordings is encouraged but derivative or commercial reuse requires permission; Sharing recordings is encouraged but derivative or commercial reuse requires permission; Source format: Institute","agents/islamic-curricula-expansion-2026-09-11.csv; agents/muslingo-islamic-studies-curricula-research.md"
"https://www.qalaminstitute.org/wp-content/uploads/Syllabus-1.pdf","Seminary syllabus","Qalam Institute","ar; en","course","arabic; foundations","restricted-or-permission-required","200","true","https://www.qalaminstitute.org/wp-content/uploads/Syllabus-1.pdf","application/pdf","Sun, 29 Sep 2019 06:29:41 GMT","reachable","","Copyrighted syllabus and instruction; permission required; Rights/reuse note: Copyrighted syllabus and instruction; permission required; Source format: Seminary","agents/foundations-curriculum-gap-analysis-2026-09-11.md; agents/islamic-curricula-expansion-2026-09-11.csv"
"https://www.quranly.app/","Product home","Quranly","unspecified","web","foundations; pedagogy; quran; tajwid","unknown-review-required","200","true","https://www.quranly.app/","text/html","Wed, 01 Apr 2026 23:20:08 GMT","reachable","","Habits, goals, progress and social accountability; Reference product behavior only; Rights/reuse note: Proprietary; Rights/reuse note: Reference product behavior only; Source category: habit","agents/muslingo-competitive-pedagogy-2026-09-10.md; agents/muslingo_quran_tajwid_sources_2026-09-10.csv; islamic-source-catalog-2026-09-10.csv; islamic-source-metadata-2026-09-10.json; islamic-source-seeds.json; muslingo-content-landscape-2026-09-10.md"
"https://www.quranly.app/blog/quran-recitation-busy-life","Quran recitation in a busy life","","unspecified","audio","pedagogy; quran; tajwid","unknown-review-required","200","true","https://www.quranly.app/blog/quran-recitation-busy-life","text/html","Wed, 01 Apr 2026 23:29:07 GMT","reachable","","","agents/muslingo-competitive-pedagogy-2026-09-10.md"
"https://www.quranly.app/blog/quranly-everything-you-need-to-know","Everything you need to know","","unspecified","web","pedagogy","unknown-review-required","200","true","https://www.quranly.app/blog/quranly-everything-you-need-to-know","text/html","Wed, 01 Apr 2026 23:20:07 GMT","reachable","","","agents/muslingo-competitive-pedagogy-2026-09-10.md"
"https://www.safaracademy.org/curriculum","Safar Publications","","unspecified","course","foundations; pedagogy","reference-or-link-only","403","false","https://www.safaracademy.org/curriculum","text/html","","access-controlled-or-bot-protected","","","agents/muslingo-islamic-studies-curricula-research.md; agents/product-benchmark-gap-analysis-2026-09-11.md"
"https://www.spa.gov.sa/en/N2087650","Maqraa language/service announcement","Saudi Press Agency","unspecified","web","quran; tajwid","reference-or-link-only","200","true","https://www.spa.gov.sa/en/N2087650","text/html; charset=utf-8","","reachable","","Rights/reuse note: Reference only; Service languages and official positioning","agents/muslingo_quran_tajwid_sources_2026-09-10.csv"
"https://www.tasmi.app/","Tasmi","Tasmi","ar; en","video","arabic; hifz; pedagogy; quran; tajwid","terms-review-required","200","true","https://www.tasmi.app/","text/html; charset=utf-8","Thu, 10 Sep 2026 07:40:02 GMT","reachable","","No-signup Al-Fatihah trial, word-level matched/missed/wrong feedback, explicit honesty that it does not grade tajwid; Rights/reuse note: Proprietary; no open model/content reuse license located; Source format: Voice-learning web app","agents/video-audio-content-analysis-2026-09-11.md; agents/video-audio-source-expansion-2026-09-11.csv"
"https://www.w3.org/TR/WCAG22","WCAG 2.2","","unspecified","web","pedagogy","unknown-review-required","200","true","https://www.w3.org/TR/WCAG22/","text/html; charset=utf-8","Thu, 12 Dec 2024 10:36:22 GMT","reachable","","Rights/reuse note: W3C document licence permits use with attribution; official normative text openly available.; Source category: Digital accessibility","agents/learning-science-evidence-2026-09-11.csv; agents/learning-science-gap-analysis-2026-09-11.md"
"https://www.youtube.com/@AlHudaInstitute","","AlHuda International","ar; en; ur","video","arabic; pedagogy","terms-review-required","200","true","https://www.youtube.com/@AlHudaInstitute","text/html; charset=utf-8","","reachable","","Connected to structured certificates, assignments, oral/live learning and named instructors; Rights/reuse note: YouTube Standard License; no open adaptation license found; Source format: YouTube official channel","agents/video-audio-source-expansion-2026-09-11.csv"
"https://www.youtube.com/@AMAUofficial","","AMAU Academy","ar; en","video","arabic","terms-review-required","200","true","https://www.youtube.com/@AMAUofficial","text/html; charset=utf-8","","reachable","","Named instructors, structured subscription programs and classical texts; Rights/reuse note: YouTube Standard License; AMAU terms grant personal non-commercial access only; Source format: YouTube official channel","agents/video-audio-source-expansion-2026-09-11.csv"
"https://www.youtube.com/@Arabic101","Official YouTube channel","Arabic 101","ar; en","video","arabic; foundations; quran; tajwid","reference-or-link-only; terms-review-required","200","true","https://www.youtube.com/@Arabic101","text/html; charset=utf-8","","reachable","","Arabic/Quran/Tajwid video catalogue; Embed/link under YouTube terms; do not download or repackage; Large structured catalogue; specialist explanations; academy pathway; examples from Quran; Rights/reuse note: Embed/link under YouTube terms; do not download or repackage; Rights/reuse note: Official player only; Rights/reuse note: YouTube Standard License by default; per-video CC status must be checked; no blanket reuse; Source category: video-tajwid; Source format: YouTube official channel","agents/muslingo_quran_tajwid_sources_2026-09-10.csv; agents/video-audio-source-expansion-2026-09-11.csv; islamic-source-catalog-2026-09-10.csv; islamic-source-metadata-2026-09-10.json; islamic-source-seeds.json"
"https://www.youtube.com/@arabic101russian","","Arabic 101","ar; ru","video","arabic","terms-review-required","200","true","https://www.youtube.com/@arabic101russian","text/html; charset=utf-8","","reachable","","Rights/reuse note: YouTube Standard License by default; per-video license check required; Russian localization from the Arabic101 publisher; directly relevant to Muslingo's Russian-speaking audience; Source format: YouTube official language channel","agents/video-audio-source-expansion-2026-09-11.csv"
"https://www.youtube.com/@arabicunlocked","","Arabic Unlocked","ar; en","video","arabic; pedagogy","terms-review-required","200","true","https://www.youtube.com/@arabicunlocked","text/html; charset=utf-8","","reachable","","Product-linked instruction and vocabulary orientation; Rights/reuse note: YouTube Standard License by default; product material proprietary; Source format: YouTube official channel","agents/video-audio-source-expansion-2026-09-11.csv"
"https://www.youtube.com/@bayyinah","Bayyinah Institute YouTube","","ar","video","arabic; foundations; quran","reference-or-link-only","200","true","https://www.youtube.com/@bayyinah","text/html; charset=utf-8","","reachable","","Embed/link under YouTube terms; do not download or repackage; Rights/reuse note: Embed/link under YouTube terms; do not download or repackage; Source category: video-quranic-arabic","islamic-source-catalog-2026-09-10.csv; islamic-source-metadata-2026-09-10.json; islamic-source-seeds.json"
"https://www.youtube.com/@firdawsacademy8850","","Firdaws Academy","ar; en","video","arabic; foundations","terms-review-required","200","true","https://www.youtube.com/@firdawsacademy8850","text/html; charset=utf-8","","reachable","","Linked to public curriculum books and named ijazah/Al-Azhar teacher profiles; Rights/reuse note: YouTube Standard License by default; academy material proprietary unless explicitly downloadable for stated use; Source format: YouTube official channel","agents/video-audio-source-expansion-2026-09-11.csv"
"https://www.youtube.com/@FreeQuranEducation","","Free Quran Education","en; ur","video","quran","open-with-conditions","200","true","https://www.youtube.com/@FreeQuranEducation","text/html; charset=utf-8","","reachable","","Large multilingual animation catalogue and curated teachers; high visual clarity; Rights/reuse note: YouTube Standard License unless individual item states CC BY; no blanket commercial reuse confirmed; Source format: YouTube official channel","agents/video-audio-source-expansion-2026-09-11.csv"
"https://www.youtube.com/@hafizonacademy","","Hafizon Academy","ar; en","video","arabic; hifz","terms-review-required","200","true","https://www.youtube.com/@hafizonacademy","text/html; charset=utf-8","","reachable","","Academy claims ijazah/sanad teachers and structured one-to-one hifz; Rights/reuse note: YouTube Standard License; academy content proprietary; Source format: YouTube official channel","agents/video-audio-source-expansion-2026-09-11.csv"
"https://www.youtube.com/@iqranetwork","","IQRA Network","ar; en","video","arabic","terms-review-required","200","true","https://www.youtube.com/@iqranetwork","text/html; charset=utf-8","","reachable","","Long-running education publisher; direct course/platform connection; Rights/reuse note: YouTube Standard License; no blanket reuse license found; Source format: YouTube official channel","agents/video-audio-source-expansion-2026-09-11.csv"
"https://www.youtube.com/@LearnQuranicArabic","Learn Quranic Arabic YouTube","","ar","video","arabic; foundations; quran","reference-or-link-only","200","true","https://www.youtube.com/@LearnQuranicArabic","text/html; charset=utf-8","","reachable","","Embed/link under YouTube terms; do not download or repackage; Rights/reuse note: Embed/link under YouTube terms; do not download or repackage; Source category: video-quranic-arabic","islamic-source-catalog-2026-09-10.csv; islamic-source-metadata-2026-09-10.json; islamic-source-seeds.json"
"https://www.youtube.com/@maqraa","","maqraa.org","ar","video","arabic; quran","terms-review-required","200","true","https://www.youtube.com/@maqraa","text/html; charset=utf-8","","reachable","","Open-source Quran teaching platform linked to live circles; Rights/reuse note: YouTube Standard License for videos; platform code/content licenses must be checked separately; Source format: YouTube official channel","agents/video-audio-source-expansion-2026-09-11.csv"
"https://www.youtube.com/@Quran.com.official","","Quran.Foundation / Quran.com","ar; en","video","arabic; quran","terms-review-required","200","true","https://www.youtube.com/@Quran.com.official","text/html; charset=utf-8","","reachable","","Nonprofit Quran.Foundation provenance and named reciters; Rights/reuse note: YouTube Standard License unless item states otherwise; Quran.com developer terms separately govern API content; Source format: YouTube official channel","agents/video-audio-source-expansion-2026-09-11.csv"
"https://www.youtube.com/@Qurancentral-islam","","Quran Central / Muslim Central","ar; en","video","arabic; quran","terms-review-required","200","true","https://www.youtube.com/@Qurancentral-islam","text/html; charset=utf-8","","reachable","","Connected to a 600+ reciter catalogue and ad-free audio platform; Rights/reuse note: YouTube Standard License; underlying reciter rights may vary; Source format: YouTube official channel","agents/video-audio-source-expansion-2026-09-11.csv"
"https://www.youtube.com/@quranicapp","","Quranic","ar; en","video","arabic; pedagogy; quran","terms-review-required","200","true","https://www.youtube.com/@quranicapp","text/html; charset=utf-8","","reachable","","Frequency-first vocabulary and Quran-context learning product; Rights/reuse note: YouTube Standard License; Quranic service/content proprietary; Source format: YouTube official product channel","agents/video-audio-source-expansion-2026-09-11.csv"
"https://www.youtube.com/@QuranRevolution","Official YouTube channel","Quran Flow","unspecified","video","pedagogy; quran; tajwid","reference-or-link-only","404","false","https://www.youtube.com/@QuranRevolution","text/html; charset=utf-8","","stale-or-removed","","Recitation and Tajwid-oriented videos; Rights/reuse note: Official player + product terms","agents/muslingo_quran_tajwid_sources_2026-09-10.csv"
"https://www.youtube.com/@seekersguidanceorg","","SeekersGuidance","ar; en","video","arabic","restricted-or-permission-required","200","true","https://www.youtube.com/seekersguidanceorg","text/html; charset=utf-8","","reachable","","Named classically trained faculty and structured academy tracks; Rights/reuse note: YouTube Standard License; academy footer is all rights reserved; Source format: YouTube official channel","agents/video-audio-source-expansion-2026-09-11.csv"
"https://www.youtube.com/@tarteelai","","Tarteel AI","ar; en","video","arabic; hifz; pedagogy","terms-review-required","200","true","https://www.youtube.com/@tarteelai","text/html; charset=utf-8","","reachable","","Direct demonstrations of voice follow-along, mistake detection and memorization workflows; Rights/reuse note: YouTube Standard License by default; Tarteel product/content proprietary; Source format: YouTube official channel","agents/video-audio-source-expansion-2026-09-11.csv"
"https://www.youtube.com/@understandquran","Official YouTube channel","Understand Al-Quran","ar; en; ur","video","arabic; quran; tajwid","reference-or-link-only; terms-review-required","200","true","https://www.youtube.com/@understandquran","text/html; charset=utf-8","","reachable","","Named founder Dr AbdulAzeez AbdulRaheem; worksheets, quizzes and course pages accompany videos; Rights/reuse note: Official player + academy terms; Rights/reuse note: YouTube Standard License by default; academy terms do not grant adaptation rights; Source format: YouTube official channel; Tajwid/Quran lessons","agents/muslingo_quran_tajwid_sources_2026-09-10.csv; agents/video-audio-source-expansion-2026-09-11.csv"
"https://www.youtube.com/@WisamSharieff","","Wisam Sharieff","ar; en","video","arabic; tajwid","terms-review-required","200","true","https://www.youtube.com/@WisamSharieff","text/html; charset=utf-8","","reachable","","Rights/reuse note: YouTube Standard License by default; no open reuse grant found; Source format: YouTube teacher channel; Specialist recitation teacher and applied oral instruction","agents/video-audio-source-expansion-2026-09-11.csv"
"https://www.youtube.com/@yaqeeninstituteofficial","Yaqeen Institute YouTube","","unspecified","video","foundations","reference-or-link-only","200","true","https://www.youtube.com/@yaqeeninstituteofficial","text/html; charset=utf-8","","reachable","","Embed/link under YouTube terms; do not download or repackage; Rights/reuse note: Embed/link under YouTube terms; do not download or repackage; Source category: video-islamic-studies","islamic-source-catalog-2026-09-10.csv; islamic-source-metadata-2026-09-10.json; islamic-source-seeds.json"
"https://www.youtube.com/@zayenhah","","Zayenha Hub","ar","video","arabic; pedagogy; quran","terms-review-required","200","true","https://www.youtube.com/@zayenhah","text/html; charset=utf-8","","reachable","","Connected to a free structured Quran web product with 1,076 cards and 42 tools claimed on its primary page; Rights/reuse note: YouTube Standard License; site content has no blanket open reuse statement located; Source format: YouTube official channel","agents/video-audio-source-expansion-2026-09-11.csv"
"https://www.youtube.com/channel/UCd321Kctv53F5c9lpxgOywg/videos","","MP3Quran.net","ar","video","arabic; quran; tajwid","terms-review-required","200","true","https://www.youtube.com/channel/UCd321Kctv53F5c9lpxgOywg/videos","text/html; charset=utf-8","","reachable","","Connected to a specialist recitation library and public API; Rights/reuse note: YouTube Standard License for YouTube items; mp3quran.net separately publishes broad site-material permission; Source format: YouTube official channel","agents/video-audio-source-expansion-2026-09-11.csv"
"https://www.youtube.com/playlist?list=PL62RQxDpIL7UENpFx6PwyxyHxdRBzfMst","","Understand Al-Quran Academy","ar; en","video","arabic; hifz; quran","open-with-conditions","200","true","https://www.youtube.com/playlist?list=PL62RQxDpIL7UENpFx6PwyxyHxdRBzfMst","text/html; charset=utf-8","","reachable","","Combines memorization with meaning rather than repetition alone; Rights/reuse note: YouTube Standard License unless per-video metadata says CC BY; Source format: YouTube official playlist","agents/video-audio-source-expansion-2026-09-11.csv"
"https://www.youtube.com/playlist?list=PL6TlMIZ5ylgobWotOkJ0HQqNPB3gkga8M","","Arabic 101","ar; en","video","arabic; pedagogy","open-with-conditions","200","true","https://www.youtube.com/playlist?list=PL6TlMIZ5ylgobWotOkJ0HQqNPB3gkga8M","text/html; charset=utf-8","","reachable","","Rights/reuse note: YouTube Standard License unless an individual video states CC BY; Single-purpose sequence from a specialist publisher; better learning coherence than channel-wide browsing; Source format: YouTube official playlist","agents/video-audio-source-expansion-2026-09-11.csv"
"https://www.youtube.com/playlist?list=PL6TlMIZ5ylgq6HSz0cf5m6dPuyAGw8h1s","","Arabic 101","ar; en","video","arabic","terms-review-required","200","true","https://www.youtube.com/playlist?list=PL6TlMIZ5ylgq6HSz0cf5m6dPuyAGw8h1s","text/html; charset=utf-8","","reachable","","Rare systematic emphasis on waqf/ibtida and semantic consequences; Rights/reuse note: YouTube Standard License unless marked otherwise; Source format: YouTube official playlist","agents/video-audio-source-expansion-2026-09-11.csv"
"https://www.youtube.com/playlist?list=PL6TlMIZ5ylgrtqN60yWKuS6xvPDUx6cNZ","Quranic Grammar Made Easy","Arabic101","ar","video","arabic; quran","unknown-review-required","200","true","https://www.youtube.com/playlist?list=PL6TlMIZ5ylgrtqN60yWKuS6xvPDUx6cNZ","text/html; charset=utf-8","","reachable","","Free to view; Rights/reuse note: https://store.arabic101.org/85landing/; Source category: Official playlist; Source format: YouTube playlist","agents/muslingo_course_source_table_2026-09-10.csv; agents/muslingo_quranic_arabic_course_research_2026-09-10.md"
"https://www.youtube.com/playlist?list=PLjMqEsi-8yLmZRhOZWwVYCOnvV57dHmYU","","Tarteel AI","en","video","pedagogy","terms-review-required","200","true","https://www.youtube.com/playlist?list=PLjMqEsi-8yLmZRhOZWwVYCOnvV57dHmYU","text/html; charset=utf-8","","reachable","","Concrete end-to-end product explanations from the product owner; Rights/reuse note: YouTube Standard License unless an item states otherwise; Source format: YouTube official playlist","agents/video-audio-source-expansion-2026-09-11.csv"
"https://www.youtube.com/playlist?list=PLutdSTmJ7bAKZdXPAjG3-T7OuByMRYa6z","Dream beginner intensives","Bayyinah","ar","video","arabic; quran","terms-review-required","200","true","https://www.youtube.com/playlist?list=PLutdSTmJ7bAKZdXPAjG3-T7OuByMRYa6z","text/html; charset=utf-8","","reachable","","Free to view; Rights/reuse note: https://bayyinah.com/terms-and-conditions/; Source category: Official playlist; Source format: YouTube playlist","agents/muslingo_course_source_table_2026-09-10.csv; agents/muslingo_quranic_arabic_course_research_2026-09-10.md"
"https://www.youtube.com/playlist?list=PLwNeHLk_z0aRONF0cp4pg4seLhD-Ogwr1","","Free Quran Education","ar; ur","video","arabic; quran","terms-review-required","200","true","https://www.youtube.com/playlist?list=PLwNeHLk_z0aRONF0cp4pg4seLhD-Ogwr1","text/html; charset=utf-8","","reachable","","Explicit course playlist rather than mixed channel feed; Rights/reuse note: YouTube Standard License unless per-video metadata states otherwise; Source format: YouTube official playlist","agents/video-audio-source-expansion-2026-09-11.csv"
"https://www.youtube.com/studioarabiya","","Studio Arabiya","ar; en","video","arabic","restricted-or-permission-required","200","true","https://www.youtube.com/studioarabiya","text/html; charset=utf-8","","reachable","","Cross-linked to licensed-teacher, structured-course and practice-center offerings; Rights/reuse note: YouTube Standard License; Studio Arabiya states all rights reserved; Source format: YouTube official channel","agents/video-audio-source-expansion-2026-09-11.csv"
"https://www.youtube.com/t/terms","Terms of Service","YouTube","unspecified","video","quran; tajwid","reference-or-link-only","200","true","https://www.youtube.com/t/terms","text/html; charset=utf-8","","reachable","","Embedded-player/personal-viewing scope and restrictions; Rights/reuse note: No copying/downloading absent permission","agents/muslingo_quran_tajwid_sources_2026-09-10.csv"
"https://www.youtube.com/user/BayyinahInstitute","","Bayyinah","ar; en","video","arabic; pedagogy","restricted-or-permission-required","200","true","https://www.youtube.com/user/BayyinahInstitute","text/html; charset=utf-8","","reachable","","Named teacher and established research/teaching organization; strong contextual explanation; Rights/reuse note: YouTube Standard License by default; Bayyinah terms prohibit reproduction/distribution/modification without consent; Source format: YouTube official channel","agents/video-audio-source-expansion-2026-09-11.csv"
"https://www.youtube.com/user/MadinahArabic","","Madinah Arabic","ar; en","video","arabic","terms-review-required","200","true","https://www.youtube.com/user/MadinahArabic","text/html; charset=utf-8","","reachable","","Free lessons aligned to a cumulative Arabic course; frequent examples and drills; Rights/reuse note: YouTube Standard License by default; site does not grant open audiovisual reuse; Source format: YouTube official channel","agents/video-audio-source-expansion-2026-09-11.csv"
"https://www.youtube.com/user/QalamInstitute","","Qalam Institute","ar; en","video","arabic","terms-review-required","200","true","https://www.youtube.com/user/QalamInstitute","text/html; charset=utf-8","","reachable","","Rights/reuse note: YouTube Standard License; Qalam terms restrict derivatives/resale; Seminary-linked named instructors and deep lecture series; Source format: YouTube official channel","agents/video-audio-source-expansion-2026-09-11.csv"
"https://www.youtube.com/user/qurantaif","","Furqan Association for Quran Memorization in Taif","ar","video","arabic; hifz; quran","terms-review-required","200","true","https://www.youtube.com/user/qurantaif","text/html; charset=utf-8","","reachable","","Registered association context and direct link to live Quran circles; Rights/reuse note: YouTube Standard License; association site gives no open audiovisual reuse grant; Source format: YouTube official channel","agents/video-audio-source-expansion-2026-09-11.csv"
"https://www.youtube.com/watch?v=5g6QS67UsmQ","Madinah Arabic Alphabet Video","","ar","video","arabic; foundations","reference-or-link-only","200","true","https://www.youtube.com/watch?v=5g6QS67UsmQ","text/html; charset=utf-8","","reachable","","Embed/link under YouTube terms; do not download or repackage; Rights/reuse note: Embed/link under YouTube terms; do not download or repackage; Source category: video-arabic","islamic-source-catalog-2026-09-10.csv; islamic-source-metadata-2026-09-10.json; islamic-source-seeds.json"
"https://www.youtube.com/watch?v=IF953GVMxG8","Қазақша Құран тыңдау және жаттау арнасы","Quran Ayati / Қазақстан қарилары","ar; kk","video","arabic; hifz; quran","reference-or-link-only","200","true","https://www.youtube.com/watch?v=IF953GVMxG8","text/html; charset=utf-8","","reachable","","Rights/reuse note: BENCHMARK_OR_EMBED_ONLY: YouTube шарттары; құқық иесінен және әр қаридан рұқсатсыз аудионы импорттамау; Source category: Құран аудио; жаттау; дұға; Source format: YouTube бейне/аудио; Verified creator және үлкен қамту, бірақ духовное управление мәртебесі/әр жазба құқығы дәлелденбеген; емдік/мистикалық нәтиже уәделерін Muslingo қабылдамауы тиіс","agents/ru-kk-source-expansion-2026-09-11.csv"
"https://www.youtube.com/watch?v=yZXkojgdCSI","Видео о запуске русскоязычного онлайн-медресе","Хузур ТВ / ДУМ РТ","ru","video","foundations; pedagogy","reference-or-link-only","200","true","https://www.youtube.com/watch?v=yZXkojgdCSI","text/html; charset=utf-8","","reachable","","Rights/reuse note: LINK_OR_EMBED_ONLY: YouTube Terms; no downloading/repackaging; Source category: основы ислама; product pedagogy; Source format: официальное YouTube видео; Подтверждает provenance, но не оценивает качество конкретных уроков","agents/ru-kk-source-expansion-2026-09-11.csv"
"https://www2.mqa.gov.my/QAD/garispanduan/2019/PS%20Islamic%20Studies/17.%20PS%20-%20Islamic%20Studies_BI%20-%20%5BFB%5D.pdf","Programme Standards Islamic Studies","Malaysian Qualifications Agency","en","course","foundations","unknown-review-required","200","true","https://www2.mqa.gov.my/QAD/garispanduan/2019/PS%20Islamic%20Studies/17.%20PS%20-%20Islamic%20Studies_BI%20-%20%5BFB%5D.pdf","application/pdf","Tue, 08 Jan 2019 10:47:32 GMT","reachable","","Official PDF; no explicit open commercial adaptation licence; Rights/reuse note: Official PDF; no explicit open commercial adaptation licence; Source format: Government quality-assurance body","agents/islamic-curricula-expansion-2026-09-11.csv"
"https://yaqeeninstitute.org/about-us/our-commitment-to-scholarly-rigor","Yaqeen Curriculum","Yaqeen Institute","en","course; web","foundations; pedagogy","reference-or-link-only; restricted-or-permission-required","200","true","https://yaqeeninstitute.org/about-us/our-commitment-to-scholarly-rigor","text/html; charset=utf-8","","reachable","","Free access does not establish open commercial adaptation rights; permission required; Rights/reuse note: Free access does not establish open commercial adaptation rights; permission required; Source format: Research institute","agents/islamic-curricula-expansion-2026-09-11.csv; agents/muslingo-islamic-studies-curricula-research.md; agents/product-benchmark-gap-analysis-2026-09-11.md"
"https://yaqeeninstitute.org/curriculum","Yaqeen Curriculum","Yaqeen Institute","en","course","foundations; pedagogy","reference-or-link-only; restricted-or-permission-required; terms-review-required","200","true","https://yaqeeninstitute.org/curriculum","text/html; charset=utf-8","","reachable","","Free access does not establish open commercial adaptation rights; permission required; Proprietary teaching material; license or partnership required; Rights/reuse note: Free access does not establish open commercial adaptation rights; permission required; Rights/reuse note: Proprietary teaching material; license or partnership required; Source category: islamic-studies; Source format: Research institute","agents/islamic-curricula-expansion-2026-09-11.csv; agents/muslingo-islamic-studies-curricula-research.md; agents/product-benchmark-gap-analysis-2026-09-11.md; islamic-source-catalog-2026-09-10.csv; islamic-source-metadata-2026-09-10.json; islamic-source-seeds.json; muslingo-content-landscape-2026-09-10.md"
"https://yaqeeninstitute.org/curriculum/the-everyday-ethics-of-life/decoding-media","Decoding Media: An Islamic Framework for Truth and Information","Yaqeen Institute","en","course","foundations","unknown-review-required","200","true","https://yaqeeninstitute.org/curriculum/the-everyday-ethics-of-life/decoding-media","text/html; charset=utf-8","","reachable","","Free download; no clear commercial derivative licence; Rights/reuse note: Free download; no clear commercial derivative licence; Source format: Research institute","agents/foundations-curriculum-gap-analysis-2026-09-11.md; agents/islamic-curricula-expansion-2026-09-11.csv"
"https://yaqeeninstitute.org/curriculum/the-everyday-ethics-of-life/the-morality-toolkit","The morality toolkit","","unspecified","course","uncategorized","unknown-review-required","200","true","https://yaqeeninstitute.org/curriculum/the-everyday-ethics-of-life/the-morality-toolkit","text/html; charset=utf-8","","reachable","","","muslingo-content-landscape-2026-09-10.md"
"https://youtube.com/playlist?list=PLjMqEsi-8yLmZRhOZWwVYCOnvV57dHmYU","Official tutorials playlist","Tarteel AI","unspecified","video","quran; tajwid","reference-or-link-only","200","true","https://www.youtube.com/playlist?list=PLjMqEsi-8yLmZRhOZWwVYCOnvV57dHmYU","text/html; charset=utf-8","","reachable","","Listening feature tutorials; Rights/reuse note: Official player only","agents/muslingo_quran_tajwid_sources_2026-09-10.csv"
"https://zad-academy.com/en","Zad Academy","","unspecified","course","foundations","unknown-review-required","200","true","https://zad-academy.com/en","text/html; charset=utf-8","","reachable","","","agents/muslingo-islamic-studies-curricula-research.md"
"https://zad-academy.com/en/about","Mission & Vision","","unspecified","course","foundations","unknown-review-required","200","true","https://zad-academy.com/en/about","text/html; charset=utf-8","","reachable","","","agents/muslingo-islamic-studies-curricula-research.md"
"https://zad-academy.com/en/curriculum","curriculum","Zad Academy","en","course","foundations; pedagogy","reference-or-link-only; terms-review-required","200","true","https://zad-academy.com/en/curriculum","text/html; charset=utf-8","","reachable","","Free to study; books and content not openly licensed for commercial reuse; Rights/reuse note: Free to study; books and content not openly licensed for commercial reuse; Source format: Online academy","agents/foundations-curriculum-gap-analysis-2026-09-11.md; agents/islamic-curricula-expansion-2026-09-11.csv; agents/muslingo-islamic-studies-curricula-research.md; agents/product-benchmark-gap-analysis-2026-09-11.md"
"https://zad-academy.com/en/faculty-members","Faculty Members","","unspecified","course","foundations","unknown-review-required","200","true","https://zad-academy.com/en/faculty-members","text/html; charset=utf-8","","reachable","","","agents/muslingo-islamic-studies-curricula-research.md"
"https://zad-academy.com/en/register","Registration","","unspecified","course","foundations","unknown-review-required","200","true","https://zad-academy.com/en/register","text/html; charset=utf-8","","reachable","","","agents/muslingo-islamic-studies-curricula-research.md"
"https://zad-academy.com/en/zad-books","Zad Knowledge Series","","unspecified","course","foundations","unknown-review-required","200","true","https://zad-academy.com/en/zad-books","text/html; charset=utf-8","","reachable","","","agents/muslingo-islamic-studies-curricula-research.md"
"https://zad-books.com/en/wAnDRPy","The Zad Academy Series—English Edition, All Four Levels","","en","course","foundations","unknown-review-required","403","false","https://zad-books.com/en/wAnDRPy","text/html; charset=UTF-8","","access-controlled-or-bot-protected","","","agents/muslingo-islamic-studies-curricula-research.md"
